"Name,""Architecture"",""Manufacturer"",""Year"",""Memory (MB)"",""Memory_Bandwidth (GB/sec)"",""Memory_Bus (Bit)"",""Memory_Speed (MHz)"""
"GeForce GTS 150,""Tesla G92b"",""Nvidia"",2009,1024,64,256,1000"
"Radeon HD 2900 XT 512MB,""R600 XT"",""AMD"",2007,512,106,512,828"
"Radeon HD 2900 Pro,""R600 PRO"",""AMD"",2007,512,51.2,256,800"
"Radeon HD 2600 XT Diamond Edition,""RV630"",""AMD"",2007,256,36.8,128,1150"
"Radeon HD 2600 XT,""RV630"",""AMD"",2007,256,22.4,128,700"
"Radeon HD 2600 XT 256MB GDDR4,""RV630"",""AMD"",2007,256,35.2,128,1100"
"Radeon HD 4890 Sapphire Vapor-X OC 2GB Edition,""R700 RV790 XT"",""AMD"",2009,2048,134.4,256,1050"
"Radeon HD 2900 GT,""R600 GT"",""AMD"",2007,256,51.2,256,800"
"FirePro D300,""Pitcairn XT GL"",""AMD"",2014,2048,160,256,1250"
"Radeon 7000 64mb,""RV100"",""AMD"",2001,64,2.9,64,366"
"Quadro4 980 XGL,""NV28GL A2"",""Nvidia"",2002,128,5.2,128,325"
"Tesla M2090,""Fermi GF110"",""Nvidia"",2011,6144,177.6,384,925"
"Tesla K20,""Kepler GK110"",""Nvidia"",2012,5120,168,320,1050"
"Tesla K40c,""Kepler GK110"",""Nvidia"",2013,12288,288.4,384,1502"
"All-in-Wonder Radeon 7500,""RV200"",""AMD"",2002,64,5.8,128,360"
"Radeon R7 250 v2 MSI OC 2GB + Radeon R7 7870K Dual,""GCN 1.1 Oland XT + Kaveri"",""AMD"",2015,3072,57.6,128,900"
"Tesla K10,""Kepler GK104 x2"",""Nvidia"",2012,8192,320,512,1250"
"Tesla K20X,""Kepler GK110"",""Nvidia"",2012,6144,249.6,384,1300"
"Iris i3 6167U,""Skylake GT3-E"",""Intel"",2015,32,34.1,128,1067"
"Radeon 9800 XT,""R360"",""AMD"",2003,256,23.4,256,730"
"Tesla C2070,""Fermi GF100"",""Nvidia"",2010,6144,144,384,750"
"Tesla C2075,""Fermi GF100"",""Nvidia"",2011,6144,144,384,750"
"Quadro4 750 XGL,""NV25 A2"",""Nvidia"",2002,128,3.6,128,225"
"Quadro4 900 XGL,""NV28GL A2"",""Nvidia"",2002,128,5.2,128,325"
"Iris i5 6360U,""Skylake GT3-E"",""Intel"",2015,32,34.1,128,1067"
"Quadro4 780 XGL,""NV28"",""Nvidia"",2002,128,4.4,128,275"
"Tesla C2050,""Fermi GF100"",""Nvidia"",2010,3072,144,384,750"
"Iris i5 6267U,""Skylake GT3-E"",""Intel"",2015,512,34.1,128,1067"
"Iris i5 6260U,""Skylake GT3-E"",""Intel"",2015,2048,34.1,128,1067"
"Iris i5 4258U,""Haswell GT3"",""Intel"",2013,32,25.6,128,800"
"Quadro4 580 XGL,""NV18 A4"",""Nvidia"",2002,64,3.2,128,200"
"Iris i5 5350H,""Broadwell GT3-E"",""Intel"",2015,512,29.9,128,933"
"Quadro4 550 XGL,""NV17 A3"",""Nvidia"",2002,64,3.2,128,200"
"Quadro4 380 XGL,""NV18 A4"",""Nvidia"",2002,128,4.1,128,256"
"Quadro4 700 XGL,""NV25 A2"",""Nvidia"",2002,64,3.6,128,225"
"Iris i5 6287U,""Skylake GT3-E"",""Intel"",2015,4096,34.1,128,1067"
"Iris i7 6650U,""Skylake GT3-E"",""Intel"",2015,256,34.1,128,1067"
"Quadro4 500 XGL,""NV17 A3"",""Nvidia"",2002,128,2.7,128,166"
"Iris i7 6567U,""Skylake GT3-E"",""Intel"",2015,4096,34.1,128,1067"
"Iris i7 6560U,""Skylake GT3-E"",""Intel"",2015,32,34.1,128,1067"
"Iris i7 5950HQ,""Broadwell GT3-E"",""Intel"",2015,4096,29.9,128,933"
"Iris i7 5850EQ,""Broadwell GT3-E"",""Intel"",2015,1024,25.6,128,800"
"Titan X Pascal 2016,""Pascal GP102"",""Nvidia"",2016,2048,480,384,1250"
"Iris i7 5850HQ,""Broadwell GT3-E"",""Intel"",2015,256,29.9,128,933"
"Iris i7 5750HQ,""Broadwell GT3-E"",""Intel"",2015,64,29.9,128,933"
"GeForce Titan XP,""Pascal GP102"",""Nvidia"",2017,12288,547.2,96,1425"
"GeForce GTX Titan Zotac Edition,""Kepler GK110-400-A1"",""Nvidia"",2013,6144,288.4,384,1502"
"GeForce GTX Titan Z Palit 12GB Edition,""Kepler GK110-430-B1 (x2)"",""Nvidia"",2014,12288,672,384,1750"
"GeForce GTX Titan Z EVGA Superclocked 12GB Edition,""Kepler GK110B"",""Nvidia"",2014,12288,672,384,1750"
"GeForce GTX Titan Z,""Kepler GK110-430-B1 (x2)"",""Nvidia"",2014,12288,672,384,1750"
"GeForce GTX Titan Z EVGA Hydro Copper 12GB Edition,""Kepler GK110B"",""Nvidia"",2014,12288,672,384,1750"
"GeForce GTX Titan X EVGA Hybrid 12GB Edition,""Maxwell GM200-400-A1"",""Nvidia"",2015,12288,336.6,384,1753"
"GeForce GTX Titan X EVGA Superclocked 12GB Edition SLI,""Maxwell GM200-400-A1 (x2)"",""Nvidia"",2015,24576,673.2,384,1753"
"GeForce GTX Titan Zotac AMP! Edition,""Kepler GK110-400-A1"",""Nvidia"",2013,6144,317.2,384,1652"
"GeForce GTX Titan X SLI,""Maxwell GM200-400-A1 (x2)"",""Nvidia"",2015,24576,673.2,384,1753"
"GeForce GTX Titan X,""Maxwell GM200-400-A1"",""Nvidia"",2015,12288,336.6,384,1753"
"GeForce GTX Titan X EVGA Superclocked 12GB Edition,""Maxwell GM200-400-A1"",""Nvidia"",2015,12288,336.6,384,1753"
"GeForce GTX Titan WindForce 3X OC Edition,""Kepler GK110-400-A1"",""Nvidia"",2013,6144,288.4,384,1502"
"GeForce GTX Titan SLI,""Kepler GK110-400-A1 (x2)"",""Nvidia"",2013,12288,576.8,384,1502"
"GeForce GTX Titan P 12GB [not released],""Pascal P100"",""Nvidia"",2016,12288,384,3072,500"
"GeForce GTX Titan Inno3D Edition,""Kepler GK110-400-A1"",""Nvidia"",2013,6144,288.4,384,1502"
"GeForce GTX Titan P 16GB [not released],""Pascal P100"",""Nvidia"",2016,16384,512,4096,500"
"GeForce GTX Titan Gigabyte Edition,""Kepler GK110-400-A1"",""Nvidia"",2013,6144,288.4,384,1502"
"GeForce GTX Titan iChill Accelero Hybrid Edition,""Kepler GK110-400-A1"",""Nvidia"",2013,6144,288.4,384,1502"
"GeForce GTX Titan Asus Edition,""Kepler GK110-400-A1"",""Nvidia"",2013,6144,288.4,384,1502"
"GeForce GTX Titan Black Edition,""Kepler GK110-430-B1"",""Nvidia"",2014,6144,336,384,1750"
"GeForce GTX Titan EVGA Edition,""Kepler GK110-400-A1"",""Nvidia"",2013,6144,288.4,384,1502"
"GeForce GTX Titan,""Kepler GK110-400-A1"",""Nvidia"",2013,6144,288.4,384,1502"
"Radeon HD 7660D + 6670 Dual,""Terrascale 2"",""AMD"",2012,512,28.8,128,900"
"Radeon HD 7560D + 7670 Dual,""Terascale 3"",""AMD"",2012,512,105.8,128,1150"
"Radeon HD 7560D + 6570 Dual,""Terrascale 2"",""AMD"",2012,1024,28.8,128,900"
"Radeon HD 7660D + 7670 Dual,""Terrascale 3"",""AMD"",2012,1024,28.8,128,900"
"Radeon 8500 Series 64MB,""R200"",""AMD"",2001,64,8.8,128,550"
"Radeon 9800 Pro,""R360"",""AMD"",2003,128,44.8,256,700"
"Radeon 9600 PRO PC/Mac Edition,""RV360"",""AMD"",2005,256,4.8,128,300"
"Radeon 9550,""RV350"",""AMD"",2004,256,3.2,128,200"
"Radeon 9600 PRO,""RV360"",""AMD"",2003,128,4.8,128,300"
"Radeon 9500 Pro,""R300"",""AMD"",2002,128,4.3,128,270"
"Radeon 9500,""R300"",""AMD"",2002,128,4.3,128,270"
"Radeon 9600 Series,""RV350"",""AMD"",2003,128,6.4,128,400"
"Radeon 9250,""RV280"",""AMD"",2004,128,3.2,128,200"
"Radeon 9200 Series,""RV280"",""AMD"",2003,128,3.2,128,200"
"Radeon 9100,""R200"",""AMD"",2003,64,4,128,250"
"Radeon 9000 Series 64MB,""RV250"",""AMD"",2002,64,8,128,500"
"FirePro W9100,""GCN 2.0 Hawaii XT GL"",""AMD"",2014,16384,320,512,1250"
"FirePro W8000,""Tahiti Pro"",""AMD"",2012,4096,176,256,1375"
"FirePro W5000,""Pitcairn LE"",""AMD"",2012,2048,102.4,256,800"
"FirePro W9000,""Tahiti XT"",""AMD"",2012,6144,264,384,1375"
"FirePro V8750,""RV770 XT"",""AMD"",2009,2048,115.2,256,900"
"FirePro W7000,""Pitcairn XT"",""AMD"",2012,4096,153.6,256,1200"
"FirePro V7900,""Cayman Pro GL"",""AMD"",2011,2048,160,256,1250"
"FirePro W2100,""GCN 1.1 Oland PRO"",""AMD"",2014,2048,28.8,128,900"
"FirePro V8700,""RV770 XT"",""AMD"",2008,1024,108.8,256,850"
"FirePro V7800,""RV870"",""AMD"",2010,2048,128,256,1000"
"FirePro V5900,""Cayman LE GL"",""AMD"",2011,2048,128,256,1000"
"All-in-Wonder 9000 64MB,""RV250"",""AMD"",2003,64,3.2,128,200"
"FirePro V5800,""Evergreen Juniper XT GL"",""AMD"",2010,1024,64,128,1000"
"FirePro V5700,""RV730"",""AMD"",2008,512,28.8,128,900"
"FirePro V3750,""RV730"",""AMD"",2008,256,22.4,128,700"
"FirePro S9150,""GCN 2.0 Hawaii XT GL"",""AMD"",2014,16384,320,512,1250"
"FirePro S9050,""GCN 1.0 Tahiti PRO GL"",""AMD"",2014,12288,264,384,1375"
"FirePro V9800,""Cypress XT"",""AMD"",2010,4096,147.2,256,1150"
"FirePro S9000,""GCN 1.0 Tahiti PRO GL"",""AMD"",2012,6144,264,384,1375"
"FirePro S7000,""Pitcairn XT"",""AMD"",2012,4096,153.6,256,1200"
"FirePro D700,""Tahiti XT GL"",""AMD"",2014,3072,264,384,1375"
"FirePro D500,""Tahiti LE"",""AMD"",2014,3072,240,384,1250"
"FirePro V3900,""Turks"",""AMD"",2012,1024,28.8,128,900"
"Radeon R7 7860K,""Kaveri Spectre"",""AMD"",2016,64,34.1,128,1067"
"FireStream 9370,""RV870"",""AMD"",2010,4096,153.6,256,1200"
"Radeon R7 7700K,""Kaveri Spectre"",""AMD"",2014,64,34.1,128,1067"
"Radeon R7 7850K,""Kaveri Spectre"",""AMD"",2014,32,34.1,128,1067"
"Radeon R7 7870K,""Kaveri Spectre"",""AMD"",2015,64,34.1,128,1067"
"Radeon R7 7890K,""Kaveri Spectre"",""AMD"",2016,256,34.1,128,1067"
"FirePro S10000,""GCN 1.0 Tahiti PRO"",""AMD"",2012,6144,240,384,1250"
"FireStream 9270,""RV770"",""AMD"",2008,2048,108.8,256,850"
"FireStream 9350,""RV870"",""AMD"",2010,2048,128,256,1000"
"FireStream 9170,""RV670"",""AMD"",2007,2048,51.2,256,800"
"Radeon R7 7800,""Kaveri Spectre"",""AMD"",2014,64,34.1,128,1067"
"FireStream 9250,""RV770"",""AMD"",2008,1024,63.6,256,993"
"Radeon R7 7600,""Kaveri"",""AMD"",2014,2048,34.1,128,1067"
"Radeon R7 7600P,""Kaveri"",""AMD"",2014,64,34.1,128,1067"
"Radeon R7 7670K,""GCN 1.1 Godavari-KV-A1"",""AMD"",2015,256,34.1,128,1067"
"Radeon R7 7650K,""GCN 1.1 Kaveri-KV-A1"",""AMD"",2015,64,34.1,128,1067"
"Radeon R3 5150,""Kabini"",""AMD"",2014,128,25.6,128,800"
"Radeon HD 8670D,""Richland"",""AMD"",2013,256,34.1,128,1067"
"Radeon R5 7400K,""Kaveri"",""AMD"",2014,1024,29.9,128,933"
"Radeon R3 5350,""Kabini"",""AMD"",2014,4096,25.6,128,800"
"Radeon HD 8650D,""Terascale 2 Thames PRO"",""AMD"",2013,512,34.1,128,1067"
"Radeon HD 8570D,""Richland"",""AMD"",2013,256,29.9,128,933"
"Radeon HD 8550D,""Terascale 2 Thames PRO"",""AMD"",2013,256,34.1,128,1067"
"Radeon HD 8470D,""Richland"",""AMD"",2013,2048,29.9,128,933"
"Radeon HD 7540D,""Scrapper"",""AMD"",2012,4096,29.9,128,933"
"Radeon HD 8370D,""Terascale 2 Thames PRO"",""AMD"",2013,2048,34.1,128,1067"
"Radeon HD 7480D,""Trinity"",""AMD"",2012,256,25.6,128,800"
"Radeon HD 6370D,""WinterPark"",""AMD"",2011,1024,105.8,128,1150"
"Radeon HD 6410D,""WinterPark"",""AMD"",2011,4096,105.8,128,1150"
"Radeon HD 2400 XT,""RV610"",""AMD"",2007,256,8,64,500"
"Radeon HD 6550D,""BeaverCreek"",""AMD"",2011,256,105.8,128,1150"
"Radeon HD 2400 Pro PCI-E,""RV610"",""AMD"",2007,256,6.4,64,400"
"Radeon HD 2600 Pro,""RV630"",""AMD"",2007,256,16,128,500"
"Radeon HD 2400 Series,""RV610"",""AMD"",2007,256,105.8,64,1150"
"Radeon HD 2400 Pro,""RV610"",""AMD"",2007,256,6.4,64,400"
"Radeon HD 2400 MSI Pro 256MB GDDR2,""RV610"",""AMD"",2007,256,6.4,64,400"
"Radeon HD 2100,""RS740"",""AMD"",2007,4096,5.3,64,333"
"Radeon HD 4890 Sapphire Vapor-X OC 1GB Edition,""R700 RV790 XT"",""AMD"",2009,1024,134.4,256,1050"
"Radeon HD 6530D,""BeaverCreek"",""AMD"",2011,2048,29.9,128,933"
"Radeon HD 4890 Sapphire Toxic Atomic 1GB Edition,""R700 RV790 XT"",""AMD"",2009,1024,134.4,256,1050"
"Radeon HD 2350 Pro,""RV610"",""AMD"",2007,256,6.4,64,400"
"Radeon HD 4890 Sapphire OC 1GB Edition,""R700 RV790 XT"",""AMD"",2009,1024,128,256,1000"
"Radeon HD 4870 X2,""R700 XT"",""AMD"",2009,2048,230.4,512,900"
"Radeon HD 4890 Sapphire Toxic 1GB Edition,""R700 RV790 XT"",""AMD"",2009,1024,134.4,256,1050"
"Radeon HD 4870 Sapphire Vapor-X 1GB Edition,""R700 RV770 PRO"",""AMD"",2009,1024,115.2,256,900"
"Radeon HD 4890,""R700 RV790 XT"",""AMD"",2009,1024,124.8,256,975"
"Radeon HD 4870,""RV770 PRO"",""AMD"",2008,512,115.2,256,900"
"Radeon HD 4870 PowerColor PCS+ 512MB Edition,""R700 RV770 PRO"",""AMD"",2008,512,121.6,256,950"
"Radeon HD 4850x2,""R700 RV770 PRO"",""AMD"",2009,2048,63.6,256,993"
"Radeon HD 4850 Sapphire Vapor-X Edition,""R700 RV770 PRO"",""AMD"",2011,1024,64,256,1000"
"Radeon HD 4860,""RV790 GT"",""AMD"",2009,512,96,256,750"
"Radeon HD 4850 Golden Sample Edition,""R700 RV770 PRO"",""AMD"",2008,512,70.4,256,1100"
"Radeon HD 4850 HIS iCooler IV 1GB Edition,""R700 RV770 PRO"",""AMD"",2008,1024,63.6,256,993"
"Radeon HD 4850 Gigabyte 512MB Edition,""R700 RV770 PRO"",""AMD"",2011,512,60.2,256,940"
"Radeon HD 4850 Gigabyte OC Edition,""R700 RV770 PRO"",""AMD"",2009,1024,63.4,256,990"
"Radeon HD 4850,""R700 RV770 PRO"",""AMD"",2008,512,63.6,256,993"
"Radeon HD 4830 512MB,""R700 RV790 LE"",""AMD"",2008,512,57.6,256,900"
"Radeon HD 4830 HIS Fan 512MB Edition,""R700 RV790 LE"",""AMD"",2008,512,57.6,256,900"
"Radeon HD 4670 HIS IceQ 1GB Edition,""R700 RV730 XT"",""AMD"",2008,1024,27.9,128,873"
"Radeon HD 4770 512MB,""R700 RV740 PRO"",""AMD"",2009,512,51.2,128,800"
"Radeon HD 4730,""RV770 CE"",""AMD"",2009,512,57.6,128,900"
"Radeon HD 4730 PowerColor PCS Edition,""RV770 CE"",""AMD"",2009,512,57.6,128,900"
"Radeon HD 4750,""RV740 PRO"",""AMD"",2009,512,51.2,128,800"
"Radeon HD 4670 Gigabyte 1GB Edition,""R700 RV730 XT"",""AMD"",2009,1024,25.6,128,800"
"Radeon HD 4670 AGP,""R700 RV730 XT"",""AMD"",2007,1024,25.6,128,800"
"Radeon HD 4670 Asus 512MB Edition,""R700 RV730 XT"",""AMD"",2008,512,32.1,128,1004"
"Radeon HD 4650 v2,""R700 RV730 PRO"",""AMD"",2008,1024,24,128,750"
"Radeon HD 4650 1GB,""R700 RV730 PRO"",""AMD"",2008,1024,22.4,128,700"
"Radeon HD 4670 1GB,""R700 RV730 XT"",""AMD"",2008,1024,25.6,128,800"
"Radeon HD 4350 Asus Silent 512MB Edition,""R700 RV710"",""AMD"",2008,512,6.4,64,400"
"Radeon HD 4650,""R700 RV730PRO"",""AMD"",2008,512,12.8,128,400"
"Radeon HD 4650 Asus Low Profile Edition,""R700 RV730PRO"",""AMD"",2008,1024,12.8,128,400"
"Radeon HD 4550,""R700 RV710"",""AMD"",2008,256,12.8,64,800"
"Radeon HD 4350 1GB,""R700 RV710"",""AMD"",2008,1024,8,64,500"
"Radeon HD 4550 v2,""R700 RV710"",""AMD"",2008,512,12.8,64,800"
"Radeon HD 4670 512MB,""R700 RV730 XT"",""AMD"",2008,512,25.6,128,800"
"Radeon HD 4350,""R700 RV710"",""AMD"",2008,512,6.4,64,400"
"Radeon HD 4250,""RS880"",""AMD"",2010,128,105.8,32,1150"
"Radeon HD 4290,""RS880D"",""AMD"",2010,128,105.8,32,1150"
"GeForce GT 140,""Tesla G94b"",""Nvidia"",2009,1024,57.6,256,900"
"GeForce GT 130,""Tesla G94b"",""Nvidia"",2009,768,24,192,500"
"GeForce GT 120,""Tesla G96b"",""Nvidia"",2009,512,16,128,500"
"Radeon HD 4200,""RS880"",""AMD"",2009,1024,105.8,32,1150"
"Radeon HD 3870 X2,""R600 RV670 XT"",""AMD"",2008,1024,57.6,256,900"
"Radeon HD 3870,""R600 RV670 XT"",""AMD"",2007,512,72.1,256,1126"
"Radeon HD 3850 X2,""RV670 PRO"",""AMD"",2008,1024,106,512,828"
"Radeon HD 3830,""RV670 PRO"",""AMD"",2008,256,26.6,128,830"
"Radeon HD 3690,""RV670 PRO"",""AMD"",2008,256,26.6,128,830"
"Radeon HD 3800 series,""RV670"",""AMD"",2007,512,105.8,256,1150"
"GeForce G 100,""Tesla G98"",""Nvidia"",2009,512,8,64,500"
"Radeon HD 3850,""RV670 PRO"",""AMD"",2007,256,53.1,256,830"
"Radeon HD 3650,""RV635 PRO"",""AMD"",2008,256,25.6,128,800"
"Radeon HD 3600 Series,""RV635"",""AMD"",2008,256,105.8,128,1150"
"Radeon HD 3470,""RV620 PRO"",""AMD"",2008,256,15.2,64,950"
"Radeon HD 3850 AGP,""RV670 PRO"",""AMD"",2008,512,53.1,256,830"
"Radeon HD 3400 Series,""RV620"",""AMD"",2008,256,105.8,64,1150"
"Radeon HD 3850 X3,""RV670 PRO"",""AMD"",2008,1536,163.2,768,850"
"Radeon HD 3450,""RV620 LE"",""AMD"",2007,256,8,64,500"
"Radeon HD 3200 IGP,""RS780"",""AMD"",2008,128,105.8,32,1150"
"Radeon HD 3300,""RS780D"",""AMD"",2008,128,105.8,32,1150"
"Radeon HD 3200,""RS780"",""AMD"",2008,1024,3.2,32,400"
"Radeon 3000,""RS760"",""AMD"",2009,512,105.8,32,1150"
"Iris Pro Graphics 6200 Mobile,""Broadwell GT3-E"",""Intel"",2015,128,29.9,128,933"
"Iris Graphics 6100 Mobile,""Broadwell GT3"",""Intel"",2015,256,29.9,128,933"
"Iris Pro Graphics 5200 Mobile,""Haswell GT3e"",""Intel"",2013,128,12.8,128,800"
"HD Pentium 4405U,""Skylake GT1-U"",""Intel"",2015,64,34.1,128,1067"
"Intel GS45 Express Chipset,""Cantiga"",""Intel"",2008,128,17.1,128,533"
"Iris Graphics 550 Mobile,""Skylake GT3-E"",""Intel"",2015,128,34.1,128,1067"
"Radeon R9 M295X 4GB,""Tonga"",""AMD"",2014,4096,174.3,256,1362"
"Radeon R9 M395X 4GB,""GCN 1.2 Amethyst XT"",""AMD"",2015,4096,160,256,1250"
"Radeon R9 M390 4GB,""GCN 1.1 Neptune XT"",""AMD"",2015,4096,153.6,256,1200"
"HD i7 M640,""Arrandale"",""Intel"",2010,128,8.5,64,533"
"Radeon R9 M485X 4GB,""GCN 1.2 Amethyst XT"",""AMD"",2016,4096,160,256,1250"
"Radeon R9 M390X 4GB,""GCN 1.1 Neptune XT"",""AMD"",2015,4096,160,256,1250"
"Radeon R9 M290X Crossfire,""GCN 1.1 Neptune XT (x2)"",""AMD"",2014,4096,307.2,256,1200"
"HD i3 M350,""Arrandale"",""Intel"",2010,1024,8.5,64,533"
"Radeon HD 7290,""Terascale 2 Loveland"",""AMD"",2012,1024,8.5,64,533"
"Mobility Radeon HD 5870 Crossfire,""Terascale 2 Broadway XT (x2)"",""AMD"",2010,2048,128,128,1000"
"Mobility Radeon HD 565v,""M96 XT"",""AMD"",2010,1024,25.6,128,800"
"Mobility Radeon HD 5870,""Terascale 2 Broadway XT"",""AMD"",2010,1024,64,128,1000"
"Mobility Radeon HD 5850,""Terascale 2 Broadway PRO"",""AMD"",2010,1024,64,128,1000"
"Mobility Radeon HD 5830,""Terascale 2 Broadway LE"",""AMD"",2010,1024,25.6,128,800"
"Radeon R9 M290X,""GCN 1.1 Neptune XT"",""AMD"",2014,4096,153.6,256,1200"
"Mobility Radeon HD 5730,""Terascale 2 Madison LE"",""AMD"",2010,1024,25.6,128,800"
"Mobility Radeon HD 5770,""Terascale 2 Madison XT"",""AMD"",2010,1024,51.2,128,800"
"Mobility Radeon HD 5650,""Terascale 2 Madison LP"",""AMD"",2010,1024,25.6,128,800"
"Mobility Radeon HD 5470,""Terascale 2 Park XT"",""AMD"",2010,1024,12.8,64,800"
"Mobility Radeon HD 560v,""M96"",""AMD"",2010,1024,25.6,128,800"
"Mobility Radeon HD 550v,""M96"",""AMD"",2010,1024,19.2,128,600"
"Mobility Radeon HD 545v,""M92"",""AMD"",2010,1024,12.8,64,800"
"Mobility Radeon HD 5470 512MB,""Park XT"",""AMD"",2010,512,12.8,64,800"
"Mobility Radeon HD 530v,""M92"",""AMD"",2010,1024,9.6,64,600"
"Radeon HD 8970M Crossfire,""GCN 1.1 Neptune XT (x2)"",""AMD"",2013,4096,307.2,256,1200"
"Mobility Radeon HD 5145,""M92"",""AMD"",2010,1024,14.4,64,900"
"Mobility Radeon HD 5450,""Terascale 2 Park PRO"",""AMD"",2010,1024,12.8,64,800"
"Radeon HD 8970M,""GCN 1.1 Neptune XT"",""AMD"",2013,2048,153.6,256,1200"
"Mobility Radeon HD 540v,""M92"",""AMD"",2010,512,12.8,64,800"
"Mobility Radeon HD 5165,""M96"",""AMD"",2010,1024,28.8,128,900"
"Mobility Radeon HD 5430,""Terascale 2 Park LP"",""AMD"",2010,1024,12.8,64,800"
"Mobility Radeon HD 5750,""Terascale 2 Madison PRO"",""AMD"",2010,1024,51.2,128,800"
"Radeon HD 8870M,""GCN 1.1 Venus XT"",""AMD"",2013,2048,72,128,1125"
"Radeon HD 8850M v2,""GCN 1.1 Venus PRO"",""AMD"",2013,2048,72,128,1125"
"Radeon HD 8790M,""GCN 1.1 Mars XTX"",""AMD"",2013,2048,64,128,1000"
"Radeon HD 8830M,""GCN 1.1 Venus LE"",""AMD"",2013,2048,32,128,1000"
"Radeon HD 8770M,""GCN 1.1 Mars XT"",""AMD"",2013,2048,72,128,1125"
"Radeon HD 8850M,""GCN 1.1 Venus PRO"",""AMD"",2013,2048,32,128,1000"
"Radeon HD 8750M,""GCN 1.1 Mars PRO"",""AMD"",2013,2048,64,128,1000"
"Radeon HD 8690M,""GCN 1.1 Mars XT"",""AMD"",2013,1024,36,64,1125"
"Radeon HD 8730M,""GCN 1.1 Mars LE"",""AMD"",2013,1024,32,128,1000"
"Radeon HD 8750M v2,""GCN 1.1 Mars PRO"",""AMD"",2013,2048,28.8,128,900"
"Radeon HD 8670M,""GCN 1.1 Mars XT"",""AMD"",2013,1024,14.4,64,900"
"Radeon HD 8570M,""GCN 1.1 Sun PRO"",""AMD"",2013,1024,36,64,1125"
"Radeon HD 8550M,""GCN"",""AMD"",2013,1024,14.4,64,900"
"Radeon HD 8670M 2GB,""GCN 1.1 Mars XT"",""AMD"",2013,2048,14.4,64,900"
"Radeon HD 6970M,""Terascale 2 Blackcomb XT"",""AMD"",2011,2048,115.2,256,900"
"Radeon HD 8400,""Kalindi"",""AMD"",2013,128,25.6,128,800"
"Radeon HD 6950M,""Terascale 2 Blackcomb PRO"",""AMD"",2011,1024,115.2,256,900"
"Radeon HD 6850M,""Terascale 2 Granville PRO"",""AMD"",2011,1024,25.6,128,800"
"Radeon HD 6830M,""Terascale 2 Granville LP"",""AMD"",2011,2048,25.6,128,800"
"Radeon HD 6870M,""Terascale 2 Granville XT"",""AMD"",2011,1024,64,128,1000"
"Radeon HD 6770M 2GB,""Terascale 2 Whistler XT"",""AMD"",2011,2048,51.2,128,800"
"Radeon HD 6990M,""Terascale 2 Blackcomb XTX"",""AMD"",2011,2048,115.2,256,900"
"Radeon HD 6770M,""Terascale 2 Whistler XT"",""AMD"",2011,1024,51.2,128,800"
"Radeon HD 6750M 512MB,""Terascale 2 Whistler PRO"",""AMD"",2011,512,51.2,128,800"
"Radeon HD 6750M,""Terascale 2 Whistler PRO"",""AMD"",2011,1024,51.2,128,800"
"Radeon HD 6650M,""Terascale 2 Whistler LE"",""AMD"",2011,1024,25.6,128,800"
"Radeon HD 6570M,""Terascale 2 Capilano XT"",""AMD"",2010,1024,51.2,128,800"
"Radeon HD 6730M,""Terascale 2 Whistler LE"",""AMD"",2011,1024,25.6,128,800"
"Radeon HD 6630M,""Terascale 2 Whistler LP"",""AMD"",2011,1024,25.6,128,800"
"Radeon HD 6550M,""Terascale 2 Capilano PRO"",""AMD"",2010,1024,25.6,128,800"
"Radeon HD 6470M,""Terascale 2 Seymour XT"",""AMD"",2011,1024,12.8,64,800"
"Radeon HD 6490M,""Terascale 2 Seymour XTX"",""AMD"",2011,512,25.6,64,800"
"Radeon HD 6530M,""Terascale 2 Capilano LE"",""AMD"",2010,1024,25.6,128,800"
"Radeon HD 6450M,""Terascale 2 Seymour PRO"",""AMD"",2011,1024,12.8,64,800"
"Radeon HD 6370M,""Terascale 2 Robson XT"",""AMD"",2010,1024,12.8,64,800"
"Radeon HD 6350M,""Terascale 2 Robson PRO"",""AMD"",2010,1024,14.4,64,900"
"Radeon HD 6430M,""Terascale 2 Seymour LE"",""AMD"",2011,1024,12.8,64,800"
"Radeon HD 6330M,""Terascale 2 Robson LE"",""AMD"",2010,1024,12.8,64,800"
"Radeon HD 8330,""Kalindi"",""AMD"",2013,512,25.6,128,800"
"Radeon HD 8250,""Kalindi LP"",""AMD"",2013,64,17.1,128,533"
"Radeon HD 8280,""Kalindi"",""AMD"",2013,2048,25.6,128,800"
"Radeon HD 6320,""Zacate"",""AMD"",2010,2048,105.8,128,1150"
"Radeon HD 8180,""Kalindi LP"",""AMD"",2013,128,17.1,128,533"
"Radeon HD 6290,""Loveland"",""AMD"",2011,32,25.6,128,800"
"Radeon HD 6250,""Zacate"",""AMD"",2010,64,105.8,128,1150"
"Radeon HD 8210,""Kalindi LP"",""AMD"",2013,128,105.8,128,1150"
"Radeon HD 7950M [not released],""GCN 1.0 Wimbledon PRO"",""AMD"",2012,2048,128,256,1000"
"Radeon HD 8240,""Kalindi"",""AMD"",2013,128,21.3,128,667"
"Radeon HD 6310,""Zacate"",""AMD"",2010,32,105.8,128,1150"
"Radeon HD 7850M,""GCN 1.0 Heathrow Pro"",""AMD"",2012,2048,64,128,1000"
"Radeon HD 7870M,""GCN 1.0 Heathrow XT"",""AMD"",2012,2048,64,128,1000"
"Radeon HD 7770M 2GB,""GCN 1.0 Chelsea XT"",""AMD"",2012,2048,64,128,1000"
"Radeon HD 7970M,""GCN 1.0 Wimbledon XT"",""AMD"",2012,2048,153.6,256,1200"
"Radeon HD 7970M Crossfire,""GCN 1.0 Wimbledon XT (x2)"",""AMD"",2012,4096,307.2,256,1200"
"Radeon HD 7730M,""GCN 1.0 Chelsea LE"",""AMD"",2012,2048,28.8,128,900"
"Radeon HD 7690M XT,""Terascale 2 Thames XTX"",""AMD"",2013,1024,57.6,128,900"
"Radeon HD 7670M,""Terascale 2 Thames XT"",""AMD"",2012,1024,28.8,128,900"
"Radeon HD 7650M,""Terascale 2 Thames PRO"",""AMD"",2012,1024,28.8,128,900"
"Radeon HD 7670M 2GB,""Terascale 2 Thames XT"",""AMD"",2012,2048,28.8,128,900"
"Radeon HD 7750M,""GCN 1.0 Chelsea PRO"",""AMD"",2012,1024,64,128,1000"
"Radeon HD 7770M,""GCN 1.0 Chelsea XT"",""AMD"",2012,1024,64,128,1000"
"Radeon HD 7690M,""Terascale 2 Thames XT"",""AMD"",2011,1024,28.8,128,900"
"Radeon HD 7630M,""Terascale 2 Thames LP"",""AMD"",2012,1024,25.6,128,800"
"Radeon HD 7610M,""Terascale 2 Thames LE"",""AMD"",2012,1024,25.6,128,800"
"Radeon HD 7550M v2,""Terascale 2 Thames PRO"",""AMD"",2012,1024,25.6,64,800"
"Radeon HD 7590M,""Terascale 2 Thames XT"",""AMD"",2012,1024,25.6,64,800"
"Radeon HD 7510M,""Terascale 2 Thames LE"",""AMD"",2012,1024,12.8,64,800"
"Radeon HD 7530M,""Terascale 2 Thames LP"",""AMD"",2012,1024,14.4,64,900"
"Radeon HD 7550M,""Terascale 2 Thames PRO"",""AMD"",2012,2048,14.4,64,900"
"Radeon HD 7570M,""Terascale 2 Thames PRO"",""AMD"",2012,1024,25.6,64,800"
"Radeon HD 7430M,""Terascale 2 Seymour PRO"",""AMD"",2012,1024,14.4,64,900"
"Radeon HD 7450M,""Terascale 2 Seymour PRO"",""AMD"",2012,1024,14.4,64,900"
"Radeon HD 7470M,""Terascale 2 Seymour XT"",""AMD"",2012,512,14.4,64,900"
"Radeon HD 7490M,""Terascale 2 Seymour XTX"",""AMD"",2012,1024,30.4,64,950"
"Radeon HD 7370M,""Terascale 2 Robson XT"",""AMD"",2012,1024,12.8,64,800"
"Radeon HD 7340,""Terascale 2 Loveland"",""AMD"",2012,512,10.7,64,667"
"Radeon HD 7350M,""Terascale 2 Robson PRO"",""AMD"",2012,1024,14.4,64,900"
"Radeon HD 7330M,""Terascale 2 Robson LE"",""AMD"",2012,1024,12.8,64,800"
"Radeon HD 7310,""Terascale 2 Loveland"",""AMD"",2012,2048,8.5,64,533"
"Radeon R9 M280X [not released],""Saturn XT"",""AMD"",2014,2048,64,128,1000"
"Radeon R9 M275X,""GCN 1.1 Venus XTX"",""AMD"",2014,2048,64,128,1000"
"Radeon R9 M265X,""GCN 1.1 Venus PRO"",""AMD"",2014,2048,64,128,1000"
"Radeon R9 M275 [not released],""Venus XT"",""AMD"",2014,2048,64,128,1000"
"Radeon R9 M270X,""GCN 1.1 Venus XT"",""AMD"",2014,2048,64,128,1000"
"Radeon R7 M260X,""GCN 1.1 Mars XT"",""AMD"",2014,2048,64,128,1000"
"Radeon R7 M265,""GCN 1.1 Mars XT"",""AMD"",2014,2048,32,128,1000"
"Radeon R7 M260,""GCN 1.1 Topaz XT"",""AMD"",2014,2048,16,64,1000"
"Radeon R7 M260 v2,""GCN 1.1 Mars PRO"",""AMD"",2014,4096,28.8,128,900"
"Radeon R7 M270,""GCN 1.1 Opal XT"",""AMD"",2014,4096,32,128,1000"
"Radeon R5 M255,""GCN 1.1 Sun PRO"",""AMD"",2014,4096,16,64,1000"
"Radeon R5 M220,""Jet PRO"",""AMD"",2013,1024,14.4,64,900"
"Radeon R5 M210,""Jet LE"",""AMD"",2013,1024,14.4,64,900"
"Radeon R5 M230,""GCN 1.1 Sun LE"",""AMD"",2014,4096,16,64,1000"
"Radeon R5 M240,""GCN 1.1 Jet XT"",""AMD"",2014,2048,16,64,1000"
"Mobility Radeon X2500,""M66"",""AMD"",2007,256,12.8,128,400"
"Mobility Radeon Xpress 1250,""RS690M"",""AMD"",2007,256,6.4,64,400"
"Mobility Radeon X1800,""R520"",""AMD"",2006,256,32,256,500"
"Mobility Radeon X1900,""RV570"",""AMD"",2007,256,30.1,256,470"
"Mobility Radeon X2300 128MB GDDR3,""M64"",""AMD"",2007,128,12.8,128,400"
"Mobility Radeon X1400,""RV515"",""AMD"",2006,128,8,128,250"
"Mobility Radeon X1300,""RV515"",""AMD"",2006,128,8,128,250"
"Radeon R9 M385 4GB,""GCN 1.1 Saturn PRO"",""AMD"",2015,4096,88,128,1375"
"Radeon R9 M380 4GB,""GCN 1.2 Strato PRO"",""AMD"",2015,4096,96,128,1500"
"Mobility Radeon X1600,""RV530"",""AMD"",2006,256,15,128,470"
"Radeon R9 M385X 4GB,""GCN 1.1 Saturn XT"",""AMD"",2015,4096,96,128,1500"
"Radeon R9 M375X 4GB,""GCN 1.0 Venus XTX"",""AMD"",2015,4096,72,128,1125"
"Radeon R9 M360 4GB,""GCN 1.0 ????"",""AMD"",2015,4096,64,128,1000"
"Radeon R9 M365X 4GB,""GCN 1.0 Venus PRO"",""AMD"",2015,4096,64,128,1000"
"Radeon R7 M340 2GB,""GCN 1.1 Meso PRO"",""AMD"",2015,2048,16,64,1000"
"Radeon R9 M375 2GB,""GCN 1.0 Venus XTX"",""AMD"",2015,2048,35.2,128,1100"
"Radeon R7 M360 2GB,""GCN 1.1 Mars XT"",""AMD"",2015,2048,17.6,64,1100"
"Mobility Radeon X1700,""RV535"",""AMD"",2006,256,12.8,128,400"
"Radeon R7 M360 4GB,""GCN 1.1 Mars XT"",""AMD"",2015,4096,17.6,64,1100"
"Mobility Radeon X1350,""M62"",""AMD"",2006,128,6.3,64,392"
"Radeon R5 M335 2GB,""GCN 1.1 Exo XT"",""AMD"",2015,2048,17.6,64,1100"
"Radeon R5 M330 2GB,""GCN 1.1 Sun PRO"",""AMD"",2015,2048,16,64,1000"
"Radeon R5 M320 2GB,""GCN 1.1 Jet PRO"",""AMD"",2015,2048,16,64,1000"
"Radeon R5 M330 4GB,""GCN 1.1 Sun PRO"",""AMD"",2015,4096,16,64,1000"
"Radeon R9 M470 4GB,""GCN 1.1 Saturn PRO"",""AMD"",2016,4096,88,128,1375"
"Radeon R9 M470X 4GB,""GCN 1.1 Saturn XT"",""AMD"",2016,4096,96,128,1500"
"Intel GM45 Express Chipset,""Cantiga"",""Intel"",2008,64,17.1,128,533"
"Mobility Radeon X300,""RV370"",""AMD"",2005,128,2,64,250"
"Radeon R5 M335 4GB,""GCN 1.1 Exo XT"",""AMD"",2015,4096,17.6,64,1100"
"HD i5 M580,""Arrandale"",""Intel"",2010,256,17.1,128,533"
"Mobility Radeon X600,""RV380"",""AMD"",2004,128,4,128,250"
"Mobility Radeon X700,""RV410"",""AMD"",2005,128,11.2,128,350"
"Intel 82852/82855,""Montara-GM"",""Intel"",2004,512,105.8,128,166"
"HD i5 U470,""Arrandale"",""Intel"",2010,128,12.8,128,400"
"HD i5 U430,""Arrandale"",""Intel"",2010,2048,12.8,128,400"
"HD i5 M560,""Arrandale"",""Intel"",2010,256,17.1,128,533"
"HD i5 M480,""Arrandale"",""Intel"",2011,1024,17.1,128,533"
"HD i5 M520,""Arrandale"",""Intel"",2010,128,17.1,128,533"
"HD i5 M540,""Arrandale"",""Intel"",2010,32,17.1,128,533"
"HD i5 M460,""Arrandale"",""Intel"",2010,64,17.1,128,533"
"HD i5 M430,""Arrandale"",""Intel"",2010,512,17.1,128,533"
"HD i5 M450,""Arrandale"",""Intel"",2010,512,17.1,128,533"
"HD i5 6300U,""Skylake GT2-U"",""Intel"",2015,128,34.1,128,1067"
"HD i5 6440HQ,""Skylake GT2-H"",""Intel"",2015,32,34.1,128,1067"
"HD i5 5350U,""Broadwell GT3"",""Intel"",2015,1024,29.9,128,933"
"HD i5 6200U,""Skylake GT2-U"",""Intel"",2015,1024,34.1,128,1067"
"HD i5 4250U,""Haswell GT3"",""Intel"",2013,4096,25.6,128,800"
"HD i5 4260U,""Haswell GT3"",""Intel"",2014,256,25.6,128,800"
"HD i5 6300HQ,""Skylake GT2-H"",""Intel"",2015,2048,34.1,128,1067"
"HD i5 5250U,""Broadwell GT3"",""Intel"",2015,256,29.9,128,933"
"HD i5 4210U,""Haswell GT3"",""Intel"",2014,32,25.6,128,800"
"HD i5 4210M,""Haswell GT2"",""Intel"",2014,128,25.6,128,800"
"HD i5 4210H,""Haswell GT2"",""Intel"",2014,1024,25.6,128,800"
"HD i5 4200H,""Haswell GT2"",""Intel"",2013,4096,25.6,128,800"
"HD i5 4200U,""Haswell GT1"",""Intel"",2014,64,25.6,128,800"
"HD i5 2520M,""Sandy Bridge"",""Intel"",2011,256,21.3,128,667"
"HD i5 2430M,""Sandy Bridge"",""Intel"",2011,1024,21.3,128,667"
"HD i5 2467M,""Sandy Bridge"",""Intel"",2011,4096,21.3,128,667"
"HD i3 M380,""Arrandale"",""Intel"",2010,512,17.1,128,533"
"HD i5 2410M,""Sandy Bridge"",""Intel"",2011,256,21.3,128,667"
"HD i3 M390,""Arrandale"",""Intel"",2010,32,17.1,128,533"
"HD i5 4200M,""Haswell GT2"",""Intel"",2013,256,25.6,128,800"
"HD i3 M370,""Arrandale"",""Intel"",2010,32,8.5,64,533"
"HD M5-6Y57,""Skylake GT2-Y"",""Intel"",2015,256,29.9,128,933"
"HD M5-6Y54,""Skylake GT2-Y"",""Intel"",2015,4096,29.9,128,933"
"HD M7-6Y75,""Skylake GT2-Y"",""Intel"",2015,512,29.9,128,933"
"HD M3-6Y30,""Skylake GT2-Y"",""Intel"",2015,32,29.9,128,933"
"HD M-5Y70,""Broadwell GT2"",""Intel"",2014,256,25.6,128,800"
"HD M-5Y71,""Broadwell GT2"",""Intel"",2015,512,25.6,128,800"
"HD i3 M330,""Arrandale"",""Intel"",2010,64,17.1,128,533"
"HD M-5Y31,""Broadwell GT2"",""Intel"",2015,512,25.6,128,800"
"HD i3 6100U,""Skylake GT2-U"",""Intel"",2015,256,34.1,128,1067"
"HD i3 6100H,""Skylake GT2-H"",""Intel"",2015,64,34.1,128,1067"
"HD M-5Y51,""Broadwell GT2"",""Intel"",2015,128,25.6,128,800"
"HD i3 2357M,""Sandy Bridge"",""Intel"",2011,512,21.3,128,667"
"HD i3 2370M,""Sandy Bridge"",""Intel"",2012,1024,21.3,128,667"
"HD i3 2310M,""Sandy Bridge"",""Intel"",2011,2048,21.3,128,667"
"HD i3 2330M,""Sandy Bridge"",""Intel"",2011,1720,21.3,128,667"
"HD M-5Y10a,""Broadwell GT2"",""Intel"",2014,2048,25.6,128,800"
"HD M-5Y10,""Broadwell GT2"",""Intel"",2014,1024,25.6,128,800"
"HD i7 M620,""Arrandale"",""Intel"",2010,1024,8.5,64,533"
"HD i7 6820HK,""Skylake GT2-H"",""Intel"",2015,256,34.1,128,1067"
"HD i7 6820HQ,""Skylake GT2-H"",""Intel"",2015,256,34.1,128,1067"
"HD M-5Y10c,""Broadwell GT2"",""Intel"",2015,64,25.6,128,800"
"HD i7 6920HQ,""Skylake GT2-H"",""Intel"",2015,1024,34.1,128,1067"
"HD i7 6500U,""Skylake GT2-U"",""Intel"",2015,2048,34.1,128,1067"
"HD i7 5700HQ,""Broadwell GT2"",""Intel"",2015,4096,29.9,128,933"
"HD i7 6700HQ,""Skylake GT2-H"",""Intel"",2015,32,34.1,128,1067"
"Intel HD Graphics Mobile (Sandy Bridge),""Sandy Bridge GT1"",""Intel"",2014,64,21.3,128,667"
"Intel HD Graphics Mobile (Ivy Bridge),""Ivy Bridge"",""Intel"",2012,1024,25.6,128,800"
"HD i7 6600U,""Skylake GT2-U"",""Intel"",2015,256,34.1,128,1067"
"Intel GMA 950,""Calistoga"",""Intel"",2005,256,105.8,128,1150"
"Intel HD Graphics Mobile (Haswell),""Haswell"",""Intel"",2013,32,25.6,128,800"
"Intel HD Graphics Mobile (Braswell),""Braswell GT1"",""Intel"",2015,128,25.6,128,800"
"Intel HD Graphics Mobile (Bay Trail),""Bay Trail GT1"",""Intel"",2013,512,21.3,128,667"
"Intel HD Graphics Mobile,""Arrandale"",""Intel"",2010,4096,8.5,64,533"
"Intel HD Graphics 630 Mobile,""Kaby Lake"",""Intel"",2017,512,105.8,128,1067"
"Intel HD Graphics 620 Mobile,""Skylake GT2"",""Intel"",2016,512,34.1,128,1067"
"Intel HD Graphics 6000 Mobile,""Broadwell GT3"",""Intel"",2015,1024,29.9,128,933"
"Intel HD Graphics 5600 Mobile,""Broadwell GT2"",""Intel"",2015,512,29.9,128,933"
"Intel HD Graphics 615 Mobile,""Skylake GT2"",""Intel"",2016,512,34.1,128,1067"
"Intel HD Graphics 530 Mobile,""Skylake GT2-H"",""Intel"",2015,32,34.1,128,1067"
"Intel HD Graphics 5300 Mobile,""Broadwell GT2"",""Intel"",2014,64,25.6,128,800"
"Intel HD Graphics 515 Mobile,""Skylake GT2-Y"",""Intel"",2015,128,29.9,128,933"
"Intel HD Graphics 5000 Mobile,""Haswell GT3"",""Intel"",2013,2048,25.6,128,800"
"Intel HD Graphics 510 Mobile,""Skylake GT1-U"",""Intel"",2015,32,34.1,128,1067"
"Intel HD Graphics 4400 Mobile,""Haswell GT1"",""Intel"",2013,32,25.6,128,800"
"Intel HD Graphics 5500 Mobile,""Broadwell GT2"",""Intel"",2015,1024,29.9,128,933"
"Intel HD Graphics 4600 Mobile,""Haswell GT2"",""Intel"",2013,4096,25.6,128,800"
"Intel HD Graphics 520 Mobile,""Skylake GT2-U"",""Intel"",2015,2048,34.1,128,1067"
"Intel HD Graphics 4000 Mobile,""Ivy Bridge GT2"",""Intel"",2012,128,25.6,128,800"
"Intel HD Graphics 2000 Mobile,""Sandy Bridge"",""Intel"",2011,32,105.8,128,1150"
"Intel HD Graphics 2500 Mobile,""Ivy Bridge"",""Intel"",2012,1024,25.6,128,800"
"Intel HD Graphics 4200 Mobile,""Haswell"",""Intel"",2013,64,25.6,128,800"
"HD Pentium P6200,""Arrandale"",""Intel"",2010,256,17.1,128,533"
"HD i7 5700EQ,""Broadwell GT2"",""Intel"",2015,512,25.6,128,800"
"HD Pentium P6100,""Arrandale"",""Intel"",2010,256,17.1,128,533"
"HD i7 5600U,""Broadwell GT2"",""Intel"",2015,4096,25.6,128,800"
"HD i7 5650U,""Broadwell GT3"",""Intel"",2015,128,29.9,128,933"
"HD i7 5550U,""Broadwell GT3"",""Intel"",2015,1024,29.9,128,933"
"HD i7 3920XM,""Ivy Bridge"",""Intel"",2012,256,12.8,64,800"
"HD i7 5500U,""Broadwell GT2"",""Intel"",2015,1024,25.6,128,800"
"HD i7 3840QM,""Ivy Bridge GT2"",""Intel"",2012,32,12.8,64,800"
"HD i7 5557U,""Broadwell GT3"",""Intel"",2015,256,29.9,128,933"
"HD i7 3720QM,""Ivy Bridge"",""Intel"",2012,32,12.8,64,800"
"HD i7 3630QM,""Ivy Bridge"",""Intel"",2012,1024,25.6,128,800"
"HD i7 2920XM,""Sandy Bridge"",""Intel"",2011,256,12.8,64,800"
"HD i7 3610QM,""Ivy Bridge"",""Intel"",2012,1024,12.8,64,800"
"HD i7 2820QM,""Sandy Bridge"",""Intel"",2011,64,12.8,64,800"
"HD i7 2860QM,""Sandy Bridge"",""Intel"",2011,128,12.8,64,800"
"HD i7 2670QM,""Sandy Bridge"",""Intel"",2011,256,10.7,64,667"
"HD i7 2630QM,""Sandy Bridge"",""Intel"",2011,128,10.7,64,667"
"HD i7 2640M,""Sandy Bridge"",""Intel"",2011,32,10.7,64,667"
"HD i7 2720QM,""Sandy Bridge"",""Intel"",2011,2048,12.8,64,800"
"HD i7 2675QM,""Sandy Bridge"",""Intel"",2011,128,10.7,64,667"
"HD i7 3820QM,""Ivy Bridge"",""Intel"",2012,256,12.8,64,800"
"HD i7 2760QM,""Sandy Bridge"",""Intel"",2011,4096,12.8,64,800"
"HD i7 2620M,""Sandy Bridge"",""Intel"",2011,64,10.7,64,667"
"Intel GMA 4500M HD,""Cantiga"",""Intel"",2008,64,105.8,64,1150"
"Intel GMA 3650,""PowerVR SGX 545"",""Intel"",2011,2048,8.5,64,533"
"Intel 965 Express Family,""Broadwater"",""Intel"",2007,64,105.8,128,1150"
"Iris Graphics 540 Mobile,""Skylake GT3-E"",""Intel"",2015,32,34.1,128,1067"
"Intel GMA 3150,""Pineview"",""Intel"",2010,256,105.8,128,1150"
"HD Pentium P6000,""Arrandale"",""Intel"",2010,64,17.1,128,533"
"Intel GMA 3600,""Cedar Trail"",""Intel"",2011,64,8.5,64,533"
"Iris Graphics 5100 Mobile,""Haswell GT3"",""Intel"",2013,32,25.6,128,800"
"HD i7 2617M,""Sandy Bridge"",""Intel"",2011,256,10.7,64,667"
"Intel GMA 4500M,""GL40"",""Intel"",2008,1024,105.8,128,1150"
"Radeon HD 3100,""RV620"",""AMD"",2008,1024,105.8,64,1150"
"Mobility Radeon HD 3870 x2,""R680"",""AMD"",2008,1024,108.8,256,1700"
"Mobility Radeon HD 4870,""RV770"",""AMD"",2009,1024,89.6,256,700"
"Mobility Radeon HD 4870 x2,""RV770"",""AMD"",2009,2048,179.2,512,700"
"Quadro NVS 510M,""G72GLM"",""Nvidia"",2010,1024,105.8,256,1150"
"Quadro NVS 300M,""G72GLM"",""Nvidia"",2006,512,16,128,500"
"Quadro NVS 320M,""G84M"",""Nvidia"",2007,512,22.4,128,700"
"Quadro NVS 160M,""G98M"",""Nvidia"",2008,256,11.2,64,700"
"Radeon HD 8610G,""Terascale 3"",""AMD"",2013,128,21.3,128,667"
"Radeon HD 7660G,""Terascale 3: Trinity"",""AMD"",2012,1024,25.6,128,800"
"Quadro NVS 150M,""G98M"",""Nvidia"",2008,256,11.2,64,700"
"Radeon HD 8650G,""Terascale 3"",""AMD"",2013,32,29.9,128,933"
"NVS 5400M,""Fermi GF108"",""Nvidia"",2012,2048,28.8,128,900"
"GeForce4 Go 488,""NV18M"",""Nvidia"",2002,64,1.1,32,275"
"Radeon HD 6380G,""WinterPark"",""AMD"",2011,64,105.8,128,1150"
"Mobility Radeon 7500 64MB,""RV200"",""AMD"",2001,64,1.6,64,200"
"GeForce 9800M GTS,""G94"",""Nvidia"",2008,1024,51.2,256,800"
"GeForce 9800M GTX SLI,""G92 (x2)"",""Nvidia"",2008,2048,102.4,256,800"
"GeForce 9800M GT SLI,""G92 (x2)"",""Nvidia"",2008,1024,102.4,256,800"
"GeForce 9800M GTS SLI,""G94 (x2)"",""Nvidia"",2008,2048,102.4,256,800"
"GeForce 9800M GTX,""G92"",""Nvidia"",2008,1024,51.2,256,800"
"GeForce 9800M GS,""G94"",""Nvidia"",2008,512,51.2,256,800"
"GeForce 9700M GT,""G96"",""Nvidia"",2008,512,25.6,128,800"
"GeForce 9800M GT,""G92"",""Nvidia"",2008,512,51.2,256,800"
"GeForce 9650M GS,""G84"",""Nvidia"",2008,512,25.6,128,800"
"GeForce 9700M GTS,""G94"",""Nvidia"",2008,512,51.2,256,800"
"GeForce 9600M GT,""G96"",""Nvidia"",2008,1024,25.6,128,800"
"GeForce 9650M GT,""G96"",""Nvidia"",2008,1024,25.6,128,800"
"GeForce 9500M GS,""G84"",""Nvidia"",2008,512,22.4,128,700"
"GeForce 9600M GS,""G96"",""Nvidia"",2008,1024,25.6,128,800"
"GeForce 9500M G,""G96"",""Nvidia"",2008,1024,25.6,128,800"
"GeForce 9300M GS,""G98"",""Nvidia"",2008,256,11.2,64,700"
"GeForce 9300M G,""G86"",""Nvidia"",2008,256,9.6,64,600"
"GeForce 9200M GS,""G98"",""Nvidia"",2008,256,11.2,64,700"
"GeForce4 Go 460,""NV17M"",""Nvidia"",2002,64,105.8,32,250"
"GeForce 9400M G,""MCP79MX"",""Nvidia"",2008,512,105.8,128,1150"
"GeForce4 Go 440,""NV17M"",""Nvidia"",2002,64,105.8,32,220"
"Quadro FX 880M,""GT216M"",""Nvidia"",2010,1024,25.3,128,790"
"GeForce4 Go 420,""NV17M"",""Nvidia"",2002,32,105.8,32,200"
"Quadro FX 770M,""NB9P-GLM2"",""Nvidia"",2008,512,25.6,128,800"
"GeForce4 Go 4200,""NV28M"",""Nvidia"",2002,128,3.2,128,200"
"Quadro FX 3700M,""G92M"",""Nvidia"",2008,1024,51.2,256,800"
"Quadro FX 570M,""G84M"",""Nvidia"",2007,512,22.4,128,700"
"Quadro FX 380M,""GT218M"",""Nvidia"",2010,512,12.8,64,800"
"Quadro FX 3800M,""G92M"",""Nvidia"",2009,256,64,256,1000"
"Quadro FX 360M,""G86M"",""Nvidia"",2007,256,9.6,64,600"
"Quadro FX 3600M,""G92M"",""Nvidia"",2008,1024,51.2,256,800"
"Quadro FX 2800M,""G92M"",""Nvidia"",2009,1024,64,256,1000"
"Quadro FX 350M,""G72GLM"",""Nvidia"",2006,256,5.6,64,350"
"Quadro FX 3500M,""G71GLM"",""Nvidia"",2007,512,44.8,256,700"
"Quadro FX 2500M,""G71GLM"",""Nvidia"",2005,1024,38.4,256,600"
"Quadro FX 1800M,""GT215M"",""Nvidia"",2010,1024,70.4,128,1100"
"Quadro FX 1700M,""G96M"",""Nvidia"",2008,512,25.6,128,800"
"Quadro K610M,""Kepler GK208"",""Nvidia"",2013,1024,20.8,64,650"
"Quadro FX 1500M,""G71GLM"",""Nvidia"",2006,512,32,256,500"
"Quadro FX 2700M,""G94M"",""Nvidia"",2008,512,51.2,256,800"
"Radeon IGP 320M,""RS200"",""AMD"",2002,64,105.8,64,1150"
"Radeon IGP 340M,""RS200"",""AMD"",2002,256,105.8,64,1150"
"Quadro K5100M,""Kepler GK104"",""Nvidia"",2013,8192,115.5,256,902"
"Quadro K4000M,""Kepler GK104"",""Nvidia"",2012,4096,89.6,256,700"
"Quadro K500M,""Kepler GK107"",""Nvidia"",2012,1024,14.4,64,900"
"Quadro K5000M,""Kepler GK104"",""Nvidia"",2012,4096,96,256,750"
"Quadro K3000M,""Kepler GK104"",""Nvidia"",2012,2048,89.6,256,700"
"Quadro K2000M,""Kepler GK107"",""Nvidia"",2012,2048,28.8,128,900"
"Quadro 5010M,""GF110GLM"",""Nvidia"",2011,4096,166.4,256,1300"
"Quadro K1100M,""Kepler GK107"",""Nvidia"",2013,2048,44.8,128,700"
"Quadro K3100M,""Kepler GK104"",""Nvidia"",2013,4096,102.4,256,800"
"Quadro K1000M,""Kepler GK107"",""Nvidia"",2012,2048,28.8,128,900"
"Quadro 4000M,""GF110GLM"",""Nvidia"",2011,2048,153.6,256,1200"
"Quadro 3000M,""GF110GLM"",""Nvidia"",2011,2048,80,256,625"
"Quadro 2000M,""Fermi GF106-N12P-Q3"",""Nvidia"",2011,2048,28.8,128,900"
"Quadro FX 1600M,""G84M"",""Nvidia"",2007,512,25.6,128,800"
"Quadro 5000M,""GF104GLM"",""Nvidia"",2010,2048,153.6,256,1200"
"NVS 5200M,""Fermi GF108"",""Nvidia"",2012,1024,14.4,64,900"
"Quadro 1000M,""GF108GLM"",""Nvidia"",2011,2048,28.8,128,900"
"NVS 5100M,""GT216M"",""Nvidia"",2010,1024,25.6,128,800"
"NVS 4200M,""Fermi GF119"",""Nvidia"",2011,1024,12.8,64,800"
"NVS 3100M,""GT218M"",""Nvidia"",2010,512,12.8,64,800"
"Quadro NVS 140M 256MB GDDR3,""G84M"",""Nvidia"",2007,256,11.2,64,700"
"Quadro NVS 140M 128MB GDDR2,""G84M"",""Nvidia"",2007,128,11.2,64,700"
"NVS 2100M,""GT218M"",""Nvidia"",2010,512,12.8,64,800"
"Quadro NVS 135M,""G86M"",""Nvidia"",2007,256,9.6,64,600"
"Quadro NVS 130M,""G86M"",""Nvidia"",2007,256,11.2,64,700"
"Quadro NVS 120M,""G72M"",""Nvidia"",2006,512,11.2,64,700"
"Radeon R7 8800P,""GCN 1.2 Carrizo"",""AMD"",2015,64,34.1,128,1067"
"Quadro NVS 110M,""G72M"",""Nvidia"",2006,512,105.8,64,1150"
"Radeon R7 7500,""Kaveri"",""AMD"",2014,128,25.6,128,800"
"Radeon R6 7350B,""Kaveri"",""AMD"",2014,4096,25.6,128,800"
"Radeon R5 7410,""Puma+ Carrizo-L"",""AMD"",2015,64,29.9,128,933"
"Radeon R6 7400P,""Kaveri"",""AMD"",2014,32,29.9,128,933"
"Radeon R6 8700P,""GCN 1.2 Carrizo"",""AMD"",2015,128,34.1,128,1067"
"Radeon R6 7300,""Kaveri"",""AMD"",2014,4096,25.6,128,800"
"Radeon R5 7200P,""Kaveri"",""AMD"",2014,512,29.9,128,933"
"Radeon R6 6700T,""Puma Mullins ML-A1"",""AMD"",2014,128,10.7,64,667"
"Radeon R5 7100,""Kaveri"",""AMD"",2014,64,25.6,128,800"
"Radeon R5 7150B,""Kaveri"",""AMD"",2014,64,25.6,128,800"
"Radeon R5 6410,""Beema"",""AMD"",2014,4096,14.9,64,933"
"Radeon R3 6210,""Beema"",""AMD"",2014,32,12.8,64,800"
"Radeon R4 7000,""Kaveri"",""AMD"",2014,256,25.6,128,800"
"Radeon R4 7310,""Puma+"",""AMD"",2015,128,12.8,64,800"
"Radeon R2 6110,""Beema"",""AMD"",2014,512,12.8,64,800"
"Radeon R2 6200T,""Puma Mullins ML-A1"",""AMD"",2014,256,8.5,64,533"
"Radeon R4 7050B,""Kaveri"",""AMD"",2014,256,25.6,128,800"
"Radeon R4 6310,""Beema"",""AMD"",2014,64,14.9,64,933"
"Radeon R3 6400T,""Puma Mullins ML-A1"",""AMD"",2014,4096,10.7,64,667"
"Radeon R2 6010,""Beema"",""AMD"",2014,64,10.7,64,667"
"Radeon R8 M365DX,""GCN 1.1"",""AMD"",2015,2048,86.4,192,1800"
"Radeon HD 8650G + HD 8670M Dual,""Terascale 3/GCN"",""AMD"",2013,2048,16,64,1000"
"Radeon HD 8650G + HD 8570M Dual,""Terascale 3/GCN"",""AMD"",2013,4096,16,64,1000"
"Radeon HD 8610G + HD 8670M Dual,""Terascale 3 Devastator (x2)"",""AMD"",2013,2048,21.3,64,667"
"Radeon HD 8550G + HD 8750M Dual,""Devastator / Mars PRO"",""AMD"",2013,2048,25.6,128,800"
"Radeon HD 8550G + HD 8670M Dual,""Terascale 3/GCN"",""AMD"",2013,32,16,64,1000"
"Radeon HD 7660G + HD 7670M Dual,""Terascale 2"",""AMD"",2012,128,28.8,128,900"
"Radeon HD 7640G + HD 7670M Dual,""Terascale 3"",""AMD"",2012,1024,28.8,128,900"
"Radeon HD 8210G + HD 8570M Dual,""Terascale 3/GCN"",""AMD"",2013,1024,16,64,1000"
"Radeon HD 7640G + HD 7470M Dual,""Devastator"",""AMD"",2012,1024,25.6,128,800"
"Radeon HD 7640G + HD 7610M Dual,""Terascale 3"",""AMD"",2012,512,28.8,128,900"
"Radeon HD 7520G + HD 7670M Dual,""Terascale 3"",""AMD"",2012,64,28.8,128,900"
"Radeon HD 6520G + HD 7670M Dual,""Terrascale 2"",""AMD"",2011,1024,28.8,128,900"
"Radeon HD 6645G2,""Terrascale 2"",""AMD"",2011,2048,21.3,128,667"
"Radeon HD 6620G,""BeaverCreek"",""AMD"",2011,256,105.8,128,1150"
"Radeon HD 7640G,""Terascale 3: Trinity"",""AMD"",2012,64,25.6,128,800"
"Radeon HD 6520G,""BeaverCreek"",""AMD"",2011,256,105.8,128,1150"
"Radeon HD 7620G,""Terascale 3: Trinity"",""AMD"",2012,64,21.3,128,667"
"Radeon HD 7600G,""Trinity"",""AMD"",2012,64,21.3,128,667"
"Radeon HD 7400G,""Terascale 3: Trinity"",""AMD"",2012,1024,21.3,128,667"
"Radeon HD 7500G,""Terascale 3: Trinity"",""AMD"",2012,512,21.3,128,667"
"Radeon HD 8550G,""Terascale 3"",""AMD"",2013,32,25.6,128,800"
"Radeon HD 8510G,""Terascale 3"",""AMD"",2013,64,105.8,128,1150"
"Radeon HD 7520G,""Terascale 3: Trinity"",""AMD"",2012,4096,25.6,128,800"
"Radeon HD 7420G,""Terascale 3: Trinity"",""AMD"",2012,1024,25.6,128,800"
"Radeon HD 8350G,""Scrapper"",""AMD"",2013,1024,25.6,128,800"
"Radeon HD 8450G,""Terascale 3"",""AMD"",2013,256,25.6,128,800"
"Radeon HD 6480G,""BeaverCreek"",""AMD"",2011,512,105.8,128,1150"
"Mobility Radeon HD 4670 1GB,""RV730"",""AMD"",2009,1024,25.6,128,800"
"Mobility Radeon HD 4550,""RV710"",""AMD"",2010,512,11.2,64,700"
"Mobility Radeon HD 4650,""RV730"",""AMD"",2009,512,25.6,128,800"
"Mobility Radeon HD 4850,""RV770"",""AMD"",2009,1024,54.4,256,850"
"Mobility Radeon HD 4530,""RV710"",""AMD"",2009,512,11.2,64,700"
"Mobility FireGL V5700,""M86GL"",""AMD"",2008,1024,22.4,128,700"
"Mobility Radeon HD 4570,""RV710"",""AMD"",2009,512,12.8,64,800"
"Mobility Radeon HD 4670 512MB,""RV730"",""AMD"",2009,512,25.6,128,800"
"Mobility Radeon HD 4350,""RV710"",""AMD"",2009,512,9.6,64,600"
"Mobility FireGL V5250,""M66GL"",""AMD"",2007,4096,10.6,128,330"
"Mobility FireGL V5200,""M56GL"",""AMD"",2006,1024,15.2,128,475"
"FirePro M7820,""Juniper XT"",""AMD"",2010,1024,64,128,1000"
"FirePro M8900,""Blackcomb XT"",""AMD"",2011,4096,115.2,256,900"
"FirePro M7740,""M97GL"",""AMD"",2009,1024,64,128,1000"
"FirePro M5950,""Whistler XT"",""AMD"",2011,1024,57.6,128,900"
"FirePro W4170M,""GCN 1.1 Mars XTX"",""AMD"",2014,2048,72,128,1125"
"FirePro M5800 1GB DDR3,""Redwood XT"",""AMD"",2010,1024,51.2,128,800"
"FirePro M6100,""GCN 1.1 Saturn XT GL"",""AMD"",2013,2048,72,128,1125"
"FirePro M5100,""GCN 1.1 Venus XT"",""AMD"",2013,2048,72,128,1125"
"FirePro M4000,""Cape Verde PRO GL"",""AMD"",2012,2048,64,128,1000"
"Mobility FireGL V3200,""M24GL"",""AMD"",2004,512,105.8,128,1150"
"Mobility Radeon HD 4330,""RV710"",""AMD"",2009,512,9.6,64,600"
"Mobility Radeon 9600 Series,""RV350"",""AMD"",2003,128,4,128,250"
"FirePro M3900,""Caicos"",""AMD"",2011,4096,14.4,64,900"
"Mobility Radeon 9200,""RV280"",""AMD"",2003,64,3.2,128,200"
"Mobility Radeon 9700 Series,""RV360"",""AMD"",2004,128,4.4,128,275"
"Mobility Radeon HD 4250,""RV620"",""AMD"",2010,512,105.8,128,1150"
"Mobility Radeon HD 4270,""RV620"",""AMD"",2010,64,105.8,128,1150"
"Mobility Radeon HD 4200,""RV620"",""AMD"",2009,256,105.8,128,1150"
"Mobility Radeon HD 2600 XT,""RV630"",""AMD"",2007,256,24,128,750"
"Mobility Radeon 9000 64MB,""RV250"",""AMD"",2002,64,3.2,128,200"
"Mobility Radeon HD 2600,""RV630"",""AMD"",2007,256,19.2,128,600"
"Mobility Radeon HD 2700,""RV630"",""AMD"",2007,256,22.4,128,700"
"Mobility Radeon HD 2300,""RV515"",""AMD"",2007,128,12.8,128,400"
"Mobility Radeon HD 2400 XT,""RV610"",""AMD"",2007,256,11.2,64,700"
"Mobility Radeon HD 3870,""RV670"",""AMD"",2008,512,54.4,256,850"
"Mobility Radeon HD 3670,""RV635"",""AMD"",2008,512,25.6,128,800"
"Mobility Radeon HD 3650,""RV635"",""AMD"",2008,512,22.4,128,700"
"Mobility Radeon HD 2400,""RV610"",""AMD"",2007,256,8,64,500"
"Mobility Radeon HD 3850,""RV670"",""AMD"",2008,512,48,256,750"
"Mobility Radeon HD 3470,""RV620"",""AMD"",2008,256,12.8,64,800"
"Mobility Radeon HD 3200,""RV620"",""AMD"",2008,256,105.8,64,1150"
"Mobility Radeon HD 3430,""RV620"",""AMD"",2008,256,11.2,64,700"
"Mobility Radeon HD 3450,""RV620"",""AMD"",2008,256,11.2,64,700"
"Mobility Radeon HD 3410,""RV620"",""AMD"",2008,256,11.2,64,700"
"GeForce 8800M GTX,""G92M"",""Nvidia"",2007,512,51.2,256,800"
"GeForce 8800M GTX SLI,""G92 (x2)"",""Nvidia"",2007,2048,204.8,256,800"
"GeForce 8800M GTS,""G92M"",""Nvidia"",2007,512,51.2,256,800"
"GeForce Go 6800 ultra,""NV41M"",""Nvidia"",2005,256,35.2,256,550"
"GeForce GTX 880M 8GB,""Kepler GK104"",""Nvidia"",2014,8192,160,256,1250"
"GeForce Go 7900 GTX,""G71M"",""Nvidia"",2006,512,38.4,256,600"
"GeForce Go 7200,""G72M"",""Nvidia"",2006,64,2.8,32,350"
"GeForce Go 7800 GTX,""G70M"",""Nvidia"",2005,512,35.2,256,550"
"GeForce Go 7950 GTX,""G71M"",""Nvidia"",2006,512,44.8,256,700"
"GeForce GTX 880M SLI,""Kepler GK104 (x2)"",""Nvidia"",2014,16384,320,256,1250"
"GeForce GTX 485M SLI,""Fermi GF104-N12E-GTX-A1 (x2)"",""Nvidia"",2011,4096,192,256,750"
"GeForce GTX 880M 4GB,""Kepler GK104"",""Nvidia"",2014,4096,160,256,1250"
"GeForce Go 7900 GS,""G71M"",""Nvidia"",2006,512,32,256,500"
"GeForce GTS 160M,""G94b"",""Nvidia"",2009,1024,51.2,256,800"
"GeForce GTX 580M SLI,""Fermi GF114 (x2)"",""Nvidia"",2011,4096,192,256,750"
"GeForce GTX 560M SLI,""Fermi GF116 (x2)"",""Nvidia"",2011,3072,120,192,625"
"GeForce GTX 570M,""Fermi GF114"",""Nvidia"",2011,1536,72,192,750"
"GeForce GT 555M 3GB,""Fermi GF106"",""Nvidia"",2011,3072,43.2,192,900"
"GeForce GTX 580M,""Fermi GF114"",""Nvidia"",2011,2048,96,256,750"
"GeForce GT 555M v2,""Fermi GF108-400-A1"",""Nvidia"",2011,1024,50.2,128,784"
"GeForce GTX 560M,""Fermi GF116"",""Nvidia"",2011,1536,60,192,625"
"GeForce GT 555M v3,""Fermi GF116"",""Nvidia"",2012,2048,28.8,128,900"
"GeForce GT 550M 2GB,""Fermi GF108"",""Nvidia"",2011,2048,28.8,128,900"
"GeForce GT 540M,""Fermi GF108"",""Nvidia"",2011,1024,28.8,128,900"
"GeForce GT 555M,""Fermi GF106"",""Nvidia"",2011,1536,43.2,192,900"
"GeForce GT 540M 2GB,""Fermi GF108"",""Nvidia"",2011,2048,28.8,128,900"
"GeForce GT 550M,""Fermi GF108"",""Nvidia"",2011,1024,28.8,128,900"
"GeForce GT 525M,""Fermi GF108"",""Nvidia"",2011,1024,28.8,128,900"
"GeForce GT 525M 2GB,""Fermi GF108"",""Nvidia"",2011,2048,28.8,128,900"
"GeForce GT 520M v2,""Fermi GF108"",""Nvidia"",2011,1024,12.8,64,800"
"GeForce GT 520M,""Fermi GF119"",""Nvidia"",2011,1024,12.8,64,800"
"GeForce GTX 280M,""Tesla G92-N10E-GTX"",""Nvidia"",2009,1024,60.8,256,950"
"GeForce GTX 285M,""Tesla G92-N10E-GTX1-B1"",""Nvidia"",2010,1024,64,256,1000"
"GeForce GT 520MX,""Fermi GF119"",""Nvidia"",2011,1024,14.4,64,900"
"GeForce GTX 260M,""Tesla G92-N10E-GT"",""Nvidia"",2009,1024,60.8,256,950"
"GeForce GTX 260M SLI,""Tesla G92b (x2)"",""Nvidia"",2009,2048,121.6,256,950"
"GeForce GTS 260M,""Tesla GT215-N10E-GS"",""Nvidia"",2009,1024,57.6,128,900"
"GeForce GTS 250M,""Tesla GT215-N10E-GE-A2"",""Nvidia"",2009,1024,51.2,128,800"
"GeForce GTX 280M SLI,""Tesla G92b (x2)"",""Nvidia"",2009,2048,121.6,256,950"
"GeForce GTX 1070M,""Pascal P104-200-A1"",""Nvidia"",2016,8192,256.3,256,2002"
"GeForce GTX 1050M Ti 4GB,""Pascal P107"",""Nvidia"",2016,4096,112.1,128,1752"
"GeForce GT 240M,""Tesla GT216-N10P-GS"",""Nvidia"",2009,1024,25.6,128,800"
"GeForce GTX 1080 Ti Mobile,""Pascal P102"",""Nvidia"",2017,11264,484.4,352,1376"
"GeForce GTX 1050M,""Pascal P107"",""Nvidia"",2016,2048,112.1,128,1752"
"GeForce G 210M,""Tesla GT218-N10M-GS"",""Nvidia"",2009,512,12.8,64,800"
"GeForce GT 230M,""Tesla GT216-N10P-GE-A2"",""Nvidia"",2009,1024,25.6,128,800"
"GeForce GTX 1060M,""Pascal P106-400-A1"",""Nvidia"",2016,6144,192.2,192,2002"
"GeForce GTX 285M SLI,""Tesla G92b (x2)"",""Nvidia"",2010,2048,65.3,128,1020"
"GeForce GT 130M,""G96b"",""Nvidia"",2009,1024,25.6,128,800"
"GeForce GTS 150M,""G94b"",""Nvidia"",2009,1024,64,256,1000"
"GeForce G 205M,""Tesla MCP79MX"",""Nvidia"",2010,1024,6.4,64,400"
"GeForce GT 220M,""Tesla G96M C1"",""Nvidia"",2009,1024,25.6,128,800"
"GeForce G 103M,""G98"",""Nvidia"",2009,512,8,64,500"
"GeForce G 105M,""G98"",""Nvidia"",2009,512,11.2,64,700"
"GeForce G 102M,""MCP79XT"",""Nvidia"",2009,2048,6.4,64,400"
"GeForce GT 120M,""G96b"",""Nvidia"",2009,1024,105.8,128,1150"
"GeForce GTX 485M,""Fermi GF104-N12E-GTX-A1"",""Nvidia"",2011,2048,96,256,750"
"GeForce GTX 480M,""Fermi GF100-N11E-GTX-A3"",""Nvidia"",2010,2048,76.8,256,600"
"GeForce GTX 480M SLI,""Fermi GF100-N11E-GTX-A3 (x2)"",""Nvidia"",2010,4096,153.6,256,600"
"GeForce GTX 470M SLI,""Fermi GF104-N11E-GT (x2)"",""Nvidia"",2010,3072,120,192,625"
"GeForce GTX 470M,""Fermi GF104-N11E-GT"",""Nvidia"",2010,1536,60,192,625"
"GeForce GT 445M v2,""Fermi GF106-N11E-GE-A1"",""Nvidia"",2010,1024,40,128,625"
"GeForce G 110M,""G96b"",""Nvidia"",2009,1024,11.2,64,700"
"GeForce GT 445M,""Fermi GF106-N11E-GE-A1"",""Nvidia"",2010,3072,38.4,192,800"
"GeForce GTX 460M SLI,""Fermi GF106-N11E-GS-A1 (x2)"",""Nvidia"",2010,3072,120,192,625"
"GeForce GT 435M v2,""Fermi GF106-N11E-GE-A1"",""Nvidia"",2011,1024,25.6,128,800"
"GeForce GT 435M,""Fermi GF108-N11P-GT"",""Nvidia"",2010,1024,25.6,128,800"
"GeForce GT 425M,""Fermi GF108-N11P-GS-A1"",""Nvidia"",2010,1024,25.6,128,800"
"GeForce GTX 460M,""Fermi GF106-N11E-GS-A1"",""Nvidia"",2010,1536,60,192,625"
"GeForce GTX 870M 6GB,""Kepler GK104"",""Nvidia"",2014,6144,120,192,1250"
"GeForce GTX 1080M,""Pascal P104-400-A1"",""Nvidia"",2016,8192,320.3,256,1251"
"GeForce 410M,""Fermi GF119-N12M-GS"",""Nvidia"",2011,1024,12.8,64,800"
"GeForce GT 420M,""Fermi GF108-N11P-GE-A1"",""Nvidia"",2010,512,25.6,128,800"
"GeForce GT 415M,""Fermi GF108-N11P-GV"",""Nvidia"",2010,512,25.6,128,800"
"GeForce GTX 860M 4GB,""Maxwell GM107"",""Nvidia"",2014,4096,80,128,1250"
"Geforce 405M,""Tesla GT218"",""Nvidia"",2012,512,12.8,64,800"
"GeForce GTX 850M v2 2GB,""Maxwell GM107"",""Nvidia"",2014,2048,80.2,128,1253"
"GeForce GTX 850M 4GB,""Maxwell GM107"",""Nvidia"",2014,4096,32,128,1000"
"GeForce GTX 860M 2GB SLI,""Maxwell GM107-N15P-GX-A1 (x2)"",""Nvidia"",2014,4096,160.4,128,1253"
"GeForce 840M 4GB,""Maxwell GM108"",""Nvidia"",2014,2048,16,64,1001"
"GeForce GTS 360M,""GT215"",""Nvidia"",2010,1024,57.6,128,900"
"GeForce 820M 2GB,""Fermi GF117-N15V-GM"",""Nvidia"",2013,2048,14.4,64,900"
"GeForce GTS 350M,""GT215"",""Nvidia"",2010,1024,51.2,128,800"
"GeForce GT 335M,""GT215"",""Nvidia"",2010,1024,34.1,128,1066"
"GeForce 840M 2GB,""Maxwell GM108"",""Nvidia"",2014,2048,16,64,1001"
"GeForce GT 330M,""GT216"",""Nvidia"",2010,1024,34.1,128,1066"
"GeForce GT 325M,""GT216"",""Nvidia"",2010,1024,34.1,128,1066"
"GeForce 825M 2GB,""Kepler GK208"",""Nvidia"",2014,2048,14.4,64,900"
"GeForce 320M,""Tesla MCP89"",""Nvidia"",2010,2048,21.3,128,667"
"GeForce GT 320M,""GT216"",""Nvidia"",2010,1024,25.3,128,790"
"GeForce GTX 850M 2GB,""Maxwell GM107"",""Nvidia"",2014,2048,32,128,1000"
"GeForce 310M,""Tesla GT218-N11M-GE1"",""Nvidia"",2010,512,12.6,64,790"
"GeForce 315M,""Tesla GT218-N11M-GE1"",""Nvidia"",2011,512,12.6,64,790"
"GeForce GTX 870M 3GB,""Kepler GK104"",""Nvidia"",2014,3072,120,192,1250"
"GeForce 820M 1GB,""Fermi GF117-N15V-GM"",""Nvidia"",2013,1024,14.4,64,900"
"GeForce 305M,""Tesla GT218-N11M-LP1"",""Nvidia"",2010,512,11.2,64,700"
"GeForce GTX 675MX Mac Edition,""Kepler GK104"",""Nvidia"",2013,1024,160,256,1250"
"GeForce GTX 680M,""Kepler GK104-N13E-GTX-A2"",""Nvidia"",2012,4096,115.2,256,900"
"GeForce GTX 675MX,""Kepler GK104-N13E-GSR-A2"",""Nvidia"",2012,2048,115.2,256,900"
"GeForce GTX 680MX,""Kepler GK104-N13E-GTX2-A2"",""Nvidia"",2012,2048,160,256,1250"
"GeForce GTX 680M SLI,""Kepler GK104 (x2)"",""Nvidia"",2012,4096,230.4,256,900"
"GeForce GTX 675M,""Fermi GF114"",""Nvidia"",2012,2048,96,256,750"
"GeForce GTX 675M SLI,""Fermi GF114 (x2)"",""Nvidia"",2012,4096,192,256,750"
"GeForce GTX 860M 2GB,""Maxwell GM107-N15P-GX-A1"",""Nvidia"",2014,2048,80.2,128,1253"
"GeForce GTX 670MX SLI,""Kepler GK106 (x2)"",""Nvidia"",2012,6144,134.4,192,700"
"GeForce 310M v2,""Tesla GT218-N11M-GE1"",""Nvidia"",2010,1024,10.7,64,667"
"GeForce GTX 670M,""Fermi GF114"",""Nvidia"",2012,1536,72,192,750"
"GeForce GTX 670M 3GB,""Fermi GF114"",""Nvidia"",2012,3072,72,192,750"
"GeForce GTX 670MX,""Kepler GK104-N13E-GR-A2"",""Nvidia"",2012,3072,67.2,192,700"
"GeForce GTX 660M,""Kepler GK107-N13E-GE-A2"",""Nvidia"",2012,2048,64,128,1000"
"GeForce GT 650M v2 SLI,""Kepler GK107 (x2)"",""Nvidia"",2012,4096,128,128,1000"
"GeForce GT 650M Mac 1GB Edition,""Kepler GK107-N13P-GT-W-A2"",""Nvidia"",2012,1024,80.3,128,1254"
"GeForce GT 645M,""Kepler GK107"",""Nvidia"",2012,2048,28.8,128,900"
"GeForce GT 640M LE v2,""Fermi GF108"",""Nvidia"",2012,2048,50.2,128,785"
"GeForce GT 640M LE,""Kepler GK107"",""Nvidia"",2012,1024,28.8,128,900"
"GeForce GT 650M,""Kepler GK107"",""Nvidia"",2012,1024,28.8,128,900"
"GeForce GT 640M,""Kepler GK107"",""Nvidia"",2012,2048,28.8,128,900"
"GeForce GT 635M v3,""Fermi GF116"",""Nvidia"",2012,2048,28.8,128,900"
"GeForce GT 635M v2,""Fermi GF108"",""Nvidia"",2012,1024,28.8,128,900"
"GeForce GT 630M,""Fermi GF108"",""Nvidia"",2012,1024,28.8,128,900"
"GeForce GT 625M,""Fermi GF117"",""Nvidia"",2012,2048,14.4,64,900"
"GeForce GT 620M v2,""Fermi GF108"",""Nvidia"",2012,1024,28.8,128,900"
"GeForce GT 630M v3,""Fermi GF108"",""Nvidia"",2012,2048,28.8,128,900"
"GeForce GT 620M,""Fermi GF117"",""Nvidia"",2012,1024,14.4,64,900"
"GeForce 610M v5,""Fermi GF119"",""Nvidia"",2011,2048,12.8,64,800"
"GeForce GT 630M v2,""Fermi GF108"",""Nvidia"",2012,2048,57.6,128,900"
"GeForce 830M 2GB,""Maxwell GM108"",""Nvidia"",2014,2048,14.4,64,900"
"GeForce 610M v4,""Fermi GF119"",""Nvidia"",2011,1024,14.4,64,900"
"GeForce 610M v3,""Fermi GF117"",""Nvidia"",2011,1024,14.4,64,900"
"GeForce 610M v2,""Fermi GF108"",""Nvidia"",2011,1024,14.4,64,900"
"GeForce GTX 780M SLI,""Kepler GK104 (x2)"",""Nvidia"",2013,8192,320,256,1250"
"GeForce GTX 780M,""Kepler GK104-N14E-GTX-A2"",""Nvidia"",2013,4096,160,256,1250"
"GeForce GTX 770M SLI,""Kepler GK106 (x2)"",""Nvidia"",2013,4096,192,192,1000"
"GeForce GTX 770M,""Kepler GK106-N14E-GS-A1"",""Nvidia"",2013,3072,96.2,192,1002"
"GeForce GT 635M,""Fermi GF116"",""Nvidia"",2012,2048,28.8,128,900"
"GeForce GTX 765M SLI,""Kepler GK106-N14E-GE-B-A1 (x2)"",""Nvidia"",2013,4096,128,128,1000"
"GeForce GTX 775M Mac Edition,""Kepler GK104-N13E-GTX-A2"",""Nvidia"",2013,2048,115.2,256,900"
"GeForce GTX 760M SLI,""Kepler GK106-N14E-GL-A1 (x2)"",""Nvidia"",2013,4096,128,128,1000"
"GeForce GTX 765M,""Kepler GK106-N14E-GE-B-A1"",""Nvidia"",2013,2048,64.1,128,1002"
"GeForce GT 755M SLI,""Kepler GK107-GT-755M (x2)"",""Nvidia"",2013,4096,172.8,128,1350"
"GeForce GTX 760M,""Kepler GK106-N14E-GL-A1"",""Nvidia"",2013,2048,64.1,128,1002"
"GeForce GT 750M v3,""Kepler GK107-N14P-GT"",""Nvidia"",2013,2048,28.8,128,900"
"GeForce GT 750M Mac Edition,""Kepler GK107-N14P-GT"",""Nvidia"",2013,2048,80.2,128,1253"
"GeForce GT 750M SLI,""Kepler GK107 (x2)"",""Nvidia"",2013,4096,160,128,1250"
"GeForce GT 750M,""Kepler GK107-N14P-GT"",""Nvidia"",2013,2048,28.8,128,900"
"GeForce GT 750M 2GB GDDR5,""Kepler GK107-N14P-GT"",""Nvidia"",2013,2048,64,128,1000"
"GeForce GT 745M v2,""Kepler GK107-N14P-LP"",""Nvidia"",2013,2048,28.8,128,900"
"GeForce GT 740M v2,""Kepler GK107-GT-740M"",""Nvidia"",2013,2048,28.8,128,900"
"GeForce GT 745M,""Kepler GK107-N14P-LP"",""Nvidia"",2013,2048,28.8,128,900"
"GeForce GT 755M,""Kepler GK107-GT-755M"",""Nvidia"",2013,2048,86.4,128,1350"
"GeForce GT 740M 64-bit Edition,""Kepler GK208-GT-740M"",""Nvidia"",2013,2048,14.4,64,900"
"GeForce GT 740M,""Kepler GK107-GT-740M"",""Nvidia"",2013,2048,28.8,128,900"
"GeForce GT 730M v2,""Kepler GK208"",""Nvidia"",2014,2048,28.8,128,900"
"GeForce GT 730M,""Kepler GK107"",""Nvidia"",2013,2048,28.8,128,900"
"GeForce GT 720M 2GB,""Fermi GF117-N14M-GE"",""Nvidia"",2013,2048,14.4,64,900"
"GeForce GT 735M,""Kepler GK208"",""Nvidia"",2013,2048,14.4,64,900"
"GeForce 710M,""Fermi GF117-N14M-GL"",""Nvidia"",2013,1024,14.4,64,900"
"GeForce GT 720M,""Fermi GF117-N14M-GE"",""Nvidia"",2013,1024,14.4,64,900"
"GeForce GT 650M v2,""Kepler GK107"",""Nvidia"",2012,2048,64,128,1000"
"GeForce GTX 980M 8GB SLI,""Maxwell GM204 (x2)"",""Nvidia"",2014,16384,320.8,256,1253"
"GeForce GTX 980MX 8GB,""Maxwell GM204"",""Nvidia"",2016,8192,160.4,256,1253"
"GeForce GTX 980M 8GB,""Maxwell GM204-N16E-GX-A2"",""Nvidia"",2014,8192,160.4,256,1253"
"GeForce GTX 980M 4GB,""Maxwell GM204-N16E-GX-A2"",""Nvidia"",2014,4096,160.4,256,1253"
"GeForce GTX 970MX 3GB,""Maxwell GM204"",""Nvidia"",2016,3072,120.3,192,1253"
"GeForce GTX 970M 6GB SLI,""Maxwell GM204-N16E-GT-A2 (x2)"",""Nvidia"",2014,12288,240.6,192,1253"
"GeForce GTX 970M 3GB,""Maxwell GM204"",""Nvidia"",2014,3072,120.3,192,1253"
"GeForce GTX 970M 6GB,""Maxwell GM204"",""Nvidia"",2014,6144,120.3,192,1253"
"GeForce GTX 965M 4GB SLI,""Maxwell GM204-N16E-GS (x2)"",""Nvidia"",2015,4096,160,128,1250"
"GeForce GTX 980 4GB,""Maxwell GM204"",""Nvidia"",2015,4096,224,256,1750"
"GeForce GTX 960M 4GB,""Maxwell GM107-N16P-GX-A1"",""Nvidia"",2015,4096,80.2,128,1253"
"GeForce GTX 965M 4GB,""Maxwell GM204-N16E-GS"",""Nvidia"",2015,4096,80,128,1250"
"GeForce GTX 960M 2GB,""Maxwell GM107-N16P-GX-A1"",""Nvidia"",2015,2048,80.2,128,1253"
"GeForce 610M,""Fermi GF119"",""Nvidia"",2011,1024,14.4,64,900"
"GeForce GTX 950M v2 2GB,""Maxwell GM107-N16P-GT"",""Nvidia"",2015,2048,32,128,1000"
"GeForce 940MX 2GB,""Maxwell GM108-N16S-GTR"",""Nvidia"",2016,2048,16,64,1001"
"GeForce 945M 2GB,""Maxwell GM107"",""Nvidia"",2015,2048,32,128,1000"
"GeForce GTX 950M v2 4GB,""Maxwell GM107-N16P-GT"",""Nvidia"",2015,4096,28.8,128,900"
"GeForce GTX 965M 2GB,""Maxwell GM204-N16E"",""Nvidia"",2015,2048,80,128,1250"
"GeForce 705M 1GB,""Fermi GF119-B1"",""Nvidia"",2013,1024,14.4,64,900"
"GeForce 930MX 2GB,""Maxwell GM108-N16S-GMR"",""Nvidia"",2016,2048,40,64,1250"
"GeForce GTX 950M 2GB,""Maxwell GM107-N16P-GT"",""Nvidia"",2015,2048,80,128,1250"
"GeForce 940M 2GB,""Maxwell GM108-N16S-GT-S"",""Nvidia"",2015,2048,16,64,1000"
"GeForce 920MX 2GB,""Maxwell GM108-N16V-GMR"",""Nvidia"",2016,2048,36,64,1125"
"GeForce 930M 2GB,""Maxwell GM108-N16S-GM"",""Nvidia"",2015,2048,14.4,64,900"
"GeForce 940M 4GB,""Maxwell GM108-N16S-GT-S"",""Nvidia"",2015,4096,16,64,1000"
"GeForce 920M 4GB,""Kepler GK208-N16V-GM"",""Nvidia"",2015,4096,14.4,64,900"
"GeForce 910M 2GB,""Kepler GK107?"",""Nvidia"",2015,2048,14.4,64,900"
"GeForce 920M 2GB,""Kepler GK208-N16V-GM"",""Nvidia"",2015,2048,14.4,64,900"
"GeForce Go 7800,""G70M"",""Nvidia"",2006,256,35.2,256,550"
"GeForce Go 7700,""G73-N-B1"",""Nvidia"",2006,512,16,128,500"
"GeForce Go 7300,""G72M"",""Nvidia"",2006,64,11.2,64,700"
"GeForce Go 7600 GT,""G73M"",""Nvidia"",2006,256,19.2,128,600"
"GeForce 920M 1GB,""Kepler GK208-N16V-GM"",""Nvidia"",2015,1024,14.4,64,900"
"GeForce Go 7400,""G72M"",""Nvidia"",2006,128,7.2,64,450"
"GeForce Go 6800,""NV41M"",""Nvidia"",2005,256,17.6,128,550"
"GeForce Go 6600,""NV43M"",""Nvidia"",2005,256,9.6,128,300"
"GeForce Go 7600 512MB DDR2,""G73M"",""Nvidia"",2006,512,12.2,128,380"
"GeForce Go 6400,""NV44M"",""Nvidia"",2006,32,2.8,64,350"
"GeForce Go 6150,""C51M"",""Nvidia"",2006,2048,105.8,128,1150"
"GeForce Go 6100,""C51M"",""Nvidia"",2006,512,105.8,128,1150"
"GeForce Go 6200,""NV44M"",""Nvidia"",2006,32,2.4,64,300"
"GeForce Go 7600,""G73M"",""Nvidia"",2006,256,16,128,500"
"GeForce 8700M GT,""G84M"",""Nvidia"",2007,512,25.6,128,800"
"GeForce 8700M GT 256MB,""G84M"",""Nvidia"",2007,256,25.6,128,800"
"GeForce 8600M GT 512MB,""G84M"",""Nvidia"",2007,512,22.4,128,700"
"GeForce 8600M GT,""G84M"",""Nvidia"",2007,256,22.4,128,700"
"GeForce 8400M GS,""G86M"",""Nvidia"",2007,256,9.6,64,600"
"GeForce 8600M GS,""G84M"",""Nvidia"",2007,512,22.4,128,700"
"GeForce 8400M G,""G86M"",""Nvidia"",2007,256,9.6,64,600"
"GeForce 8400M GT,""G86M"",""Nvidia"",2007,512,19.2,128,600"
"Iris i5 5675C,""Broadwell GT3e"",""Intel"",2015,32,12.8,128,800"
"HD Xeon E3-1235,""Sandy Bridge"",""Intel"",2011,1024,21.3,128,667"
"HD i5 K655,""Clarkdale"",""Intel"",2010,32,10.7,64,667"
"HD Xeon E3-1225,""Sandy Bridge"",""Intel"",2011,128,21.3,128,667"
"Intel HD Pentium G620,""Sandy Bridge"",""Intel"",2011,256,17.1,128,533"
"Intel GMA X4500,""Eaglelake"",""Intel"",2008,32,105.8,64,1150"
"Intel HD Pentium G4520,""Skylake GT2"",""Intel"",2015,32,34.1,128,1067"
"Intel Q45 Express Chipset,""Eaglelake"",""Intel"",2008,512,105.8,128,1150"
"Radeon RX Vega 64 Nano 8GB,""Vega 10 XT"",""AMD"",2017,8192,256,512,500"
"Radeon RX Vega 64 Liquid 8GB,""Vega 10 XTX"",""AMD"",2017,8192,256,512,500"
"Radeon Xpress 1200 Series,""RS690C"",""AMD"",2007,128,105.8,128,1150"
"Radeon X850 XT Platinum,""R480"",""AMD"",2004,256,75.5,256,1180"
"Radeon R9 295X2 Crossfire,""GCN 1.1 Versuvius XT"",""AMD"",2014,16384,1280,512,1250"
"Radeon R9 295X2 XFX Hydra 8GB Edition,""GCN 1.1 Versuvius XT"",""AMD"",2014,8192,640,512,1250"
"Radeon R9 295X2,""GCN 1.1 Versuvius XT"",""AMD"",2014,8192,640,512,1250"
"Radeon R9 290X XFX Double Dissipation 8GB Edition,""GCN 1.1 Hawaii XT"",""AMD"",2014,8192,352,512,1375"
"Radeon R9 Nano 4GB,""GCN 1.2 Fiji XT"",""AMD"",2015,4096,512,4096,500"
"Radeon R9 290X XFX Core 4GB Edition,""GCN 1.1 Hawaii XT"",""AMD"",2013,4096,320,512,1250"
"Radeon R9 FURY X 4GB Crossfire,""GCN 1.2 Fiji XT (x2)"",""AMD"",2015,8192,1024,4096,500"
"Radeon Xpress X200,""RS480"",""AMD"",2004,1024,3.2,64,400"
"Radeon R9 FURY Sapphire Tri-X 4GB Edition,""GCN 1.2 Fiji PRO"",""AMD"",2015,4096,512,4096,500"
"Radeon R9 FURY X 4GB,""GCN 1.2 Fiji XT"",""AMD"",2015,4096,512,4096,500"
"Radeon R9 FURY 4GB,""GCN 1.2 Fiji PRO"",""AMD"",2015,4096,512,4096,500"
"Radeon R9 390X XFX Double Dissipation Black 8GB Edition,""GCN 1.1 Grenada XT"",""AMD"",2015,8192,384,512,1500"
"Radeon R9 390X PowerColor PCS+ 8GB Edition,""GCN 1.1 Grenada XT"",""AMD"",2015,8192,384,512,1500"
"Radeon R9 390X XFX Double Dissipation 8GB Edition,""GCN 1.1 Grenada XT"",""AMD"",2015,8192,384,512,1500"
"Radeon R9 390X Sapphire Tri-X 8GB Edition,""GCN 1.1 Grenada XT"",""AMD"",2015,8192,384,512,1500"
"Radeon R9 390X Sapphire Tri-X w/ Back Plate 8GB Edition,""GCN 1.1 Grenada XT"",""AMD"",2015,8192,384,512,1500"
"Radeon R9 390X Sapphire Nitro w/ Back Plate 8GB Edition,""GCN 1.1 Grenada XT"",""AMD"",2015,8192,384,512,1500"
"Radeon R9 390X HIS IceQ X? OC 8GB Edition,""GCN 1.1 Grenada XT"",""AMD"",2015,8192,384,512,1500"
"Radeon R9 390X MSI Gaming 8GB Edition,""GCN 1.1 Grenada XT"",""AMD"",2015,8192,390.4,512,1525"
"Radeon R9 390X PowerColor Devil 8GB Edition,""GCN 1.1 Grenada XT"",""AMD"",2015,8192,390.4,512,1525"
"Radeon R9 390X Gigabyte G1 Gaming 8GB Edition,""GCN 1.1 Grenada XT"",""AMD"",2015,8192,384,512,1500"
"Radeon R9 390X Crossfire,""GCN 1.1 Grenada XT (x2)"",""AMD"",2015,16384,768,512,1500"
"Radeon R9 390X Asus DirectCU III Strix Gaming OC 8GB Edition,""GCN 1.1 Grenada XT"",""AMD"",2015,8192,384,512,1500"
"Radeon R9 390X Club3D royalQueen OC 8GB Edition,""GCN 1.1 Grenada XT"",""AMD"",2015,8192,384,512,1500"
"Radeon R9 390 XFX Double Dissipation 8GB Edition,""GCN 1.1 Grenada PRO"",""AMD"",2015,8192,384,512,1500"
"Radeon R9 390X,""GCN 1.1 Grenada XT"",""AMD"",2015,8192,384,512,1500"
"Radeon R9 390 PowerColor PCS+ 8GB Edition,""GCN 1.1 Grenada PRO"",""AMD"",2015,8192,384,512,1500"
"Radeon R9 390X Asus DirectCU II 8GB Edition,""GCN 1.1 Grenada XT"",""AMD"",2015,8192,384,512,1500"
"Radeon R9 390 Sapphire Nitro 8GB Edition,""GCN 1.1 Grenada PRO"",""AMD"",2015,8192,384,512,1500"
"Radeon R9 390 Sapphire Nitro w/ Back Plate 8GB Edition,""GCN 1.1 Grenada PRO"",""AMD"",2015,8192,384,512,1500"
"Radeon R9 390 Gigabyte G1 Gaming 8GB Edition,""GCN 1.1 Grenada PRO"",""AMD"",2015,8192,384,512,1500"
"Radeon R9 390 MSI Gaming 8GB Edition,""GCN 1.1 Grenada PRO"",""AMD"",2015,8192,390.4,512,1525"
"Radeon R9 390 Crossfire,""GCN 1.1 Grenada PRO (x2)"",""AMD"",2015,16384,768,512,1500"
"Radeon R9 390 PowerColor Devil 13 Dual Core 16GB Edition,""GCN 1.1 Grenada PRO (x2)"",""AMD"",2015,16384,691.2,512,1350"
"Radeon R9 390 Asus DirectCU III OC Strix Gaming 8GB Edition,""GCN 1.1 Grenada PRO"",""AMD"",2015,8192,384,512,1500"
"Radeon R9 380X XFX Double Dissipation Black OC 4GB Edition,""GCN 1.2 Antigua XT"",""AMD"",2015,4096,185.6,256,1450"
"Radeon R9 390 Gigabyte G1 Gaming 8GB Edition Crossfire,""GCN 1.1 Grenada PRO (x2)"",""AMD"",2015,16384,768,512,1500"
"Radeon R9 380X XFX Double Dissipation XXX OC 4GB Edition,""GCN 1.2 Antigua XT"",""AMD"",2015,4096,182.4,256,1425"
"Radeon R9 390,""GCN 1.1 Grenada PRO"",""AMD"",2015,8192,384,512,1500"
"Radeon R9 390 Club3D royalQueen OC 8GB Edition,""GCN 1.1 Grenada PRO"",""AMD"",2015,8192,384,512,1500"
"Radeon R9 380X Sapphire Nitro 4GB Edition,""GCN 1.2 Antigua XT"",""AMD"",2015,4096,192,256,1500"
"Radeon R9 380X HIS IceQ X? Turbo 4GB Edition,""GCN 1.2 Antigua XT"",""AMD"",2015,4096,182.4,256,1425"
"Radeon R9 390 Asus DirectCU II 8GB Edition,""GCN 1.1 Grenada PRO"",""AMD"",2015,8192,384,512,1500"
"Radeon R9 380X HIS IceQ X? OC 4GB Edition,""GCN 1.2 Antigua XT"",""AMD"",2015,4096,182.4,256,1425"
"Radeon R9 380X PowerColor PCS+ Myst. 4GB Edition,""GCN 1.2 Antigua XT"",""AMD"",2015,4096,188.8,256,1475"
"Radeon R9 380X Gigabyte Gaming G1 4GB Edition,""GCN 1.2 Antigua XT"",""AMD"",2015,4096,182.4,256,1425"
"Radeon R9 380X Asus DirectCU II Strix Gaming 4GB Edition,""GCN 1.2 Antigua XT"",""AMD"",2015,4096,182.4,256,1425"
"Radeon R9 380X,""GCN 1.2 Antigua XT"",""AMD"",2015,4096,182.4,256,1425"
"Radeon R9 380 Sapphire ITX Compact OC 2GB Edition,""GCN 1.2 Antigua PRO"",""AMD"",2015,2048,176,256,1375"
"Radeon R9 380X Asus DirectCU II OC Strix Gaming 4GB Edition,""GCN 1.2 Antigua XT"",""AMD"",2015,4096,182.4,256,1425"
"Radeon R9 380 XFX Double Dissipation 4GB Edition,""GCN 1.2 Antigua PRO"",""AMD"",2015,4096,182.4,256,1425"
"Radeon R9 380 PowerColor PCS+ 2GB Edition,""GCN 1.2 Antigua PRO"",""AMD"",2015,2048,188.8,256,1475"
"Radeon R9 380 PowerColor PCS+ 4GB Edition,""GCN 1.2 Antigua PRO"",""AMD"",2015,4096,188.8,256,1475"
"Radeon R9 380 Sapphire Nitro 4GB Edition,""GCN 1.2 Antigua PRO"",""AMD"",2015,4096,185.6,256,1450"
"Radeon R9 380 HIS IceQ X? OC 4GB Edition,""GCN 1.2 Antigua PRO"",""AMD"",2015,4096,182.4,256,1425"
"Radeon R9 380 Sapphire Dual-X OC 2GB Edition,""GCN 1.2 Antigua PRO"",""AMD"",2015,2048,176,256,1375"
"Radeon R9 380 MSI OC 2GB Edition,""GCN 1.2 Antigua PRO"",""AMD"",2015,2048,176,256,1375"
"Radeon R9 380 MSI Gaming 4GB Edition,""GCN 1.2 Antigua PRO"",""AMD"",2015,4096,185.6,256,1450"
"Radeon R9 380 HIS IceQ X? 4GB Edition,""GCN 1.2 Antigua PRO"",""AMD"",2015,4096,182.4,256,1425"
"Radeon R9 380 Gigabyte WindForce 2X OC (rev 1.0) 2GB Edition,""GCN 1.2 Antigua PRO"",""AMD"",2015,2048,176,256,1375"
"Radeon R9 380 MSI Gaming 2GB Edition,""GCN 1.2 Antigua PRO"",""AMD"",2015,2048,179.2,256,1400"
"Radeon R9 380 Crossfire,""GCN 1.2 Antigua PRO (x2)"",""AMD"",2015,4096,352,256,1375"
"Radeon R9 380 Gigabyte G1 Gaming 4GB Edition,""GCN 1.2 Antigua PRO"",""AMD"",2015,4096,182.4,256,1425"
"Radeon R9 380 (OEM),""GCN 1.2 Tonga PRO"",""AMD"",2015,2048,176,256,1375"
"Radeon R9 380 Club3D royalQueen OC 4GB Edition,""GCN 1.2 Antigua PRO"",""AMD"",2015,4096,188.8,256,1475"
"Radeon R9 380 Asus DirectCU II OC Strix Gaming 2GB Edition,""GCN 1.2 Antigua PRO"",""AMD"",2015,2048,176,256,1375"
"Radeon R9 370 (OEM),""GCN 1.0 Pitcairn PRO"",""AMD"",2015,2048,179.2,256,1400"
"Radeon R7 370 Sapphire Nitro 4GB Edition Crossfire,""GCN 1.0 Trinidad PRO (x2)"",""AMD"",2015,8192,358.4,256,1400"
"Radeon R9 370X,""GCN 1.0 Trinidad XT"",""AMD"",2015,2048,179.2,256,1400"
"Radeon R9 380,""GCN 1.2 Antigua PRO"",""AMD"",2015,2048,176,256,1375"
"Radeon R7 370 Sapphire Nitro 2GB Edition,""GCN 1.0 Trinidad PRO"",""AMD"",2015,2048,179.2,256,1400"
"Radeon R7 370 MSI Gaming 4GB Edition Crossfire,""GCN 1.0 Trinidad PRO (x2)"",""AMD"",2015,8192,364.8,256,1425"
"Radeon R7 370 Sapphire Dual-X OC 2GB Edition,""GCN 1.0 Trinidad PRO"",""AMD"",2015,2048,179.2,256,1400"
"Radeon R7 370 Sapphire Nitro 4GB Edition,""GCN 1.0 Trinidad PRO"",""AMD"",2015,4096,179.2,256,1400"
"Radeon R7 370 MSI OC 2GB Edition,""GCN 1.0 Trinidad PRO"",""AMD"",2015,2048,179.2,256,1400"
"Radeon R7 370 PowerColor PCS+ 2GB Edition,""GCN 1.0 Trinidad PRO"",""AMD"",2015,2048,182.4,256,1425"
"Radeon R9 380 Asus DirectCU II OC Strix Gaming 4GB Edition,""GCN 1.2 Antigua PRO"",""AMD"",2015,4096,176,256,1375"
"Radeon R7 370 MSI Gaming 4GB Edition,""GCN 1.0 Trinidad PRO"",""AMD"",2015,4096,182.4,256,1425"
"Radeon R9 360 (OEM),""GCN 1.1 Tobago PRO"",""AMD"",2015,2048,104,128,1625"
"Radeon R7 370 MSI Gaming 2GB Edition,""GCN 1.0 Trinidad PRO"",""AMD"",2015,2048,182.4,256,1425"
"Radeon R7 370 Crossfire,""GCN 1.0 Trinidad PRO (x2)"",""AMD"",2015,4096,358.4,256,1400"
"Radeon R7 370 Asus DirectCU II OC Strix Gaming 4GB Edition,""GCN 1.0 Trinidad PRO"",""AMD"",2015,4096,179.2,256,1400"
"Radeon R7 360X [not released],""GCN 1.1 Tobago XT"",""AMD"",2015,2048,104,128,1625"
"Radeon R7 370 Gigabyte WindForce 2X OC (Rev 1.0) 2GB Edition,""GCN 1.0 Trinidad PRO"",""AMD"",2015,2048,179.2,256,1400"
"Radeon R7 370 Asus DirectCU II OC Strix Gaming 2GB Edition,""GCN 1.0 Trinidad PRO"",""AMD"",2015,2048,179.2,256,1400"
"Radeon R7 370,""GCN 1.0 Trinidad PRO"",""AMD"",2015,2048,179.2,256,1400"
"Radeon R7 360 v2 Sapphire Nitro 2GB Edition,""GCN 1.1 Tobago PRO"",""AMD"",2015,2048,104,128,1625"
"Radeon R7 360 v3,""GCN 1.1 Tobago PRO"",""AMD"",2015,2048,112,128,1750"
"Radeon R7 360 XFX Double Dissipation Best Buy 2GB Edition,""GCN 1.1 Tobago PRO"",""AMD"",2015,2048,96,128,1500"
"Radeon R7 360 v2 MSI OC 2GB Edition,""GCN 1.1 Tobago PRO"",""AMD"",2015,2048,104,128,1625"
"Radeon R7 360 XFX Double Dissipation 2GB Edition,""GCN 1.1 Tobago PRO"",""AMD"",2015,2048,96,128,1500"
"Radeon R7 360 v2 PowerColor OC 2GB Edition,""GCN 1.1 Tobago PRO"",""AMD"",2015,2048,105.6,128,1650"
"Radeon R7 360 XFX Core 2GB Edition,""GCN 1.1 Tobago PRO"",""AMD"",2015,2048,96,128,1500"
"Radeon R7 360 v2 HIS iCooler 2GB Edition,""GCN 1.1 Tobago PRO"",""AMD"",2015,2048,104,128,1625"
"Radeon R7 360 Sapphire OC 2GB Edition,""GCN 1.1 Tobago PRO"",""AMD"",2015,2048,96,128,1500"
"Radeon R7 360 v2 Gigabyte OC 2GB Edition,""GCN 1.1 Tobago PRO"",""AMD"",2015,2048,104,128,1625"
"Radeon R7 360 Crossfire,""GCN 1.1 Tobago PRO (x2)"",""AMD"",2015,4096,192,128,1500"
"Radeon R7 360 HIS GREEN iCooler OC 2GB Edition,""GCN 1.1 Tobago PRO"",""AMD"",2016,2048,96,128,1500"
"Radeon R7 360 v2 Asus OC 2GB Edition,""GCN 1.1 Tobago PRO"",""AMD"",2015,2048,104,128,1625"
"Radeon R7 340 (OEM),""GCN 1.1 Oland XT"",""AMD"",2015,2048,28.8,128,900"
"Radeon R7 360 v2,""GCN 1.1 Tobago PRO"",""AMD"",2015,2048,104,128,1625"
"Radeon R5 340 (OEM),""GCN 1.1 Oland PRO"",""AMD"",2015,2048,72,128,1125"
"Radeon R5 330 (OEM),""GCN 1.1 Oland PRO"",""AMD"",2015,2048,28.8,128,900"
"Radeon R7 360,""GCN 1.1 Tobago PRO"",""AMD"",2015,2048,96,128,1500"
"Radeon R7 350 [not released],""GCN 1.1 Oland XT"",""AMD"",2015,2048,73.6,128,1150"
"Radeon R9 290X XFX Black Edition,""GCN 1.1 Hawaii XT"",""AMD"",2013,4096,320,512,1250"
"Radeon Pro Duo 8GB [not released],""GCN 1.2 Capsaicin XT"",""AMD"",2016,8192,1024,4096,500"
"Radeon R9 290X Sapphire Vapor-X 8GB Edition,""GCN 1.1 Hawaii XT"",""AMD"",2014,8192,352,512,1375"
"Radeon R9 290X Sapphire Vapor-X Tri-X OC 4GB Edition,""GCN 1.1 Hawaii XT"",""AMD"",2014,4096,361,512,1410"
"Radeon R9 290X PowerColor PCS+ 4GB Edition Crossfire,""GCN 1.1 Hawaii XT (x2)"",""AMD"",2014,8192,691.2,512,1350"
"Radeon R9 290X Sapphire Tri-X OC Edition,""GCN 1.1 Hawaii XT"",""AMD"",2013,4096,332.8,512,1300"
"Radeon R7 350 (OEM),""GCN 1.1 Oland XT"",""AMD"",2015,1024,73.6,128,1150"
"Radeon R9 290X PowerColor PCS+ 4GB Edition,""GCN 1.1 Hawaii XT"",""AMD"",2014,4096,345.6,512,1350"
"Radeon R9 290X PowerColor OC Edition,""GCN 1.1 Hawaii XT"",""AMD"",2013,4096,320,512,1250"
"Radeon R9 290X MSI Lightning Edition,""GCN 1.1 Hawaii XT"",""AMD"",2014,4096,320,512,1250"
"Radeon R9 290X MSI Gaming Edition Crossfire,""GCN 1.1 Hawaii XT (x2)"",""AMD"",2013,8192,640,512,1250"
"Radeon R9 290X MSI Gaming Edition,""GCN 1.1 Hawaii XT"",""AMD"",2013,4096,320,512,1250"
"Radeon R9 290X Gigabyte WindForce 3X OC Edition Crossfire,""GCN 1.1 Hawaii XT (x2)"",""AMD"",2013,8192,640,512,1250"
"Radeon R9 290X MSI Gaming 8GB Edition,""GCN 1.1 Hawaii XT"",""AMD"",2014,8192,320,512,1250"
"Radeon R9 290X Club3D royalKing Edition,""GCN 1.1 Hawaii XT"",""AMD"",2013,4096,320,512,1250"
"Radeon R9 290X Crossfire,""GCN 1.1 Hawaii XT (x2)"",""AMD"",2013,8192,640,512,1250"
"Radeon R9 290X Asus DirectCU II OC Edition Crossfire,""GCN 1.1 Hawaii XT (x2)"",""AMD"",2013,8192,691.2,512,1350"
"Radeon R9 290X Asus DirectCU II OC Edition,""GCN 1.1 Hawaii XT"",""AMD"",2013,4096,345.6,512,1350"
"Radeon R9 290X Gigabyte WindForce 3X OC Edition,""GCN 1.1 Hawaii XT"",""AMD"",2013,4096,320,512,1250"
"Radeon R9 290X,""GCN 1.1 Hawaii XT"",""AMD"",2013,4096,320,512,1250"
"Radeon R9 290X Asus ROG Matrix Platinum Edition,""GCN 1.1 Hawaii XT"",""AMD"",2014,4096,345.6,512,1350"
"Radeon R9 290 XFX Black Edition,""GCN 1.1 Hawaii PRO"",""AMD"",2013,4096,320,512,1250"
"Radeon R9 290X Asus DirectCU II Edition,""GCN 1.1 Hawaii XT"",""AMD"",2014,4096,320,512,1250"
"Radeon R9 290 Sapphire Vapor-X OC Edition,""GCN 1.1 Hawaii PRO"",""AMD"",2014,4096,358.4,512,1400"
"Radeon R9 290 XFX Double Dissipation Edition,""GCN 1.1 Hawaii PRO"",""AMD"",2013,4096,320,512,1250"
"Radeon R9 290 VTX3D X-Edition,""GCN 1.1 Hawaii PRO"",""AMD"",2013,4096,320,512,1250"
"Radeon R9 290 Sapphire Tri-X OC Edition,""GCN 1.1 Hawaii PRO"",""AMD"",2013,4096,332.8,512,1300"
"Radeon R9 290 PowerColor OC Edition,""GCN 1.1 Hawaii PRO"",""AMD"",2013,4096,320,512,1250"
"Radeon R9 290 MSI Gaming Edition,""GCN 1.1 Hawaii PRO"",""AMD"",2013,4096,320,512,1250"
"Radeon R9 290 Sapphire Tri-X OC Edition Crossfire,""GCN 1.1 Hawaii PRO"",""AMD"",2013,8192,665.6,512,1300"
"Radeon R9 290 Sapphire BF4 Edition,""GCN 1.1 Hawaii PRO"",""AMD"",2013,4096,320,512,1250"
"Radeon R9 290 PowerColor PCS+ Edition,""GCN 1.1 Hawaii PRO"",""AMD"",2014,4096,345.6,512,1350"
"Radeon R9 290 Gigabyte WindForce 3X OC Edition Crossfire,""GCN 1.1 Hawaii PRO (x2)"",""AMD"",2013,8192,640,512,1250"
"Radeon R9 290 Gigabyte WindForce 3X OC Edition,""GCN 1.1 Hawaii PRO"",""AMD"",2013,4096,320,512,1250"
"Radeon R9 290 Club3D royalAce 4GB Edition,""GCN 1.1 Hawaii PRO"",""AMD"",2013,4096,320,512,1250"
"Radeon R9 290 Club3D royalKing 4GB Edition,""GCN 1.1 Hawaii PRO"",""AMD"",2013,4096,320,512,1250"
"Radeon R9 290 Asus DirectCU II OC Edition,""GCN 1.1 Hawaii PRO"",""AMD"",2014,4096,320,512,1250"
"Radeon R9 285 Sapphire ITX Compact OC 2GB Edition,""GCN 1.2 Tonga PRO"",""AMD"",2014,2048,179.2,256,1400"
"Radeon R9 285 XFX Double D 2GB Edition,""GCN 1.2 Tonga PRO"",""AMD"",2014,2048,176,256,1375"
"Radeon R9 290 Crossfire,""GCN 1.1 Hawaii PRO (x2)"",""AMD"",2013,8192,640,512,1250"
"Radeon R9 285 Sapphire Dual-X 2GB Edition,""GCN 1.2 Tonga PRO"",""AMD"",2014,2048,176,256,1375"
"Radeon R9 290,""GCN 1.1 Hawaii PRO"",""AMD"",2013,4096,320,512,1250"
"Radeon R9 285 Sapphire ITX Compact 2GB Edition,""GCN 1.2 Tonga PRO"",""AMD"",2014,2048,176,256,1375"
"Radeon R9 285 Sapphire Dual-X OC 2GB Edition,""GCN 1.2 Tonga PRO"",""AMD"",2014,2048,179.2,256,1400"
"Radeon R9 285 Club3D royalQueen 2GB Edition,""GCN 1.2 Tonga PRO"",""AMD"",2014,2048,176,256,1375"
"Radeon R9 285 PowerColor TurboDuo OC 2GB Edition,""GCN 1.2 Tonga PRO"",""AMD"",2014,2048,176,256,1375"
"Radeon R9 285 MSI Gaming 2GB Edition,""GCN 1.2 Tonga PRO"",""AMD"",2014,2048,179.2,256,1400"
"Radeon R9 285 Asus Strix OC 2GB Edition,""GCN 1.2 Tonga PRO"",""AMD"",2014,2048,179.2,256,1400"
"Radeon R9 285 2GB,""GCN 1.2 Tonga PRO"",""AMD"",2014,2048,176,256,1375"
"Radeon R9 280X XFX Double D 3GB Edition,""GCN 1.0 Tahiti XTL"",""AMD"",2013,3072,288,384,1500"
"Radeon R9 280X XFX Double D Black Edition,""GCN 1.0 Tahiti XTL"",""AMD"",2013,3072,297.6,384,1550"
"Radeon R9 285 Gigabyte WindForce 2X OC 2GB Edition,""GCN 1.2 Tonga PRO"",""AMD"",2014,2048,179.2,256,1400"
"Radeon R9 280X VisionTek 3GB Edition,""GCN 1.0 Tahiti XTL"",""AMD"",2013,3072,288,384,1500"
"Radeon R9 280X Sapphire Vapor-X 3GB OC Edition Crossfire,""GCN 1.1 Tahiti XTL (x2)"",""AMD"",2013,6144,595.2,384,1550"
"Radeon R9 280X Sapphire TRI-X OC 3GB Edition,""GCN 1.0 Tahiti XTL"",""AMD"",2013,3072,288,384,1500"
"Radeon R9 280X Sapphire Vapor-X 3GB TRI-X OC Edition,""GCN 1.0 Tahiti XTL"",""AMD"",2014,3072,288,384,1500"
"Radeon R9 280X Sapphire Toxic 3GB OC Edition,""GCN 1.0 Tahiti XTL"",""AMD"",2013,3072,307.2,384,1600"
"Radeon R9 280X MSI Gaming 6GB Edition,""GCN 1.0 Tahiti XTL"",""AMD"",2014,6144,288,384,1500"
"Radeon R9 280X Sapphire Dual-X 3GB OC Edition,""GCN 1.0 Tahiti XTL"",""AMD"",2013,3072,288,384,1500"
"Radeon R9 280X Sapphire Vapor-X 3GB OC Edition,""GCN 1.0 Tahiti XTL"",""AMD"",2013,3072,297.6,384,1550"
"Radeon R9 280X MSI Gaming 3GB Edition,""GCN 1.0 Tahiti XTL"",""AMD"",2013,3072,288,384,1500"
"Radeon R9 280X HIS iPower IceQ X? Edition,""GCN 1.0 Tahiti XTL"",""AMD"",2013,3072,288,384,1500"
"Radeon R9 280X PowerColor TurboDuo 3GB OC Edition,""GCN 1.0 Tahiti XTL"",""AMD"",2013,3072,288,384,1500"
"Radeon R9 280X Gigabyte 3GB OC Edition,""GCN 1.0 Tahiti XTL"",""AMD"",2013,3072,288,384,1500"
"Radeon R9 280X Matrix Platinum 3GB Edition,""GCN 1.0 Tahiti XTL"",""AMD"",2013,3072,307.2,384,1600"
"Radeon R9 280X Club3D royalKing Edition,""GCN 1.0 Tahiti XTL"",""AMD"",2013,3072,288,384,1500"
"Radeon R9 280X Crossfire,""GCN 1.1 Tahiti XTL (x2)"",""AMD"",2013,6144,576,384,1500"
"Radeon R9 280X DirectCU II TOP 3GB Edition,""GCN 1.0 Tahiti XTL"",""AMD"",2013,3072,307.2,384,1600"
"Radeon R9 280X Club3D royalQueen Edition,""GCN 1.0 Tahiti XTL"",""AMD"",2013,3072,288,384,1500"
"Radeon R9 280X Asus Matrix 3GB Edition,""GCN 1.0 Tahiti XTL"",""AMD"",2013,3072,288,384,1500"
"Radeon R9 280 XFX Double D Black 3GB Edition,""GCN 1.0 Tahiti PRO2"",""AMD"",2014,3072,249.6,384,1300"
"Radeon R9 280 PowerColor TurboDuo OC 3GB Edition,""GCN 1.0 Tahiti PRO2"",""AMD"",2014,3072,240,384,1250"
"Radeon R9 280 HIS IceQ OC 3GB Edition,""GCN 1.0 Tahiti PRO2"",""AMD"",2014,3072,240,384,1250"
"Radeon R9 280 Gigabyte WindForce 3X OC 3GB Edition,""GCN 1.0 Tahiti PRO2"",""AMD"",2014,3072,240,384,1250"
"Radeon R9 280 MSI Gaming 3GB Edition,""GCN 1.0 Tahiti PRO2"",""AMD"",2014,3072,240,384,1250"
"Radeon R9 280 Club3D royalKing 3GB Edition,""GCN 1.0 Tahiti PRO2"",""AMD"",2014,3072,240,384,1250"
"Radeon R9 280 Asus DirectCU II TOP 3GB Edition,""GCN 1.0 Tahiti PRO2"",""AMD"",2014,3072,249.6,384,1300"
"Radeon R9 280 Sapphire Dual-X OC 3GB Edition,""GCN 1.0 Tahiti PRO2"",""AMD"",2014,3072,240,384,1250"
"Radeon R9 280X,""GCN 1.0 Tahiti XTL"",""AMD"",2013,3072,288,384,1500"
"Radeon R9 280 Crossfire,""GCN 1.1 Tahiti PRO2 (x2)"",""AMD"",2014,6144,480,384,1250"
"Radeon R9 270X XFX Double D 4GB Edition,""GCN 1.1 Curacao XT"",""AMD"",2013,4096,179.2,256,1400"
"Radeon R9 270X XFX Double D Black Edition,""GCN 1.1 Curacao XT"",""AMD"",2013,2048,185.6,256,1450"
"Radeon R9 270X Sapphire Vapor-X 2GB OC Edition,""GCN 1.1 Curacao XT"",""AMD"",2013,2048,185.6,256,1450"
"Radeon R9 270X VTX3D v2 2GB X-Edition,""GCN 1.1 Curacao XT"",""AMD"",2013,2048,179.2,256,1400"
"Radeon R9 270X Sapphire Toxic 2GB OC Edition,""GCN 1.1 Curacao XT"",""AMD"",2013,2048,192,256,1500"
"Radeon R9 270X Sapphire Dual-X 4GB OC Edition,""GCN 1.1 Curacao XT"",""AMD"",2013,4096,179.2,256,1400"
"Radeon R9 270X Sapphire Dual-X 2GB OC Edition,""GCN 1.1 Curacao XT"",""AMD"",2013,2048,179.2,256,1400"
"Radeon R9 280,""GCN 1.0 Tahiti PRO2"",""AMD"",2014,3072,240,384,1250"
"Radeon R9 270X Sapphire Black Diamond 2GB Edition,""GCN 1.1 Curacao XT"",""AMD"",2014,2048,192,256,1500"
"Radeon R9 270X PowerColor PCS+ Edition,""GCN 1.1 Curacao XT"",""AMD"",2013,2048,182.4,256,1425"
"Radeon R9 270X MSI Hawk Edition,""GCN 1.1 Curacao XT"",""AMD"",2013,2048,179.2,256,1400"
"Radeon R9 270X PowerColor 2GB OC TurboDuo Edition,""GCN 1.1 Curacao XT"",""AMD"",2013,2048,179.2,256,1400"
"Radeon R9 270X PowerColor Devil Edition,""GCN 1.1 Curacao XT"",""AMD"",2013,2048,179.2,256,1400"
"Radeon R9 270X MSI Gaming 4GB Edition Crossfire,""GCN 1.1 Curacao XT (x2)"",""AMD"",2013,8192,358.4,256,1400"
"Radeon R9 270X MSI Gaming 2GB Edition Crossfire,""GCN 1.1 Curacao XT (x2)"",""AMD"",2013,4096,358.4,256,1400"
"Radeon R9 270X PowerColor 2GB OC Edition,""GCN 1.1 Curacao XT"",""AMD"",2013,2048,179.2,256,1400"
"Radeon R9 270X MSI Gaming ITX 2GB Edition,""GCN 1.1 Curacao XT"",""AMD"",2014,2048,179.2,256,1400"
"Radeon R9 270X HIS IceQ X2 Turbo Edition,""GCN 1.1 Curacao XT"",""AMD"",2013,2048,179.2,256,1400"
"Radeon R9 270X Gigabyte 4GB OC Edition Crossfire,""GCN 1.1 Curacao XT (x2)"",""AMD"",2013,8192,358.4,256,1400"
"Radeon R9 270X MSI Gaming 2GB Edition,""GCN 1.1 Curacao XT"",""AMD"",2013,2048,179.2,256,1400"
"Radeon R9 270X Club3D royalQueen Edition,""GCN 1.1 Curacao XT"",""AMD"",2013,2048,179.2,256,1400"
"Radeon R9 270X Gigabyte 4GB OC Edition,""GCN 1.1 Curacao XT"",""AMD"",2013,4096,179.2,256,1400"
"Radeon R9 270X Gigabyte 2GB OC Edition,""GCN 1.1 Curacao XT"",""AMD"",2013,2048,179.2,256,1400"
"Radeon R9 270X,""GCN 1.1 Curacao XT"",""AMD"",2013,2048,179.2,256,1400"
"Radeon R9 270X Asus DirectCU II 4GB Edition,""GCN 1.1 Curacao XT"",""AMD"",2013,4096,179.2,256,1400"
"Radeon R9 270X Crossfire,""GCN 1.1 Curacao XT (x2)"",""AMD"",2013,4096,358.4,256,1400"
"Radeon R9 270 XFX Double D 2GB Edition,""GCN 1.1 Curacao PRO"",""AMD"",2013,2048,179.2,256,1400"
"Radeon R9 270 Sapphire Dual-X 2GB OC Edition,""GCN 1.1 Curacao PRO"",""AMD"",2013,2048,179.2,256,1400"
"Radeon R9 270X MSI Gaming 4GB Edition,""GCN 1.1 Curacao XT"",""AMD"",2013,4096,179.2,256,1400"
"Radeon R9 270 PowerColor 2GB OC Edition,""GCN 1.1 Curacao PRO"",""AMD"",2013,2048,179.2,256,1400"
"Radeon R9 270 MSI Gaming 2GB Edition,""GCN 1.1 Curacao PRO"",""AMD"",2013,2048,179.2,256,1400"
"Radeon R9 270 v2,""GCN 1.0 Pitcairn PRO"",""AMD"",2015,2048,179.2,256,1400"
"Radeon R9 270 DirectCU II OC Edition,""GCN 1.1 Curacao PRO"",""AMD"",2013,2048,179.2,256,1400"
"Radeon R9 270 HIS IceQ X? Turbo Edition,""GCN 1.1 Curacao PRO"",""AMD"",2013,2048,179.2,256,1400"
"Radeon R9 270 HIS iCooler 2GB Edition,""GCN 1.1 Curacao PRO"",""AMD"",2013,2048,179.2,256,1400"
"Radeon R9 270 Gigabyte WindForce 2X OC Edition,""GCN 1.1 Curacao PRO"",""AMD"",2013,2048,179.2,256,1400"
"Radeon R9 270 Crossfire,""GCN 1.1 Curacao PRO (x2)"",""AMD"",2013,4096,358.4,256,1400"
"Radeon R9 270X DirectCU II TOP 2GB Edition,""GCN 1.1 Curacao XT"",""AMD"",2013,2048,179.2,256,1400"
"Radeon R9 270 HIS IceQ X?? 2GB Edition,""GCN 1.1 Curacao PRO"",""AMD"",2013,2048,179.2,256,1400"
"Radeon R9 270 Club3D 14Series Edition Crossfire,""GCN 1.1 Curacao PRO (x2)"",""AMD"",2013,4096,358.4,256,1400"
"Radeon R9 270 Club3D '14Series Edition,""GCN 1.1 Curacao PRO"",""AMD"",2013,2048,179.2,256,1400"
"Radeon R9 255 (OEM),""GCN 1.0 Cape Verde PRX"",""AMD"",2013,2048,104,128,1625"
"Radeon R9 260 (OEM),""GCN 1.0 Bonaire XT"",""AMD"",2013,2048,104,128,1625"
"Radeon R9 270,""GCN 1.1 Curacao PRO"",""AMD"",2013,2048,179.2,256,1400"
"Radeon R7 265 Sapphire Dual-X 2GB Edition,""GCN 1.0 Pitcairn PRO"",""AMD"",2014,2048,179.2,256,1400"
"Radeon R7 265 Gigabyte WindForce 2X OC 2GB Edition,""GCN 1.0 Pitcairn PRO"",""AMD"",2014,2048,179.2,256,1400"
"Radeon R7 265 Asus DirectCU II 2GB Edition,""GCN 1.0 Pitcairn PRO"",""AMD"",2014,2048,179.2,256,1400"
"Radeon R7 265 Crossfire,""Pitcairn PRO"",""AMD"",2014,4096,358.4,256,1400"
"Radeon R7 265 PowerColor TurboDuo OC 2GB Edition,""GCN 1.0 Pitcairn PRO"",""AMD"",2014,2048,179.2,256,1400"
"Radeon R7 260X XFX Double D 2GB Edition,""GCN 1.1 Bonaire XTX"",""AMD"",2013,2048,102.4,128,1600"
"Radeon R9 270 Club3D royalQueen Edition,""GCN 1.1 Curacao PRO"",""AMD"",2013,2048,179.2,256,1400"
"Radeon R7 265,""GCN 1.0 Pitcairn PRO"",""AMD"",2014,2048,179.2,256,1400"
"Radeon R7 260X VisionTek OC 2GB Edition,""GCN 1.1 Bonaire XTX"",""AMD"",2013,2048,105.6,128,1650"
"Radeon R7 265 MSI OC 2GB Edition,""GCN 1.0 Pitcairn PRO"",""AMD"",2014,2048,179.2,256,1400"
"Radeon RX 490 8GB [not released],""GCN 1.3 Greenland XT"",""ATI"",2016,32,1024,8192,500"
"Radeon RX 480X 8GB [not released],""GCN 1.3 Ellesmere XT"",""ATI"",2016,128,105.8,128,1750"
"Radeon RX 490X 8GB [not released],""GCN 1.3 Polaris 10"",""ATI"",2016,1024,105.8,128,500"
"Radeon RX 480 XFX Triple X OC 8GB,""GCN 1.3 Ellesmere XT"",""ATI"",2016,8192,256,256,2000"
"Radeon R7 260X v3 Sapphire 2GB Edition,""GCN 1.1 Bonaire XT"",""AMD"",2015,2048,80,128,1250"
"Radeon RX 480 XFX GTR Hard Swap Black Edition 8GB,""GCN 1.3 Ellesmere XT"",""ATI"",2016,8192,256,256,2000"
"Radeon RX 480 XFX RS Hard Swap 4GB,""GCN 1.3 Ellesmere XT"",""ATI"",2016,4096,224,256,1750"
"Radeon RX 480 XFX RS Hard Swap Triple X 8GB,""GCN 1.3 Ellesmere XT"",""ATI"",2016,8192,256,256,2000"
"Radeon RX 480X 4GB [not released],""GCN 1.3 Polaris 10"",""ATI"",2016,1024,105.8,128,500"
"Radeon R7 260X v3 PowerColor OC v4 2GB Edition,""GCN 1.1 Bonaire XT"",""AMD"",2013,2048,80,128,1250"
"Radeon R7 260X v3 PowerColor OC v3 2GB Edition,""GCN 1.1 Bonaire XT"",""AMD"",2013,2048,80,128,1250"
"Radeon R7 260X v3 Gigabyte OC Rev. 3.0 2GB Edition,""GCN 1.1 Bonaire XT"",""AMD"",2015,2048,80,128,1250"
"Radeon R7 265 Sapphire Dual-X 2GB Edition Crossfire,""Pitcairn PRO"",""AMD"",2014,4096,358.4,256,1400"
"Radeon R7 260X v3 MSI OC 2GB Edition,""GCN 1.1 Bonaire XT"",""AMD"",2015,2048,80,128,1250"
"Radeon R7 260X v3 Asus OC 2GB Edition,""GCN 1.1 Bonaire XT"",""AMD"",2013,2048,80,128,1250"
"Radeon R7 260X v3,""GCN 1.1 Bonaire XT"",""AMD"",2015,2048,80,128,1250"
"Radeon R7 260X v2 XFX Core 1GB Edition,""GCN 1.1 Bonaire XT"",""AMD"",2013,1024,102.4,128,1600"
"Radeon R7 260X v2 XFX Core 2GB Edition,""GCN 1.1 Bonaire XT"",""AMD"",2013,2048,102.4,128,1600"
"Radeon R7 260X v2 Sapphire OC 2GB Edition,""GCN 1.1 Bonaire XT"",""AMD"",2013,2048,96,128,1500"
"Radeon R7 260X v2 Sapphire iCafe Gaming OC 2GB Edition,""GCN 1.1 Bonaire XT"",""AMD"",2015,2048,96,128,1500"
"Radeon R7 260X v2 MSI OC v2 2GB Edition,""GCN 1.1 Bonaire XT"",""AMD"",2013,2048,96,128,1500"
"Radeon R7 260X v2 MSI OC v1 2GB Edition,""GCN 1.1 Bonaire XT"",""AMD"",2013,2048,96,128,1500"
"Radeon R7 260X v2 MSI OC 1GB Edition,""GCN 1.1 Bonaire XT"",""AMD"",2013,1024,96,128,1500"
"Radeon R7 260X v2 HIS iPower IceQ X? Turbo 1GB Edition,""GCN 1.1 Bonaire XT"",""AMD"",2013,1024,102.4,128,1600"
"Radeon R7 260X v2 MSI 1GB Edition,""GCN 1.1 Bonaire XT"",""AMD"",2013,1024,96,128,1500"
"Radeon R7 260X v2 HIS iPower IceQ X? 2GB Edition,""GCN 1.1 Bonaire XT"",""AMD"",2013,2048,96,128,1500"
"Radeon R7 260X v2 PowerColor OC 1GB Edition,""GCN 1.1 Bonaire XT"",""AMD"",2013,1024,96,128,1500"
"Radeon R7 260X v2 MSI OC 2GB Edition,""GCN 1.1 Bonaire XT"",""AMD"",2013,2048,96,128,1500"
"Radeon R7 260X v2 Sapphire OC 1GB Edition,""GCN 1.1 Bonaire XT"",""AMD"",2013,1024,96,128,1500"
"Radeon R7 260X v2 HIS iCooler 2GB Edition,""GCN 1.1 Bonaire XT"",""AMD"",2013,2048,96,128,1500"
"Radeon R7 260X v2 HIS iCooler 1GB Edition,""GCN 1.1 Bonaire XT"",""AMD"",2013,1024,96,128,1500"
"Radeon R7 260X v2 Gigabyte OC 1GB Edition,""GCN 1.1 Bonaire XT"",""AMD"",2013,1024,96,128,1500"
"Radeon R7 260X v2 Asus DirectCU II OC 1GB Edition,""GCN 1.1 Bonaire XT"",""AMD"",2013,1024,102.4,128,1600"
"Radeon R7 260X v2,""GCN 1.1 Bonaire XT"",""AMD"",2013,1024,96,128,1500"
"Radeon R7 260X PowerColor TurboDuo OC 2GB Edition,""GCN 1.1 Bonaire XTX"",""AMD"",2013,2048,105.6,128,1650"
"Radeon R7 260X MSI 2GB Edition,""GCN 1.1 Bonaire XTX"",""AMD"",2013,2048,104,128,1625"
"Radeon R7 260X Gigabyte 2GB OC Rev. 2.0 Edition,""GCN 1.1 Bonaire XTX"",""AMD"",2013,2048,104,128,1625"
"Radeon R7 260X Gigabyte 2GB OC Rev. 1.0 Edition,""GCN 1.1 Bonaire XTX"",""AMD"",2013,2048,104,128,1625"
"Radeon R7 260X Sapphire 2GB OC Edition,""GCN 1.1 Bonaire XTX"",""AMD"",2013,2048,105.6,128,1650"
"Radeon R7 260X Asus DirectCU II OC Edition,""GCN 1.1 Bonaire XTX"",""AMD"",2013,2048,112,128,1750"
"Radeon R7 260X MSI 2GB OC Edition,""GCN 1.1 Bonaire XTX"",""AMD"",2013,2048,104,128,1625"
"Radeon R7 260X Club3D royalKing Edition,""GCN 1.1 Bonaire XTX"",""AMD"",2013,2048,105.6,128,1650"
"Radeon R7 260X Crossfire,""GCN 1.1 Bonaire XTX (x2)"",""AMD"",2013,4096,208,128,1625"
"Radeon R7 260X Asus DirectCU II 2GB Edition,""GCN 1.1 Bonaire XTX"",""AMD"",2013,2048,104,128,1625"
"Radeon R7 260X,""GCN 1.1 Bonaire XTX"",""AMD"",2013,2048,104,128,1625"
"Radeon RX 480 XFX Black Edition 8GB,""GCN 1.3 Ellesmere XT"",""ATI"",2016,8192,256,256,2000"
"Radeon RX 480 XFX 4GB,""GCN 1.3 Ellesmere XT"",""ATI"",2016,4096,224,256,1750"
"Radeon RX 480 Sapphire Nitro+ 8GB,""GCN 1.3 Ellesmere XT"",""ATI"",2016,8192,256,256,2000"
"Radeon RX 480 Sapphire NITRO+ 4GB,""GCN 1.3 Ellesmere XT"",""ATI"",2016,4096,224,256,1750"
"Radeon RX 480 Sapphire 4GB,""GCN 1.3 Ellesmere XT"",""ATI"",2016,4096,224,256,1750"
"Radeon RX 480 PowerColour 8GB,""GCN 1.3 Ellesmere XT"",""ATI"",2016,8192,256,256,2000"
"Radeon RX 480 PowerColor Red Dragon 4GB,""GCN 1.3 Ellesmere XT"",""ATI"",2016,4096,224,256,1750"
"Radeon RX 480 PowerColor Red Dragon 8GB,""GCN 1.3 Ellesmere XT"",""ATI"",2016,8192,256,256,2000"
"Radeon RX 480 PowerColor Red Devil 8GB,""GCN 1.3 Ellesmere XT"",""ATI"",2016,8192,256,256,2000"
"Radeon RX 480 Sapphire 8GB,""GCN 1.3 Ellesmere XT"",""ATI"",2016,8192,256,256,2000"
"Radeon RX 480 PowerColor 4GB,""GCN 1.3 Ellesmere XT"",""ATI"",2016,4096,224,256,1750"
"Radeon RX 480 MSI GAMING 4G,""GCN 1.3 Ellesmere XT"",""ATI"",2016,4096,224,256,1750"
"Radeon RX 480 MSI Gaming 8GB,""GCN 1.3 Ellesmere XT"",""ATI"",2016,8192,256,256,2000"
"Radeon RX 480 MSI GAMING X 4G,""GCN 1.3 Ellesmere XT"",""ATI"",2016,4096,224,256,1750"
"Radeon RX 480 MSI Gaming X 8GB,""GCN 1.3 Ellesmere XT"",""ATI"",2016,8192,256,256,2000"
"Radeon RX 480 HIS IceQ X? Roaring Turbo GB,""GCN 1.3 Ellesmere XT"",""ATI"",2016,8192,256,256,2000"
"Radeon R7 260,""GCN 1.1 Bonaire PRO"",""AMD"",2013,2048,96,128,1500"
"Radeon RX 480 MSI 8GB,""GCN 1.3 Ellesmere XT"",""ATI"",2016,8192,256,256,2000"
"Radeon R7 260 MSI 1GB OC Edition,""GCN 1.1 Bonaire PRO"",""AMD"",2014,1024,96,128,1500"
"Radeon RX 480 MSI 4GB,""GCN 1.3 Ellesmere XT"",""ATI"",2016,4096,224,256,1750"
"Radeon R7 250X Sapphire 1GB Edition,""GCN 1.0 Cape Verde XT"",""AMD"",2014,1024,72,128,1125"
"Radeon RX 480 HIS IceQ X? Roaring Turbo 8GB,""GCN 1.3 Ellesmere XT"",""ATI"",2016,8192,256,256,2000"
"Radeon R7 250X Sapphire Vapor-X OC Edition,""GCN 1.0 Cape Verde XT"",""AMD"",2014,1024,83.2,128,1300"
"Radeon R7 250X PowerColor 1GB Edition,""GCN 1.0 Cape Verde XT"",""AMD"",2014,1024,72,128,1125"
"Radeon R7 250X Gigabyte OC 1GB Edition,""GCN 1.0 Cape Verde XT"",""AMD"",2014,1024,72,128,1125"
"Radeon R7 250X MSI 1GB Edition,""GCN 1.0 Cape Verde XT"",""AMD"",2014,1024,72,128,1125"
"Radeon R7 250X HIS iCooler 1GB Edition,""GCN 1.0 Cape Verde XT"",""AMD"",2014,1024,72,128,1125"
"Radeon R7 250X Crossfire,""GCN 1.0 Cape Verde XT (x2)"",""AMD"",2014,4096,144,128,1125"
"Radeon R7 250X Gigabyte OC 2GB Edition,""GCN 1.0 Cape Verde XT"",""AMD"",2014,2048,72,128,1125"
"Radeon R7 250X Asus 1GB Edition,""GCN 1.0 Cape Verde XT"",""AMD"",2014,1024,72,128,1125"
"Radeon R7 250E Club3D Low Profile 1GB Edition,""GCN 1.0 Cape Verde PRO"",""AMD"",2013,1024,72,128,1125"
"Radeon R7 250E Sapphire Ultimate 1GB Edition,""GCN 1.0 Cape Verde PRO"",""AMD"",2013,1024,72,128,1125"
"Radeon R7 250E,""GCN 1.0 Cape Verde PRO"",""AMD"",2013,1024,72,128,1125"
"Radeon R7 250X Asus 2GB Edition,""GCN 1.0 Cape Verde XT"",""AMD"",2014,2048,73.6,128,1150"
"Radeon R7 250 v2 XFX 2GB Edition,""GCN 1.1 Oland XT"",""AMD"",2013,2048,25.6,128,800"
"Radeon R7 250X,""GCN 1.0 Cape Verde XT"",""AMD"",2014,2048,72,128,1125"
"Radeon R7 250 v2 Sapphire 2GB Edition,""GCN 1.1 Oland XT"",""AMD"",2013,2048,28.8,128,900"
"Radeon R7 250 v2 MSI OC 2GB Edition,""GCN 1.1 Oland XT"",""AMD"",2013,2048,28.8,128,900"
"Radeon R7 250 v2 XFX Core 1GB Edition,""GCN 1.1 Oland XT"",""AMD"",2013,1024,25.6,128,800"
"Radeon R7 250 v2 HIS 2GB Edition,""GCN 1.1 Oland XT"",""AMD"",2013,2048,28.8,128,900"
"Radeon RX 480 HIS IceQ X? Roaring OC GB,""GCN 1.3 Ellesmere XT"",""ATI"",2016,8192,256,256,2000"
"Radeon R7 250 v2 Club3D 2GB Edition,""GCN 1.1 Oland XT"",""AMD"",2013,2048,28.8,128,900"
"Radeon R7 250 v2 2GB,""GCN 1.1 Oland XT"",""AMD"",2013,2048,28.8,128,900"
"Radeon RX 480 Gigabyte Windforce 8GB,""GCN 1.3 Ellesmere XT"",""ATI"",2016,8192,256,256,2000"
"Radeon RX 480 HIS IceQ X2 Roaring OC 8GB,""GCN 1.3 Ellesmere XT"",""ATI"",2016,8192,256,256,2000"
"Radeon RX 480 HIS 8GB,""GCN 1.3 Ellesmere XT"",""ATI"",2016,8192,256,256,2000"
"Radeon RX 480 Gigabyte Windforce 4GB,""GCN 1.3 Ellesmere XT"",""ATI"",2016,4096,224,256,1750"
"Radeon RX 480 Gigabyte G1 Gaming 8GB,""GCN 1.3 Ellesmere XT"",""ATI"",2016,8192,256,256,2000"
"Radeon RX 480 Gigabyte G1 Gaming 4GB,""GCN 1.3 Ellesmere XT"",""ATI"",2016,4096,224,256,1750"
"Radeon RX 480 Gigabyte 8GB,""GCN 1.3 Ellesmere XT"",""ATI"",2016,8192,256,256,2000"
"Radeon RX 480 GIGABYTE G1 Gaming 4GB,""GCN 1.3 Ellesmere XT"",""ATI"",2016,4096,224,256,1750"
"Radeon RX 480 ASUS DUAL OC 4GB,""GCN 1.3 Ellesmere XT"",""ATI"",2016,4096,224,256,1750"
"Radeon RX 480 Asus 8GB,""GCN 1.3 Ellesmere XT"",""ATI"",2016,8192,256,256,2000"
"Radeon RX 480 Asus ROG Strix Gaming 8GB,""GCN 1.3 Ellesmere XT"",""ATI"",2016,8192,256,256,2000"
"Radeon RX 480 Asus ROG Strix OC 8GB,""GCN 1.3 Ellesmere XT"",""ATI"",2016,8192,256,256,2000"
"Radeon RX 480 8GB Crossfire,""GCN 1.3 Ellesmere XT (x2)"",""ATI"",2016,16384,512,256,2000"
"Radeon RX 480 8GB,""GCN 1.3 Ellesmere XT"",""ATI"",2016,8192,256,256,2000"
"Radeon RX 480 Diamond 8GB,""GCN 1.3 Ellesmere XT"",""ATI"",2016,8192,256,256,2000"
"Radeon RX 470 XFX RS Black Limited Edition 4GB,""GCN 1.3 Ellesmere PRO"",""ATI"",2016,4096,224,256,1750"
"Radeon RX 480 4GB,""GCN 1.3 Ellesmere XT"",""ATI"",2016,4096,224,256,1750"
"Radeon RX 470 XFX RS Triple X 4GB,""GCN 1.3 Ellesmere PRO"",""ATI"",2016,4096,224,256,1750"
"Radeon R7 250 Sapphire 1GB Edition,""GCN 1.1 Oland XT"",""AMD"",2013,1024,73.6,128,1150"
"Radeon R7 250 PowerColor OC 1GB Edition,""GCN 1.1 Oland XT"",""AMD"",2013,1024,73.6,128,1150"
"Radeon RX 470 XFX Single Fan Triple X 4GB,""GCN 1.3 Ellesmere PRO"",""ATI"",2016,4096,211.2,256,1650"
"Radeon RX 470 XFX RS Black Edition 4GB,""GCN 1.3 Ellesmere PRO"",""ATI"",2016,4096,224,256,1750"
"Radeon R7 250 Sapphire 1GB Edition Crossfire,""GCN 1.1 Oland XT (x2)"",""AMD"",2013,2048,147.2,128,1150"
"Radeon R7 250 HIS IceQ Boost Clock 2GB Edition,""GCN 1.1 Oland XT"",""AMD"",2013,2048,73.6,128,1150"
"Radeon R7 250 Gigabyte OC 1GB Edition,""GCN 1.1 Oland XT"",""AMD"",2013,1024,73.6,128,1150"
"Radeon R7 250 Asus 1GB Edition,""GCN 1.1 Oland XT"",""AMD"",2013,1024,73.6,128,1150"
"Radeon R7 250 HIS iCooler 1GB Edition,""GCN 1.1 Oland XT"",""AMD"",2013,1024,73.6,128,1150"
"Radeon R7 250 2GB,""GCN 1.1 Oland XT"",""AMD"",2013,2048,73.6,128,1150"
"Radeon R7 250 Diamond 1GB Edition,""GCN 1.1 Oland XT"",""AMD"",2013,1024,73.6,128,1150"
"Radeon R7 250 1GB Crossfire,""GCN 1.1 Oland XT (x2)"",""AMD"",2013,2048,147.2,128,1150"
"Radeon R7 250 1GB,""GCN 1.1 Oland XT"",""AMD"",2013,1024,73.6,128,1150"
"Radeon R7 240 XFX Core Low Profile 4GB Edition,""GCN 1.1 Oland PRO"",""AMD"",2013,4096,21.3,128,667"
"Radeon R7 250 Gigabyte OC 2GB Edition,""GCN 1.1 Oland XT"",""AMD"",2013,2048,73.6,128,1150"
"Radeon R7 240 XFX Low Profile 2GB Edition,""GCN 1.1 Oland PRO"",""AMD"",2013,2048,25.6,128,800"
"Radeon R7 250 MSI OC 1GB Edition,""GCN 1.1 Oland XT"",""AMD"",2013,1024,73.6,128,1150"
"Radeon R7 240 v2 Sapphire 1GB Edition,""GCN 1.1 Oland PRO"",""AMD"",2013,1024,73.6,128,1150"
"Radeon R7 240 v2 2GB,""GCN 1.1 Oland PRO"",""AMD"",2013,2048,72,128,1125"
"Radeon R7 240 v2 HIS iCooler Boost Clock 2GB Edition,""GCN 1.1 Oland PRO"",""AMD"",2013,2048,73.6,128,1150"
"Radeon R7 240 v2 1GB,""GCN 1.1 Oland PRO"",""AMD"",2013,1024,72,128,1125"
"Radeon R7 240 Sapphire 4GB Edition,""GCN 1.1 Oland PRO"",""AMD"",2013,1024,28.8,128,900"
"Radeon R7 240 Sapphire 1GB Edition,""GCN 1.1 Oland PRO"",""AMD"",2013,1024,28.8,128,900"
"Radeon RX 470 Sapphire Platinum Edition 4GB,""GCN 1.3 Ellesmere PRO"",""ATI"",2016,4096,224,256,1750"
"Radeon R7 240 PowerColor OC V2 2GB Edition,""GCN 1.1 Oland PRO"",""AMD"",2013,2048,28.8,128,900"
"Radeon RX 470 Sapphire Nitro+ 8GB,""GCN 1.3 Ellesmere PRO"",""ATI"",2016,8192,256,256,2000"
"Radeon RX 470 Sapphire Nitro+ 4GB,""GCN 1.3 Ellesmere PRO"",""ATI"",2016,4096,224,256,1750"
"Radeon RX 470 PowerColor Red Devil 4GB,""GCN 1.3 Ellesmere PRO"",""ATI"",2016,4096,224,256,1750"
"Radeon RX 470 MSI Gaming X 4GB,""GCN 1.3 Ellesmere PRO"",""ATI"",2016,4096,211.2,256,1650"
"Radeon RX 470 PowerColour Red Dragon 4GB,""GCN 1.3 Ellesmere PRO"",""ATI"",2016,4096,211.2,256,1650"
"Radeon RX 470 MSI Gaming 4GB,""GCN 1.3 Ellesmere PRO"",""ATI"",2016,4096,211.2,256,1650"
"Radeon RX 470 MSI Gaming X 8GB,""GCN 1.3 Ellesmere PRO"",""ATI"",2016,8192,211.2,256,1650"
"Radeon RX 470 HIS IceQ X2 Turbo 4GB,""GCN 1.3 Ellesmere PRO"",""ATI"",2016,4096,211.2,256,1650"
"Radeon RX 470 MSI Gaming 8GB,""GCN 1.3 Ellesmere PRO"",""ATI"",2016,64,211.2,256,1650"
"Radeon RX 470 HIS IceQ X2 OC 4GB,""GCN 1.3 Ellesmere PRO"",""ATI"",2016,4096,211.2,256,1650"
"Radeon RX 470 ASUS ROG Strix Gaming 4GB,""GCN 1.3 Ellesmere PRO"",""ATI"",2016,4096,211.2,256,1650"
"Radeon RX 470 4GB,""GCN 1.3 Ellesmere PRO"",""ATI"",2016,4096,211.2,256,1650"
"Radeon RX 460 VisionTek Overclocked Edition 4GB,""GCN 1.3 Baffin XT"",""ATI"",2016,4096,112,128,1750"
"Radeon RX 460 XFX 4GB Twin Fan,""GCN 1.3 Baffin XT"",""ATI"",2016,4096,112,128,1750"
"Radeon RX 460 XFX Black Wolf 2GB,""GCN 1.3 Baffin PRO"",""ATI"",2016,2048,112,128,1750"
"Radeon RX 470 Asus ROG Strix Gaming OC 4GB,""GCN 1.3 Ellesmere PRO"",""ATI"",2016,4096,211.2,256,1650"
"Radeon RX 460 XFX 4GB Single Fan,""GCN 1.3 Baffin XT"",""ATI"",2016,4096,112,128,1750"
"Radeon RX 460 XFX 2GB Single Fan,""GCN 1.3 Baffin XT"",""ATI"",2016,2048,112,128,1750"
"Radeon RX 470 GIGABYTE G1 4GB,""GCN 1.3 Ellesmere PRO"",""ATI"",2016,4096,211.2,256,1650"
"Radeon RX 460 XFX 2GB Twin Fan,""GCN 1.3 Baffin XT"",""ATI"",2016,2048,112,128,1750"
"Radeon RX 460 Sapphire Nitro 2G D5,""GCN 1.3 Baffin XT"",""ATI"",2016,2048,112,128,1750"
"Radeon RX 460 MSI OC 4GB,""GCN 1.3 Baffin XT"",""ATI"",2016,4096,112,128,1750"
"Radeon RX 460 MSI OC 2GB,""GCN 1.3 Baffin PRO"",""ATI"",2016,2048,112,128,1750"
"Radeon RX 460 Sapphire Nitro 4G D5,""GCN 1.3 Baffin XT"",""ATI"",2016,4096,112,128,1750"
"Radeon RX 460 Gigabyte WindForce 2GB,""GCN 1.3 Baffin PRO"",""ATI"",2016,2048,112,128,1750"
"Radeon RX 460 HIS iCooler OC 2GB,""GCN 1.3 Baffin PRO"",""ATI"",2016,2048,112,128,1750"
"Radeon RX 460 Gigabyte Windforce 2X OC 4GB,""GCN 1.3 Baffin XT"",""ATI"",2016,4096,105.8,128,1750"
"Radeon RX 460 Dataland X-Serial 4GB,""GCN 1.3 Baffin PRO"",""ATI"",2016,2048,112,32,1750"
"Radeon RX 460 PowerColor Red Dragon 2GB,""GCN 1.3 Baffin PRO"",""ATI"",2016,2048,112,128,1750"
"Radeon RX 460 HIS iCooler OC 4GB,""GCN 1.3 Baffin XT"",""ATI"",2016,4096,112,128,1750"
"Radeon RX 460 Asus ROG Strix Gaming OC 4GB,""GCN 1.3 Baffin XT"",""ATI"",2016,4096,112,128,1750"
"Radeon RX 460 Asus ROG Strix Gaming 4GB,""GCN 1.3 Baffin PRO"",""ATI"",2016,4096,112,128,1750"
"Radeon RX 460 ASUS DUAL OC 2GB,""GCN 1.3 Baffin PRO"",""ATI"",2016,2048,112,128,1750"
"Radeon RX 460 PowerColor Red Dragon 4GB,""GCN 1.3 Baffin XT"",""ATI"",2016,4096,112,128,1750"
"Radeon RX 460 ASUS DUAL 2GB,""GCN 1.3 Baffin PRO"",""ATI"",2016,2048,112,128,1750"
"Radeon R7 240 PowerColor OC 2GB Edition,""GCN 1.1 Oland PRO"",""AMD"",2013,2048,28.8,128,900"
"Radeon RX 460 2GB,""GCN 1.3 Baffin PRO"",""ATI"",2016,4096,105.8,128,1750"
"Radeon R7 240 MSI OC 2GB Edition,""GCN 1.1 Oland PRO"",""AMD"",2013,2048,28.8,128,900"
"Radeon RX 460 4GB,""GCN 1.3 Baffin XT"",""ATI"",2016,1024,105.8,128,1750"
"Radeon R7 240 Asus Low Profile 2GB Edition,""GCN 1.1 Oland PRO"",""AMD"",2013,2048,28.8,128,900"
"Radeon R7 240 2GB,""GCN 1.1 Oland PRO"",""AMD"",2013,2048,28.8,128,900"
"Radeon R7 240 Gigabyte OC 2GB Edition,""GCN 1.1 Oland PRO"",""AMD"",2013,2048,28.8,128,900"
"Radeon R7 240 MSI Low Profile 4GB Edition,""GCN 1.1 Oland PRO"",""AMD"",2013,4096,28.8,128,900"
"Radeon R7 240 Asus Low Profile OC 4GB Edition,""GCN 1.1 Oland PRO"",""AMD"",2013,4096,28.8,128,900"
"Radeon R7 240 Asus 1GB Edition,""GCN 1.1 Oland PRO"",""AMD"",2013,1024,25.6,128,800"
"Radeon R7 240 MSI Low Profile 2GB Edition,""GCN 1.1 Oland PRO"",""AMD"",2013,2048,28.8,128,900"
"Radeon R5 235,""Terascale 2 Caicos XT"",""AMD"",2013,1024,14.4,64,900"
"Radeon R5 235X,""Terascale 2 Caicos XT"",""AMD"",2013,1024,14.4,64,900"
"Radeon R5 230 Sapphire Flex 1GB Edition,""Terascale 2 Caicos PRO-L"",""AMD"",2014,1024,12.8,64,800"
"Radeon R5 230 Sapphire 2GB Edition,""Terascale 2 Caicos PRO-L"",""AMD"",2014,2048,10.7,64,667"
"Radeon R5 230 Sapphire 1GB Edition,""Terascale 2 Caicos PRO-L"",""AMD"",2014,1024,10.7,64,667"
"Radeon R5 230 MSI 2GB Edition,""Terascale 2 Caicos PRO-L"",""AMD"",2014,2048,8,64,500"
"Radeon R5 230 MSI 1GB Edition,""Terascale 2 Caicos PRO-L"",""AMD"",2014,1024,8,64,500"
"Radeon R5 230 HIS Silence 2GB Edition,""Terascale 2 Caicos PRO-L"",""AMD"",2014,2048,8,64,500"
"Radeon R5 230 PowerColor 1GB Edition,""Terascale 2 Caicos PRO-L"",""AMD"",2014,1024,10.7,64,667"
"Radeon R5 230 Asus Silent 2GB Edition,""Terascale 2 Caicos PRO-L"",""AMD"",2014,2048,9.6,64,600"
"Radeon R5 230,""Terascale 2 Caicos PRO-L"",""AMD"",2014,1024,8.5,64,533"
"Radeon R5 230 Gigabyte 1GB Edition,""Terascale 2 Caicos PRO-L"",""AMD"",2014,1024,8.5,64,533"
"Radeon Pro Duo 32GB,""GCN 1.3 Polaris 20 XTX"",""ATI"",2017,32000,512,256,2000"
"Radeon X850 XT,""R480"",""AMD"",2004,256,69.1,256,1080"
"Radeon R5 230 Asus Silent 1GB Edition,""Terascale 2 Caicos PRO-L"",""AMD"",2014,1024,9.6,64,600"
"Radeon X850 Series,""R480"",""AMD"",2004,256,69.1,256,1080"
"Radeon X800 XT,""R423"",""AMD"",2004,256,64,256,1000"
"Radeon R5 240 v1,""GCN 1.1 Oland XT"",""AMD"",2013,1024,16,64,1000"
"Radeon R5 220,""Terascale Cedar PRO"",""AMD"",2013,1024,8.5,64,533"
"Radeon X800 XT Platinum,""R423"",""AMD"",2004,256,71.7,256,1120"
"Radeon X800 GTO,""R480"",""AMD"",2005,256,62.7,256,980"
"Radeon X800 SE,""R420"",""AMD"",2004,256,51.2,256,800"
"Radeon X800 XL,""R430"",""AMD"",2004,256,125.4,512,980"
"Radeon X600 Series,""RV380"",""AMD"",2004,128,9.6,128,600"
"Radeon X300 Series,""RV370"",""AMD"",2004,128,6.4,128,400"
"Radeon X800 Pro,""R423"",""AMD"",2004,256,57.6,256,900"
"Radeon X550 Series,""RV370"",""AMD"",2005,256,8,128,500"
"Radeon X800 GT,""R480"",""AMD"",2005,256,62.7,256,980"
"Radeon RX Vega 64 Air 8GB,""Vega 10 XTX"",""AMD"",2017,8192,256,512,500"
"Radeon RX 460 HIS Slim-iCooler OC 4GB,""GCN 1.3 Baffin XT"",""ATI"",2016,4096,105.8,128,1750"
"Radeon X700 Series,""RV410"",""AMD"",2004,128,11.2,128,700"
"Radeon RX 580 XFX GTS XXX 8GB,""GCN 1.3 Polaris 20 XTX"",""AMD"",2017,8192,256,128,2000"
"Radeon RX 580 XFX GTS Black 8GB,""GCN 1.3 Polaris 20 XTX"",""AMD"",2017,8192,256,128,2000"
"Radeon RX 580 XFX GTS XXX 4GB,""GCN 1.3 Polaris 20 XTX"",""AMD"",2017,4096,224,128,1750"
"Radeon RX 580 XFX GTS Black Core 8GB,""GCN 1.3 Polaris 20 XTX"",""AMD"",2017,8192,256,128,2000"
"Radeon RX 580 XFX GTR Black 8GB,""GCN 1.3 Polaris 20 XTX"",""AMD"",2017,8192,256,128,2000"
"Radeon RX 580 XFX GTR XXX 8GB,""GCN 1.3 Polaris 20 XTX"",""AMD"",2017,8192,256,128,2000"
"Radeon RX 580 Sapphire Pulse 8GB,""GCN 1.3 Polaris 20 XTX"",""AMD"",2017,8192,256,128,2000"
"Radeon RX 580 VisionTek OC 8GB,""GCN 1.3 Polaris 20 XTX"",""AMD"",2017,8192,256,128,2000"
"Radeon RX 580 Sapphire Pulse 4GB,""GCN 1.3 Polaris 20 XTX"",""AMD"",2017,8192,224,128,1750"
"Radeon RX 580 XFX GTR-S Black 8GB,""GCN 1.3 Polaris 20 XTX"",""AMD"",2017,8192,256,128,2000"
"Radeon RX 580 Sapphire Nitro+ 4GB,""GCN 1.3 Polaris 20 XTX"",""AMD"",2017,8192,224,128,1750"
"Radeon RX 580 Sapphire Nitro+ Limited 8GB,""GCN 1.3 Polaris 20 XTX"",""AMD"",2017,8192,256,128,2000"
"Radeon RX 580 PowerColor Red Dragon 4GB,""GCN 1.3 Polaris 20 XTX"",""AMD"",2017,4096,224,128,1750"
"Radeon RX 580 PowerColor Red Dragon 8GB,""GCN 1.3 Polaris 20 XTX"",""AMD"",2017,8192,256,128,2000"
"Radeon RX 580 PowerColor Red Devil Golden Sample 8GB,""GCN 1.3 Polaris 20 XTX"",""AMD"",2017,8192,256,128,2000"
"Radeon RX 580 MSI Gaming X+ 8GB,""GCN 1.3 Polaris 20 XTX"",""AMD"",2017,8192,256,128,2000"
"Radeon RX 580 Sapphire Nitro+ 8GB,""GCN 1.3 Polaris 20 XTX"",""AMD"",2017,8192,256,128,2000"
"Radeon RX 580 MSI Gaming X 4GB,""GCN 1.3 Polaris 20 XTX"",""AMD"",2017,4096,224,128,1750"
"Radeon RX 580 MSI Gaming X 8GB,""GCN 1.3 Polaris 20 XTX"",""AMD"",2017,8192,256,128,2000"
"Radeon RX 580 PowerColor Red Devil 8GB,""GCN 1.3 Polaris 20 XTX"",""AMD"",2017,8192,256,128,2000"
"Radeon RX 580 MSI Armor OC 4GB,""GCN 1.3 Polaris 20 XTX"",""AMD"",2017,4096,224,128,1750"
"Radeon RX 580 MSI Armor OC 8GB,""GCN 1.3 Polaris 20 XTX"",""AMD"",2017,8192,256,128,2000"
"Radeon RX 580 MSI Armor 4GB,""GCN 1.3 Polaris 20 XTX"",""AMD"",2017,4096,224,128,1750"
"Radeon RX 580 HIS IceQ X2 Roaring Turbo 8GB,""GCN 1.3 Polaris 20 XTX"",""AMD"",2017,8192,256,128,2000"
"Radeon RX 580 MSI Armor 8GB,""GCN 1.3 Polaris 20 XTX"",""AMD"",2017,8192,256,128,2000"
"Radeon RX 580 Gigabyte Gaming 8GB,""GCN 1.3 Polaris 20 XTX"",""AMD"",2017,8192,256,128,2000"
"Radeon RX 580 HIS IceQ X2 Turbo 8GB,""GCN 1.3 Polaris 20 XTX"",""AMD"",2017,8192,256,128,2000"
"Radeon RX 580 HIS IceQ X2 OC 4GB,""GCN 1.3 Polaris 20 XTX"",""AMD"",2017,4096,224,128,1750"
"Radeon RX 580 Gigabyte Gaming 4GB,""GCN 1.3 Polaris 20 XTX"",""AMD"",2017,4096,224,128,1750"
"Radeon RX 580 Gigabyte Aorus XTR 8GB,""GCN 1.3 Polaris 20 XTX"",""AMD"",2017,8192,256,128,2000"
"Radeon RX 580 HIS IceQ X2 OC 8GB,""GCN 1.3 Polaris 20 XTX"",""AMD"",2017,8192,256,128,2000"
"Radeon RX 580 Gigabyte Aorus 4GB,""GCN 1.3 Polaris 20 XTX"",""AMD"",2017,4096,224,128,1750"
"Radeon RX 580 Asus ROG Strix Gaming OC 8GB,""GCN 1.3 Polaris 20 XTX"",""AMD"",2017,8192,256,128,2000"
"Radeon RX 580 Asus Dual 8GB,""GCN 1.3 Polaris 20 XTX"",""AMD"",2017,8192,256,128,2000"
"Radeon RX 580 Asus ROG Strix Gaming 8GB,""GCN 1.3 Polaris 20 XTX"",""AMD"",2017,8192,256,128,2000"
"Radeon RX 580 Gigabyte Aorus 8GB,""GCN 1.3 Polaris 20 XTX"",""AMD"",2017,8192,256,128,2000"
"Radeon RX 580 Asus ROG Strix TOP 8GB,""GCN 1.3 Polaris 20 XTX"",""AMD"",2017,8192,256,128,2000"
"Radeon RX 580 4GB,""GCN 1.3 Polaris 20 XTX"",""AMD"",2017,4096,224,128,1750"
"Radeon RX 570 Sapphire Nitro+ 8GB,""GCN 1.3 Polaris 20 XL"",""AMD"",2017,8192,224,128,1750"
"Radeon RX 570 Sapphire Nitro+ 4GB,""GCN 1.3 Polaris 20 XL"",""AMD"",2017,4096,224,128,1750"
"Radeon RX 570 Sapphire Pulse 4GB,""GCN 1.3 Polaris 20 XL"",""AMD"",2017,4096,224,128,1750"
"Radeon RX 580 8GB,""GCN 1.3 Polaris 20 XTX"",""AMD"",2017,8192,256,128,2000"
"Radeon RX 570 MSI Gaming X 4GB,""GCN 1.3 Polaris 20 XL"",""AMD"",2017,4096,224,128,1750"
"Radeon RX 570 MSI Gaming X 8GB,""GCN 1.3 Polaris 20 XL"",""AMD"",2017,8192,224,128,1750"
"Radeon RX 570 PowerColor Red Dragon 4GB,""GCN 1.3 Polaris 20 XL"",""AMD"",2017,4096,224,128,1750"
"Radeon RX 570 PowerColor Red Devil 4GB,""GCN 1.3 Polaris 20 XL"",""AMD"",2017,4096,224,128,1750"
"Radeon RX 570 Sapphire Pulse ITX 4GB,""GCN 1.3 Polaris 20 XL"",""AMD"",2017,4096,224,128,1750"
"Radeon RX 570 MSI Gaming 4GB,""GCN 1.3 Polaris 20 XL"",""AMD"",2017,4096,224,128,1750"
"Radeon RX 570 MSI Gaming 8GB,""GCN 1.3 Polaris 20 XL"",""AMD"",2017,8192,224,128,1750"
"Radeon RX 570 MSI Armor OC 8GB,""GCN 1.3 Polaris 20 XL"",""AMD"",2017,8192,224,128,1750"
"Radeon RX 570 MSI Armor OC 4GB,""GCN 1.3 Polaris 20 XL"",""AMD"",2017,4096,224,128,1750"
"Radeon RX 570 MSI Armor 8GB,""GCN 1.3 Polaris 20 XL"",""AMD"",2017,8192,224,128,1750"
"Radeon RX 570 HIS IceQ X2 OC 4GB,""GCN 1.3 Polaris 20 XL"",""AMD"",2017,4096,224,128,1750"
"Radeon RX 570 Dataland X-Serial 4GB,""GCN 1.3 Polaris 20 XL"",""AMD"",2017,4096,224,128,1750"
"Radeon RX 570 Gigabyte Aorus 4GB,""GCN 1.3 Polaris 20 XL"",""AMD"",2017,4096,224,128,1750"
"Radeon RX 570 MSI Armor 4GB,""GCN 1.3 Polaris 20 XL"",""AMD"",2017,4096,224,128,1750"
"Radeon RX 570 Gigabyte Gaming 4GB,""GCN 1.3 Polaris 20 XL"",""AMD"",2017,4096,224,128,1750"
"Radeon RX 570 Asus ROG Strix Gaming OC 4GB,""GCN 1.3 Polaris 20 XL"",""AMD"",2017,4096,224,128,1750"
"Radeon RX 570 Asus ROG Strix Gaming 4GB,""GCN 1.3 Polaris 20 XL"",""AMD"",2017,4096,224,128,1750"
"Radeon RX 570 Asus Expedition OC 4GB,""GCN 1.3 Polaris 20 XL"",""AMD"",2017,4096,224,128,1750"
"Radeon RX 570 8GB,""GCN 1.3 Polaris 20 XL"",""AMD"",2017,8192,224,128,1750"
"Radeon RX 570 4GB,""GCN 1.3 Polaris 20 XL"",""AMD"",2017,4096,224,128,1750"
"Radeon RX 570 Asus Expedition 4GB,""GCN 1.3 Polaris 20 XL"",""AMD"",2017,4096,224,128,1750"
"Radeon RX 560 Yeston Gaea 4GB,""GCN 1.3 Baffin XT"",""AMD"",2017,4096,112,128,1750"
"Radeon RX 560 XFX Single Fan OC 4GB,""GCN 1.3 Baffin XT"",""AMD"",2017,4096,112,128,1750"
"Radeon RX 560D 2GB,""Polaris 10"",""AMD"",2017,2048,105.8,128,1750"
"Radeon RX 560 XFX Double Dissipation OC 2GB,""GCN 1.3 Baffin XT"",""AMD"",2017,2048,112,128,1750"
"Radeon RX 560 XFX Single Fan OC 2GB,""GCN 1.3 Baffin XT"",""AMD"",2017,2048,112,128,1750"
"Radeon RX 560 XFX Double Dissipation OC 4GB,""GCN 1.3 Baffin XT"",""AMD"",2017,4096,112,128,1750"
"Radeon RX 560 VisionTek Overclocked 2GB,""GCN 1.3 Baffin XT"",""AMD"",2017,2048,112,128,1750"
"Radeon RX 560 Sapphire Pulse OC 2GB,""GCN 1.3 Baffin XT"",""AMD"",2017,2048,112,128,1750"
"Radeon RX 560 XFX Slim Single Slot 2GB,""GCN 1.3 Baffin XT"",""AMD"",2017,2048,112,128,1750"
"Radeon RX 560 Sapphire Pulse OC 4GB,""GCN 1.3 Baffin XT"",""AMD"",2017,4096,112,128,1750"
"Radeon RX 560 Sapphire Pulse 4GB,""GCN 1.3 Baffin XT"",""AMD"",2017,4096,112,128,1750"
"Radeon RX 560 PowerColor Red Dragon OC 4GB,""GCN 1.3 Baffin XT"",""AMD"",2017,4096,112,128,1750"
"Radeon RX 560 PowerColor Red Dragon OC 2GB,""GCN 1.3 Baffin XT"",""AMD"",2017,2048,112,128,1750"
"Radeon RX 560 Sapphire Pulse Mining 4GB,""GCN 1.3 Baffin XT"",""AMD"",2017,4096,112,128,1750"
"Radeon RX 560 Kuroutoshikou 4GB,""GCN 1.3 Baffin XT"",""AMD"",2017,4096,112,128,1750"
"Radeon RX 560 PowerColor Red Dragon OC V3 2GB,""GCN 1.3 Baffin XT"",""AMD"",2017,2048,112,128,1750"
"Radeon RX 560 HIS iCooler OC 2GB,""GCN 1.3 Baffin XT"",""AMD"",2017,2048,112,128,1750"
"Radeon RX 560 HIS Green iCooler OC 2GB,""GCN 1.3 Baffin XT"",""AMD"",2017,2048,112,128,1750"
"Radeon RX 560 PowerColor Red Dragon V3 4GB,""GCN 1.3 Baffin XT"",""AMD"",2017,4096,112,128,1750"
"Radeon RX 560 HIS Green iCooler OC 4GB,""GCN 1.3 Baffin XT"",""AMD"",2017,4096,112,128,1750"
"Radeon RX 560 MSI Aero ITX OC 2GB,""GCN 1.3 Baffin XT"",""AMD"",2017,2048,112,128,1750"
"Radeon RX 560 Dataland X-Serial War 4GB,""GCN 1.3 Baffin XT"",""AMD"",2017,4096,112,128,1750"
"Radeon RX 560 Gigabyte Gaming OC 4GB,""GCN 1.3 Baffin XT"",""AMD"",2017,4096,112,128,1750"
"Radeon RX 560 MSI Aero ITX OC 4GB,""GCN 1.3 Baffin XT"",""AMD"",2017,4096,112,128,1750"
"Radeon RX 560 Gigabyte Gaming OC 2GB,""GCN 1.3 Baffin XT"",""AMD"",2017,2048,112,128,1750"
"Radeon RX 560 Dataland X-Serial God of War 4GB,""GCN 1.3 Baffin XT"",""AMD"",2017,4096,112,128,1750"
"Radeon RX 560 Asus ROG Strix Gaming 4GB,""GCN 1.3 Baffin XT"",""AMD"",2017,4096,112,128,1750"
"Radeon RX 560 Dataland X-Serial War 2GB,""GCN 1.3 Baffin XT"",""AMD"",2017,2048,112,128,1750"
"Radeon RX 560 Asus ROG Strix Gaming OC 4GB,""GCN 1.3 Baffin XT"",""AMD"",2017,4096,112,128,1750"
"Radeon RX 560 Dataland X-Serial God of War 2GB,""GCN 1.3 Baffin XT"",""AMD"",2017,2048,112,128,1750"
"Radeon RX 560 Asus Dual Fan OC 4GB,""GCN 1.3 Baffin XT"",""AMD"",2017,4096,112,128,1750"
"Radeon RX 560 Asus Dual Fan 4GB,""GCN 1.3 Baffin XT"",""AMD"",2017,4096,112,128,1750"
"Radeon RX 560 4GB,""GCN 1.3 Baffin XT"",""AMD"",2017,4096,112,128,1750"
"Radeon RX 560 2GB,""GCN 1.3 Baffin XT"",""AMD"",2017,2048,112,128,1750"
"Radeon RX 560 Asus Dual Fan OC 2GB,""GCN 1.3 Baffin XT"",""AMD"",2017,2048,112,128,1750"
"Radeon RX 560 Asus Dual Fan 2GB,""GCN 1.3 Baffin XT"",""AMD"",2017,2048,112,128,1750"
"Radeon RX 550 4GB [not released],""GCN 1.3 Baffin XT"",""AMD"",2017,4096,105.8,128,1750"
"Radeon RX 550 2GB [not released],""GCN 1.3 Baffin XT"",""AMD"",2017,2048,105.8,128,1750"
"Radeon Xpress 1150,""RS482"",""AMD"",2006,64,3.2,64,400"
"Radeon X1950 Pro,""RV570"",""AMD"",2006,512,44.2,256,690"
"Radeon X1950 XTX,""R580+"",""AMD"",2006,512,64,256,1000"
"Radeon X1950 XT,""R580+"",""AMD"",2006,512,57.6,256,900"
"Radeon X1900 XTX,""R580"",""AMD"",2006,512,49.6,256,775"
"Radeon X1950 GT,""RV570"",""AMD"",2007,256,38.4,256,600"
"Radeon X1950 Series,""RV570 - R580+"",""AMD"",2006,256,64,256,1000"
"Radeon X1900 XT,""R580"",""AMD"",2006,256,46.4,256,725"
"Radeon X1900 Series,""R580"",""AMD"",2006,256,64,256,1000"
"Radeon X1900 GT Rev. 2,""R580"",""AMD"",2006,256,42.2,256,660"
"Radeon X1800 XL,""R520"",""AMD"",2005,256,64,256,500"
"Radeon X1650 SE,""RV530"",""AMD"",2007,512,25.6,128,800"
"Radeon X1800 Series 256MB,""R520"",""AMD"",2005,256,44.8,256,700"
"Radeon X1800 XT,""R520"",""AMD"",2005,512,44.8,256,700"
"Radeon X1800 GTO,""R520"",""AMD"",2006,256,31.7,256,495"
"Radeon X1900 GT,""R580"",""AMD"",2006,256,38.4,256,600"
"Radeon X1650 PRO,""RV535"",""AMD"",2006,256,22.4,128,700"
"Radeon X1800 GTO?,""R520"",""AMD"",2006,512,31.7,256,495"
"Radeon X1650 XT,""RV560"",""AMD"",2010,256,22.4,128,700"
"Radeon X1650 GT,""RV560"",""AMD"",2007,128,12.8,128,400"
"Radeon X1600,""RV516 XT"",""AMD"",2007,512,12.8,128,400"
"Radeon X1600 XT,""RV530"",""AMD"",2005,256,22.1,128,690"
"Radeon X1650 PowerColor 256MB Edition,""RV530"",""AMD"",2007,256,6.4,64,400"
"Radeon X1600 Pro 512MB,""RV530"",""AMD"",2005,512,12.5,128,390"
"Radeon X1300 XT,""RV530"",""AMD"",2006,256,12.8,128,400"
"Radeon X1300 PRO,""RV516"",""AMD"",2006,256,6.4,128,400"
"Radeon X1050 256MB,""RV410"",""AMD"",2006,256,10.7,128,333"
"Radeon X1200 128mb,""RS690C"",""AMD"",2007,1024,105.8,64,1150"
"Radeon X1050 XT,""RV410"",""AMD"",2006,128,1.6,64,200"
"Radeon X1300 LE,""RV515 LE"",""AMD"",2005,64,2,64,250"
"Intel Q43 Express Chipset,""Eaglelake"",""Intel"",2008,512,105.8,128,1150"
"Radeon X1300 256MB,""RV515"",""AMD"",2005,256,4,128,250"
"Radeon X1050,""RV370"",""AMD"",2006,128,5.3,64,333"
"Intel G45 Express Chipset,""Eaglelake"",""Intel"",2008,32,105.8,128,1150"
"Intel G41 Express Chipset,""Eaglelake"",""Intel"",2008,64,105.8,128,1150"
"Intel G33 Express Chipset,""Bearlake-B"",""Intel"",2007,512,105.8,128,1150"
"Intel G43 Express Chipset,""Eaglelake"",""Intel"",2008,1024,105.8,128,1150"
"Intel 865G,""Springdale"",""Intel"",2003,64,105.8,64,1150"
"Intel G31 Express Chipset,""Bearlake-B"",""Intel"",2007,32,105.8,128,1150"
"Intel B43 Express Chipset,""Eaglelake"",""Intel"",2008,4096,105.8,128,1150"
"Intel G35 Express Chipset,""Broadwater"",""Intel"",2007,1024,105.8,128,1150"
"Intel 82845G,""Brookdale"",""Intel"",2002,64,1.1,64,133"
"Intel 82945G,""Lakeport-G"",""Intel"",2005,128,105.8,128,1150"
"Radeon X1550,""RV516"",""AMD"",2007,256,12.8,128,400"
"Intel HD Graphics P4600,""Haswell"",""Intel"",2013,512,25.6,128,800"
"Intel GMA 3100,""Bearlake"",""Intel"",2007,1024,105.8,128,1150"
"Intel HD Graphics P4700,""Haswell"",""Intel"",2013,256,25.6,128,800"
"Intel HD Graphics P4000,""Ivy Bridge"",""Intel"",2012,32,25.6,128,800"
"Intel HD Graphics Desktop (Ivy Bridge),""Ivy Bridge"",""Intel"",2012,64,25.6,128,800"
"Intel HD Graphics P3000,""Sandy Bridge"",""Intel"",2011,128,21.3,128,667"
"Intel HD Graphics 510 Desktop,""Skylake GT1"",""Intel"",2015,1024,34.1,128,1067"
"Intel HD Graphics Desktop (Sandy Bridge),""Sandy Bridge"",""Intel"",2011,1024,25.6,128,800"
"Intel HD Graphics 610,""Skylake GT2"",""Intel"",2017,512,34.1,128,1066"
"Intel HD Graphics Desktop (Bay Trail),""Ivy Bridge: Bay Trail"",""Intel"",2013,4096,21.3,128,667"
"Intel HD Graphics 530 Desktop,""Skylake GT2"",""Intel"",2015,64,34.1,128,1067"
"Intel HD Graphics 4600 Desktop,""Haswell GT2-MB"",""Intel"",2013,32,25.6,128,800"
"Intel HD Graphics 4400 Desktop,""Haswell: GT1"",""Intel"",2013,256,25.6,128,800"
"Intel HD Graphics 4200 Desktop,""Haswell"",""Intel"",2013,32,25.6,128,800"
"Intel HD Graphics Desktop (Haswell),""Haswell"",""Intel"",2013,256,25.6,128,800"
"Intel HD Graphics 4000 Desktop,""Ivy Bridge GT2"",""Intel"",2012,1024,25.6,128,800"
"Intel HD Graphics 2500 Desktop,""Ivy Bridge"",""Intel"",2012,2048,12.8,64,800"
"Intel HD Graphics 3000 Desktop,""Sandy Bridge GT2"",""Intel"",2011,4096,21.3,128,667"
"Intel 915GM/GMS,""Alviso"",""Intel"",2003,4096,105.8,128,1150"
"Intel 945GM Express Family,""Calistoga"",""Intel"",2005,4096,105.8,128,1150"
"Intel 945 Express Family,""Lakeport"",""Intel"",2005,64,105.8,128,1150"
"HD i3 6100,""Skylake GT2-S0"",""Intel"",2015,256,34.1,128,1067"
"Intel HD Graphics 2000 Desktop,""Sandy Bridge GT1"",""Intel"",2011,128,21.3,128,667"
"HD i3 6300,""Skylake GT2-S0"",""Intel"",2015,2048,34.1,128,1067"
"HD i3 560,""Clarkdale"",""Intel"",2010,512,10.7,64,667"
"HD i3 540,""Clarkdale"",""Intel"",2010,2048,10.7,64,667"
"HD i3 6320,""Skylake GT2-S0"",""Intel"",2015,1024,34.1,128,1067"
"HD i3 2130,""Sandy Bridge"",""Intel"",2011,512,21.3,128,667"
"HD i3 550,""Clarkdale"",""Intel"",2010,256,10.7,64,667"
"HD i3 2125,""Sandy Bridge"",""Intel"",2011,128,10.7,64,667"
"HD i3 530,""Clarkdale"",""Intel"",2010,512,10.7,64,667"
"HD i3 2100T,""Sandy Bridge"",""Intel"",2011,32,10.7,64,667"
"Intel HD Pentium G630T,""Sandy Bridge"",""Intel"",2011,32,17.1,128,533"
"HD i3 2120,""Sandy Bridge"",""Intel"",2011,64,10.7,64,667"
"Intel HD Pentium G840,""Sandy Bridge"",""Intel"",2011,128,10.7,64,667"
"HD i3 2100,""Sandy Bridge"",""Intel"",2011,4096,21.3,128,667"
"HD i3 2105,""Sandy Bridge"",""Intel"",2011,4096,10.7,64,667"
"Intel HD Pentium G620T,""Sandy Bridge"",""Intel"",2011,512,17.1,128,533"
"HD i3 6300T,""Skylake GT2-S0"",""Intel"",2015,32,34.1,128,1067"
"Intel HD Pentium G630,""Sandy Bridge"",""Intel"",2011,4096,17.1,128,533"
"HD i7 6700,""Skylake GT2-R0"",""Intel"",2015,32,34.1,128,1067"
"HD i7 6700K,""Skylake GT2-R0"",""Intel"",2015,32,34.1,128,1067"
"HD i7 6700T,""Skylake GT2-R0"",""Intel"",2015,512,34.1,128,1067"
"HD i7 3770T,""Ivy Bridge GT2"",""Intel"",2012,128,25.6,128,800"
"HD i7 4790K,""Haswell GT2-MB"",""Intel"",2014,64,25.6,128,800"
"HD i7 3770K,""Ivy Bridge GT2"",""Intel"",2012,2048,25.6,128,800"
"HD i7 3770S,""Ivy Bridge GT2"",""Intel"",2012,4096,25.6,128,800"
"HD i7 2600,""Sandy Bridge GT1"",""Intel"",2011,512,21.3,128,667"
"HD i7 3770,""Ivy Bridge GT2"",""Intel"",2012,32,25.6,128,800"
"HD i7 2600K,""Sandy Bridge GT2"",""Intel"",2011,1024,21.3,128,667"
"HD i7 2700K,""Sandy Bridge GT2"",""Intel"",2011,2048,21.3,128,667"
"HD i3 3220,""Ivy Bridge"",""Intel"",2012,32,25.6,128,800"
"Intel HD Pentium G4400T,""Skylake GT1"",""Intel"",2015,2048,34.1,128,1067"
"HD i7 2600S,""Sandy Bridge GT1"",""Intel"",2011,32,21.3,128,667"
"Intel HD Pentium G4400,""Skylake GT1"",""Intel"",2015,128,34.1,128,1067"
"Intel HD Pentium G4500,""Skylake GT2"",""Intel"",2015,128,34.1,128,1067"
"Intel HD Pentium G1620,""Ivy Bridge"",""Intel"",2013,32,21.3,128,667"
"HD i5 6402P,""Skylake GT1"",""Intel"",2015,2048,34.1,128,1067"
"HD i5 670,""Clarkdale"",""Intel"",2010,128,10.7,64,667"
"HD i5 680,""Clarkdale"",""Intel"",2010,512,10.7,64,667"
"HD i5 6600T,""Skylake GT2-R0"",""Intel"",2015,128,34.1,128,1067"
"HD i5 6600,""Skylake GT2-R0"",""Intel"",2015,64,34.1,128,1067"
"HD i5 6600K,""Skylake GT2-R0"",""Intel"",2015,4096,34.1,128,1067"
"HD i5 661,""Clarkdale"",""Intel"",2010,512,10.7,64,667"
"HD i5 6500T,""Skylake GT2-R0"",""Intel"",2015,2048,34.1,128,1067"
"HD i5 655K,""Clarkdale"",""Intel"",2010,4096,10.7,64,667"
"HD i5 660,""Clarkdale"",""Intel"",2010,32,10.7,64,667"
"HD i5 6400T,""Skylake GT2-R0"",""Intel"",2015,1024,34.1,128,1067"
"HD i5 6400,""Skylake GT2-R0"",""Intel"",2015,256,34.1,128,1067"
"HD i5 6500,""Skylake GT2-R0"",""Intel"",2015,256,34.1,128,1067"
"HD i5 2500,""Sandy Bridge"",""Intel"",2011,4096,10.7,64,667"
"HD i5 3550,""Ivy Bridge"",""Intel"",2012,64,12.8,64,800"
"HD i5 2400,""Sandy Bridge"",""Intel"",2011,2048,10.7,64,667"
"HD i5 2310,""Sandy Bridge"",""Intel"",2011,1024,10.7,64,667"
"HD i5 2320,""Sandy Bridge"",""Intel"",2011,512,10.7,64,667"
"HD i5 3570k,""Ivy Bridge"",""Intel"",2012,512,12.8,64,800"
"Iris Pro Graphics 6200 Desktop,""Broadwell GT3e"",""Intel"",2015,128,14.9,128,933"
"HD i5 2300,""Sandy Bridge"",""Intel"",2011,4096,10.7,64,667"
"Iris Pro Graphics 5200 Desktop,""Haswell: GT3e"",""Intel"",2013,256,25.6,128,800"
"HD i5 2405S,""Sandy Bridge"",""Intel"",2011,2048,10.7,64,667"
"HD i3 6308P,""Skylake GT1"",""Intel"",2015,4096,34.1,128,1067"
"HD i5 2400S,""Sandy Bridge"",""Intel"",2011,64,10.7,64,667"
"HD i5 650,""Clarkdale"",""Intel"",2010,4096,10.7,64,667"
"HD i5 2500K,""Sandy Bridge"",""Intel"",2011,2048,10.7,64,667"
"Iris Graphics 5100 Desktop,""Haswell: GT3"",""Intel"",2013,256,25.6,128,800"
"Radeon HD 7990,""GCN 1.0 Malta"",""AMD"",2013,6144,576,384,1500"
"Radeon HD 7970 X2 Devil 13,""GCN 1.0 Tahiti XT (x2)"",""AMD"",2012,6144,264,192,1375"
"Radeon HD 8990 (OEM),""GCN 1.0 Malta"",""AMD"",2013,6144,576,384,1500"
"Quadro NVS 420,""G98"",""Nvidia"",2009,512,11.2,64,700"
"Radeon HD 6990 Gigabyte 4GB Edition,""Terascale 3 Antilles"",""AMD"",2011,4096,320,512,1250"
"Radeon HD 5450 1024MB,""Terascale 2 Cedar PRO"",""AMD"",2010,1024,6.4,64,400"
"Radeon HD 7970 XFX Black Edition,""GCN 1.0 Tahiti XT"",""AMD"",2012,3072,273.6,384,1425"
"Quadro NVS 310 PNY Low Profile Edition,""Fermi GF119"",""Nvidia"",2012,512,14,64,875"
"Quadro FX 5800,""GT200GL"",""Nvidia"",2008,4096,102.4,512,800"
"Quadro NVS 450,""G98"",""Nvidia"",2011,512,11.2,64,700"
"Quadro Plex 7000,""Fermi GF100 (x2)"",""Nvidia"",2011,12288,288,384,750"
"GeForce 7025 nForce 630a,""MCP68S"",""Nvidia"",2007,2048,105.8,128,1150"
"GeForce 9800 GX2 SLI,""G92 (x4)"",""Nvidia"",2008,2048,256,256,1000"
"Quadro K6000,""Kepler GK110"",""Nvidia"",2013,12288,288.4,384,1502"
"Quadro M4000,""Maxwell GM204-200-A1"",""Nvidia"",2015,8192,192.3,256,1502"
"Vanta LT,""NV6"",""Nvidia"",2000,16,105.8,64,100"
"Quadro K5200,""Kepler GK110"",""Nvidia"",2014,8192,192,384,1000"
"Quadro K5000,""Kepler GK104"",""Nvidia"",2012,4096,172.8,256,1350"
"Quadro K620,""Maxwell GM107"",""Nvidia"",2014,1024,28.8,128,900"
"Quadro K4200,""Kepler GK104"",""Nvidia"",2014,4096,172.8,256,1350"
"Quadro K2200,""Maxwell GM107"",""Nvidia"",2014,4096,80,128,1250"
"Quadro K600 PNY 1GB Edition,""Kepler GK107-301-A2"",""Nvidia"",2013,1024,29,128,905"
"Quadro K600,""Kepler GK107-301-A2"",""Nvidia"",2013,1024,29,128,905"
"Quadro K420,""Kepler GK107-301-A2"",""Nvidia"",2014,1024,28.8,128,900"
"Quadro CX,""D10U-20"",""Nvidia"",2008,1536,76.8,384,800"
"Quadro 6000,""Fermi GF100"",""Nvidia"",2010,6144,143.4,384,747"
"Quadro 4000,""Fermi GF100-100-KD"",""Nvidia"",2010,2048,89.9,256,702"
"Quadro 600,""GF108GL"",""Nvidia"",2010,1024,25.6,128,800"
"Quadro 2000D,""Fermi GF106-875-A1"",""Nvidia"",2011,1024,41.6,128,650"
"Quadro 410,""Kepler GK107"",""Nvidia"",2012,512,14.3,64,891"
"Quadro 400,""GT216GL"",""Nvidia"",2011,512,12.8,64,800"
"ION LE,""MCP79MX"",""Nvidia"",2008,32,8.5,64,1066"
"GeForce 9800 GTX+,""Tesla G92-420-B1"",""Nvidia"",2009,512,70.4,256,1100"
"GeForce 9800 GX2,""G92 (x2)"",""Nvidia"",2008,1024,128,256,1000"
"Quadro 2000,""Fermi GF106-875-A1"",""Nvidia"",2010,1024,41.6,128,650"
"Quadro 5000,""Fermi GF100-850-A3"",""Nvidia"",2011,2560,120,320,750"
"GeForce 8800 Ultra,""Tesla G80"",""Nvidia"",2007,768,103.7,384,1080"
"GeForce 9800 GT 1GB SLI,""Tesla G92-270-A2 (x2)"",""Nvidia"",2008,2048,115.2,512,900"
"GeForce 9800 GT Green Edition,""Tesla G92-270-A2"",""Nvidia"",2009,512,57.6,256,900"
"GeForce 9800 GTX SLI,""G92 (x2)"",""Nvidia"",2008,1024,140.8,256,1100"
"GeForce 9800 GTX,""Tesla G92-420-A2"",""Nvidia"",2008,512,70.4,256,1100"
"GeForce 9800 GT,""Tesla G92-270-A2"",""Nvidia"",2008,512,57.6,256,900"
"GeForce 9600 GT Asus Magic HDMI 512MB Edition,""Tesla G94-300-A1"",""Nvidia"",2008,512,25.6,256,400"
"GeForce 9800 GT 1GB,""Tesla G92-270-A2"",""Nvidia"",2008,1024,57.6,256,900"
"GeForce 9600 GSO EVGA Dual-Slot 768MB Edition,""G92"",""Nvidia"",2008,768,38.4,192,800"
"GeForce 9600 GT 512MB,""Tesla G94-300-A1"",""Nvidia"",2008,512,57.6,256,900"
"GeForce 9600 GSO 512MB,""G92"",""Nvidia"",2008,512,43.2,192,900"
"GeForce 9500 GT,""Tesla G96C"",""Nvidia"",2008,512,25.6,128,800"
"GeForce 9600 GSO,""G92"",""Nvidia"",2008,384,38.4,192,800"
"GeForce 9600 GS,""G94a"",""Nvidia"",2008,768,24,192,500"
"GeForce 9500 GS,""G96"",""Nvidia"",2008,512,16,128,500"
"GeForce 9600 GT 1GB,""Tesla G94-300-A1"",""Nvidia"",2008,1024,57.6,256,900"
"GeForce 9400 GT 1GB,""G96a/b"",""Nvidia"",2008,1024,12.8,128,400"
"GeForce 9300 GS,""G98"",""Nvidia"",2008,512,8,64,500"
"GeForce 9400,""MCP7A-U"",""Nvidia"",2008,32,105.8,128,1150"
"GeForce 9300,""MCP79MX"",""Nvidia"",2008,512,105.8,128,1150"
"GeForce 7950 GX2,""G71"",""Nvidia"",2006,1024,76.8,256,600"
"GeForce 9300 GE,""G98"",""Nvidia"",2008,512,8,64,500"
"GeForce 9400 GT,""G96a/b"",""Nvidia"",2008,512,12.8,128,400"
"GeForce 7950 GT,""G71"",""Nvidia"",2006,512,44.8,256,700"
"GeForce 7900 GTX,""G71"",""Nvidia"",2006,512,51.2,256,800"
"GeForce 7900 GS,""G71"",""Nvidia"",2006,256,42.2,256,660"
"GeForce 7900 GT,""G71"",""Nvidia"",2006,256,42.2,256,660"
"GeForce 7800 GTX,""G70"",""Nvidia"",2005,512,54.4,256,850"
"GeForce 9100,""C78"",""Nvidia"",2007,128,105.8,128,1150"
"GeForce 7900 GTO,""G71"",""Nvidia"",2006,512,42.2,256,660"
"GeForce 7600 GT 256MB,""G73"",""Nvidia"",2006,256,22.4,128,700"
"GeForce 7800 GT,""G70"",""Nvidia"",2005,256,32,256,500"
"GeForce 7800 GS,""G70"",""Nvidia"",2006,256,38.4,256,600"
"GeForce 7600 GS,""G73"",""Nvidia"",2006,256,12.8,128,400"
"GeForce 7600 GS Asus Silent Edition,""G73"",""Nvidia"",2006,256,25.6,128,800"
"GeForce 7300 SE/7200 GS,""G72"",""Nvidia"",2006,64,6.4,64,400"
"GeForce 7300 GS 256MB,""G72"",""Nvidia"",2006,256,6.4,64,400"
"GeForce 7500 LE,""G72"",""Nvidia"",2006,256,5.2,64,324"
"GeForce 7300 LE,""G72"",""Nvidia"",2006,256,5.3,64,333"
"GeForce 7300 GT,""G73"",""Nvidia"",2006,256,10.4,128,325"
"GeForce 7100,""MCP76"",""Nvidia"",2007,256,4.8,64,300"
"GeForce 7050,""MCP76"",""Nvidia"",2007,2048,5.3,64,334"
"GeForce 7050 PV nForce 630a,""MCP68V"",""Nvidia"",2007,64,105.8,128,1150"
"GeForce 8800 GTS 640MB,""Tesla G80"",""Nvidia"",2006,640,63.4,320,792"
"GeForce 7100 GS Inno3D 128MB Edition,""NV44"",""Nvidia"",2005,128,2.8,64,350"
"GeForce 8800 GTX 768MB,""Tesla G80"",""Nvidia"",2006,768,86.4,384,900"
"GeForce 7100 GS Inno3D 256MB Edition,""NV44"",""Nvidia"",2005,256,4.3,64,533"
"ION,""GT218"",""Nvidia"",2010,256,105.8,128,1150"
"GeForce 8800 GTS 512MB,""Tesla G92"",""Nvidia"",2007,512,51.2,256,800"
"GeForce 8800 GTS,""Tesla G80-100-K0-A2"",""Nvidia"",2007,320,63.4,320,792"
"GeForce 8800 GTS 512MB SLI,""G92 (x2)"",""Nvidia"",2007,1024,102.4,256,800"
"GeForce 8800 GTS EVGA SSC 640MB Edition,""Tesla G80"",""Nvidia"",2006,640,72,320,900"
"GeForce 8800 GT,""Tesla G92-270-A2"",""Nvidia"",2007,512,57.6,256,900"
"GeForce 8600 GT Inno3D 512MB GDDR2,""Tesla G84"",""Nvidia"",2007,512,12.8,128,400"
"GeForce 8600 GTS 512MB,""Tesla G84"",""Nvidia"",2007,512,32,128,1000"
"GeForce 8600 GTS 256MB,""Tesla G84"",""Nvidia"",2007,256,32,128,1000"
"GeForce 8800 GS,""G92"",""Nvidia"",2008,384,38.4,192,800"
"GeForce 8600 GT Asus Magic 512MB DDR2,""Tesla G84"",""Nvidia"",2007,512,12.8,128,400"
"GeForce 8600 GT,""Tesla G84"",""Nvidia"",2007,256,22.4,128,700"
"GeForce 8600 GT Inno3D 1GB GDDR2,""Tesla G84"",""Nvidia"",2007,1024,12.8,128,400"
"GeForce 8600 GT Inno3D 256MB GDDR2,""Tesla G84"",""Nvidia"",2007,256,12.8,128,400"
"GeForce 8600 GT 256MB DDR3 Fatal1ty Edition,""Tesla G84"",""Nvidia"",2007,256,27.2,128,850"
"GeForce 8600 GT 512MB GDDR3,""Tesla G84"",""Nvidia"",2007,512,22.4,128,700"
"GeForce 8500 GT Inno3D 1GB Edition,""Tesla G86"",""Nvidia"",2007,1024,12.8,128,400"
"GeForce 8500 GT,""Tesla G86"",""Nvidia"",2007,256,12.8,128,400"
"GeForce 8600 GS,""G84"",""Nvidia"",2007,256,12.8,128,400"
"GeForce 8400 GS Rev. 4 EVGA 1GB Edition,""Tesla GT218"",""Nvidia"",2007,1024,9.6,64,600"
"GeForce 8400 GS Rev. 4,""Tesla GT218"",""Nvidia"",2007,512,8,64,500"
"GeForce 8300,""MCP78"",""Nvidia"",2008,512,105.8,64,1150"
"GeForce 8400 GS Rev. 3,""Tesla GT218"",""Nvidia"",2010,512,6.4,64,400"
"GeForce 8200,""MCP78"",""Nvidia"",2008,1024,105.8,128,800"
"GeForce 8400 GS,""Tesla G86"",""Nvidia"",2007,256,6.4,64,400"
"GeForce 8300 GS,""Tesla G86"",""Nvidia"",2007,512,12.8,64,800"
"Riva TNT2 Ultra,""NV5"",""Nvidia"",1999,32,2.9,128,183"
"GeForce 8100 nForce 720a,""MCP78"",""Nvidia"",2007,32,105.8,128,800"
"GeForce 8400 GS Rev. 2,""Tesla G98"",""Nvidia"",2007,512,6.4,64,400"
"Riva TNT2 M64,""NV6"",""Nvidia"",1999,32,1.2,64,150"
"Riva TNT2,""NV5"",""Nvidia"",1999,32,2.4,128,150"
"Riva TNT2 Pro,""NV5"",""Nvidia"",1999,32,2.7,128,166"
"Quadro NVS 300,""GT218"",""Nvidia"",2010,512,12.6,64,790"
"Quadro NVS 310,""Fermi GF119"",""Nvidia"",2012,512,14,64,875"
"Riva TNT,""NV4"",""Nvidia"",1998,16,1.8,128,110"
"Quadro NVS 295,""G98"",""Nvidia"",2009,256,11.2,64,700"
"Quadro NVS 290,""G86"",""Nvidia"",2007,256,6.4,64,400"
"Radeon HD 6990 Crossfire,""Terascale 2 Antilles (x2)"",""AMD"",2011,8192,640,512,1250"
"Quadro NVS 285,""NV44 A2"",""Nvidia"",2006,128,4.4,128,275"
"Quadro NVS 280,""NV34GL"",""Nvidia"",2004,64,105.8,128,1150"
"Radeon HD 6990,""Terascale 3 Antilles"",""AMD"",2011,4096,320,256,1250"
"Radeon HD 6990 Asus Edition,""Terascale 3 Antilles"",""AMD"",2011,4096,320,512,1250"
"Vanta 16MB,""NV6"",""Nvidia"",1999,32,105.8,64,125"
"Radeon HD 6970 XXX Edition,""Terascale 3 Cayman XT"",""AMD"",2010,2048,179.2,256,1400"
"Radeon HD 6970 Sapphire Edition,""Terascale 3 Cayman XT"",""AMD"",2011,2048,176,256,1375"
"Radeon HD 6970 MSI Edition,""Terascale 3 Cayman XT"",""AMD"",2010,2048,176,256,1375"
"Radeon HD 6970 Sapphire Dual Fan 2GB Edition,""Terascale 3 Cayman XT"",""AMD"",2011,2048,176,256,1375"
"Radeon HD 6970 Lightning Edition,""Terascale 3 Cayman XT"",""AMD"",2010,2048,176,256,1375"
"Radeon HD 6970 PowerColor 2GB Edition,""Terascale 3 Cayman XT"",""AMD"",2010,2048,176,256,1375"
"Radeon HD 6970 HIS IceQ 2GB Edition,""Terascale 3 Cayman XT"",""AMD"",2010,2048,176,256,1375"
"Radeon HD 6970 CrossFire,""Terascale 3 Cayman XT (x2)"",""AMD"",2010,2048,352,256,1375"
"Radeon HD 6970,""Terascale 3 Cayman XT"",""AMD"",2010,2048,176,256,1375"
"Radeon HD 6970 Asus Edition,""Terascale 3 Cayman XT"",""AMD"",2010,2048,176,256,1375"
"Radeon HD 6950 XFX 2GB Edition,""Terascale 3 Cayman Pro"",""AMD"",2010,2048,160,256,1250"
"Radeon HD 6950 Sapphire 2GB Edition,""Terascale 3 Cayman Pro"",""AMD"",2010,2048,160,256,1250"
"Radeon HD 6950 Twin Frozr III Power Edition,""Terascale 3 Cayman Pro"",""AMD"",2010,2048,160,256,1250"
"Radeon HD 6950 Sapphire 1GB Edition,""Terascale 3 Cayman Pro"",""AMD"",2011,1024,160,256,1250"
"Radeon HD 6950 PowerColor 2GB Edition,""Terascale 3 Cayman Pro"",""AMD"",2010,2048,160,256,1250"
"Radeon HD 6950 XFX Dual-Fan 2GB Edition,""Terascale 3 Cayman Pro"",""AMD"",2010,2048,160,256,1250"
"Radeon HD 6950 PowerColor 1GB Edition,""Terascale 3 Cayman Pro"",""AMD"",2010,1024,160,256,1250"
"Radeon HD 6950 Crossfire,""Cayman Pro"",""AMD"",2010,4096,320,256,1250"
"Radeon HD 6950 IceQ X Turbo 2GB Edition,""Terascale 3 Cayman Pro"",""AMD"",2011,2048,163.8,256,1280"
"Radeon HD 6950 Gigabyte WindForce 3X OC 1GB Edition,""Terascale 3 Cayman Pro"",""AMD"",2010,1024,160,256,1250"
"Radeon HD 6870 XFX DD XXX Edition,""Terascale 2 Barts XT"",""AMD"",2011,1024,134.4,256,1050"
"Radeon HD 6870 PowerColor X2 Edition,""Barts XT"",""AMD"",2011,2048,268.8,256,1050"
"Radeon HD 6870 XFX 2GB Edition,""Terascale 2 Barts XT"",""AMD"",2010,2048,134.4,256,1050"
"Radeon HD 6870 XFX 1GB Core Edition,""Terascale 2 Barts XT"",""AMD"",2010,1024,134.4,256,1050"
"Radeon HD 6870 MSI Hawk 1GB Edition,""Terascale 2 Barts XT"",""AMD"",2011,1024,134.4,256,1050"
"Radeon HD 6870 Sapphire Dirt3 Edition,""Terascale 2 Barts XT"",""AMD"",2010,1024,134.4,256,1050"
"Radeon HD 6950,""Terascale 3 Cayman Pro"",""AMD"",2010,2048,160,256,1250"
"Radeon HD 6870 IceQ X Edition,""Terascale 2 Barts XT"",""AMD"",2011,1024,134.4,256,1050"
"Radeon HD 6870 PowerColor 1GB Edition,""Terascale 2 Barts XT"",""AMD"",2011,1024,134.4,256,1050"
"Radeon HD 6870 XFX Black Edition,""Terascale 2 Barts XT"",""AMD"",2010,1024,147.2,256,1150"
"Radeon HD 6870 DirectCU 1GB Edition,""Terascale 2 Barts XT"",""AMD"",2011,1024,134.4,256,1050"
"Radeon HD 6870 Crossfire,""Terascale 2 Barts XT (x2)"",""AMD"",2010,2048,268.8,256,1050"
"Radeon HD 6870 Gigabyte OC Edition,""Terascale 2 Barts XT"",""AMD"",2010,1024,134.4,256,1050"
"Radeon HD 6850 XFX,""Terascale 2 Barts Pro"",""AMD"",2010,1024,128,256,1000"
"Radeon HD 6850 XFX Black Edition,""Terascale 2 Barts Pro"",""AMD"",2010,1024,134.4,256,1050"
"Radeon HD 6850 VTX3D 1GB X-Edition,""Terascale 2 Barts Pro"",""AMD"",2011,1024,134.4,256,1050"
"Radeon HD 6850 Sapphire 1GB Edition,""Terascale 2 Barts Pro"",""AMD"",2010,1024,128,256,1000"
"Radeon HD 6870,""Terascale 2 Barts XT"",""AMD"",2010,1024,134.4,256,1050"
"Radeon HD 6850 Toxic 1GB Edition,""Terascale 2 Barts Pro"",""AMD"",2011,1024,140.8,256,1100"
"Radeon HD 6850 PowerColor Edition,""Terascale 2 Barts Pro"",""AMD"",2010,1024,128,256,1000"
"Radeon HD 6850 MSI OC Power Edition,""Terascale 2 Barts Pro"",""AMD"",2010,1024,140.8,256,1100"
"Radeon HD 6850 MSI OC 8cm PWM Fan Edition,""Terascale 2 Barts Pro"",""AMD"",2010,1024,128,256,1000"
"Radeon HD 6850 IceQ X Turbo Edition,""Terascale 2 Barts Pro"",""AMD"",2011,1024,140.8,256,1100"
"Radeon HD 6850 MSI OC 9cm PWM Fan Edition,""Terascale 2 Barts Pro"",""AMD"",2010,1024,134.4,256,1050"
"Radeon HD 6850 IceQ X Edition,""Terascale 2 Barts Pro"",""AMD"",2011,1024,128,256,1000"
"Radeon HD 6850 GigaByte Edition,""Terascale 2 Barts Pro"",""AMD"",2010,1024,134.4,256,1050"
"Radeon HD 6850 DirectCU Edition,""Terascale 2 Barts Pro"",""AMD"",2010,1024,128,256,1000"
"Radeon HD 6850 Crossfire,""Barts Pro"",""AMD"",2010,2048,256,256,1000"
"Radeon HD 6850 Club-3D OC Edition,""Terascale 2 Barts Pro"",""AMD"",2010,1024,140.8,256,1100"
"Radeon HD 6850,""Terascale 2 Barts Pro"",""AMD"",2010,1024,128,256,1000"
"Radeon HD 6790 XFX 1GB Edition,""Terascale 2 Barts LE"",""AMD"",2011,1024,134.4,256,1050"
"Radeon HD 6790 PowerColor 1GB Edition,""Terascale 2 Barts LE"",""AMD"",2011,1024,134.4,256,1050"
"Radeon HD 6790 IceQ X Turbo 1GB Edition,""Terascale 2 Barts LE"",""AMD"",2011,1024,140.8,256,1100"
"Radeon HD 6770 XFX 1GB GDDR5 Core Edition,""Terascale 2 Juniper XT"",""AMD"",2011,1024,76.8,128,1200"
"Radeon HD 6790,""Terascale 2 Barts LE"",""AMD"",2011,1024,134.4,256,1050"
"Radeon HD 6770 PowerColor 1GB Edition,""Terascale 2 Juniper XT"",""AMD"",2011,1024,76.8,128,1200"
"Radeon HD 6770 Sapphire 1GB Edition,""Terascale 2 Juniper XT"",""AMD"",2011,1024,76.8,128,1200"
"Radeon HD 6770 MSI MD 1GB,""Terascale 2 Juniper XT"",""AMD"",2010,1024,70.4,128,1100"
"Radeon HD 6770 Asus DirectCU 1GB Edition,""Terascale 2 Juniper XT"",""AMD"",2011,1024,76.8,128,1200"
"Radeon HD 6770 Crossfire,""Juniper XT"",""AMD"",2011,2048,153.6,128,1200"
"Radeon HD 6770 Asus 1GB Edition,""Terascale 2 Juniper XT"",""AMD"",2011,1024,76.8,128,1200"
"Radeon HD 6770,""Terascale 2 Juniper XT"",""AMD"",2011,1024,76.8,128,1200"
"Radeon HD 6750 v2,""Terascale 2 Juniper PRO"",""AMD"",2011,2048,25.6,128,800"
"Radeon HD 6750 PowerColor SCS3 Dirt3 1GB Edition,""Terascale 2 Juniper PRO"",""AMD"",2011,1024,73.6,128,1150"
"Radeon HD 6750 v2 PowerColor 1GB Edition,""Terascale 2 Juniper PRO"",""AMD"",2011,1024,25.6,128,800"
"Radeon HD 6750 PowerColor 1GB Edition,""Terascale 2 Juniper PRO"",""AMD"",2011,1024,64,128,1000"
"Radeon HD 6750 v2 PowerColor 2GB Edition,""Terascale 2 Juniper PRO"",""AMD"",2011,2048,21.3,128,667"
"Radeon HD 6750,""Terascale 2 Juniper PRO"",""AMD"",2011,1024,73.6,128,1150"
"Radeon HD 6750 PowerColor Low Profile Dirt3 1GB Edition,""Terascale 2 Juniper PRO"",""AMD"",2011,1024,73.6,128,1150"
"Radeon HD 6670 XFX Core 1GB Edition,""Terascale 2 Turks XT"",""AMD"",2011,1024,64,128,1000"
"Radeon HD 6670 v2 Gigabyte OC 1GB Edition,""Terascale 2 Turks XT"",""AMD"",2011,1024,28.8,128,900"
"Radeon HD 6750 Gigabyte OC 1GB Edition,""Terascale 2 Juniper PRO"",""AMD"",2011,1024,76.8,128,1200"
"Radeon HD 6670 v2 MSI 2GB Edition,""Terascale 2 Turks XT"",""AMD"",2011,2048,21.3,128,667"
"Radeon HD 6670 v2 HIS Fan 1GB Edition,""Terascale 2 Turks XT"",""AMD"",2011,1024,25.6,128,800"
"Radeon HD 6670 v2 Diamond 2GB Edition,""Terascale 2 Turks XT"",""AMD"",2011,2048,19.2,128,600"
"Radeon HD 6670 v2 Gigabyte 2GB Edition,""Terascale 2 Turks XT"",""AMD"",2011,2048,25.6,128,800"
"Radeon HD 6670 v2 Sapphire 1GB Edition,""Terascale 2 Turks XT"",""AMD"",2011,1024,25.6,128,800"
"Radeon HD 6670 Sapphire Ultimate 1GB Edition,""Terascale 2 Turks XT"",""AMD"",2011,1024,64,128,1000"
"Radeon HD 6670 v2 Gigabyte 1GB Edition,""Terascale 2 Turks XT"",""AMD"",2011,1024,25.6,128,800"
"Radeon HD 6670 Sapphire 1GB Edition,""Terascale 2 Turks XT"",""AMD"",2011,1024,64,128,1000"
"Radeon HD 6670 v2,""Terascale 2 Turks XT"",""AMD"",2011,2048,25.6,128,800"
"Radeon HD 6670 HIS Fan 1GB Edition,""Terascale 2 Turks XT"",""AMD"",2011,1024,64,128,1000"
"Radeon HD 6670 MSI Dual Fan 1GB Edition,""Terascale 2 Turks XT"",""AMD"",2011,1024,64,128,1000"
"Radeon HD 6670 MSI Single Fan 1GB Edition,""Terascale 2 Turks XT"",""AMD"",2011,1024,64,128,1000"
"Radeon HD 6570 v2 XFX Silent 1GB Edition,""Terascale 2 Turks PRO-L"",""AMD"",2011,1024,20.8,128,650"
"Radeon HD 6570 v2 Sapphire Hyper Memory 1GB Edition,""Terascale 2 Turks PRO-L"",""AMD"",2011,1024,21.3,128,667"
"Radeon HD 6570 v2 PowerColor 2GB Edition,""Terascale 2 Turks PRO-L"",""AMD"",2011,2048,16,128,500"
"Radeon HD 6670,""Terascale 2 Turks XT"",""AMD"",2011,1024,64,128,1000"
"Radeon HD 6570 v2 MSI Single Fan 1GB Edition,""Terascale 2 Turks PRO-L"",""AMD"",2011,1024,28.8,128,900"
"Radeon HD 6670 Asus 1GB Edition,""Terascale 2 Turks XT"",""AMD"",2011,1024,64,128,1000"
"Radeon HD 6570 v2 PowerColor 1GB Edition,""Terascale 2 Turks PRO-L"",""AMD"",2011,1024,16,128,500"
"Radeon HD 6570 v2 Sapphire 1GB Edition,""Terascale 2 Turks PRO-L"",""AMD"",2011,1024,25.6,128,800"
"Radeon HD 6570 v2 MSI Dual Fan 1GB Edition,""Terascale 2 Turks PRO-L"",""AMD"",2011,1024,21.3,128,667"
"Radeon HD 6570 v2,""Terascale 2 Turks PRO-L"",""AMD"",2011,1024,28.8,128,900"
"Radeon HD 6570 v2 Sapphire 4GB Edition,""Terascale 2 Turks PRO-L"",""AMD"",2011,4096,25.6,128,800"
"Radeon HD 6450 v4,""Terascale 2 Caicos XT"",""AMD"",2012,2048,9.3,64,580"
"Radeon HD 6450A,""Terascale 2 Caicos PRO"",""AMD"",2011,1024,8.5,64,533"
"Radeon HD 6450 v3 Sapphire FleX 1GB Edition,""Terascale 2 Caicos PRO"",""AMD"",2011,1024,12.8,64,800"
"Radeon HD 6450 v3 MSI Low Profile 2GB Edition,""Terascale 2 Caicos PRO"",""AMD"",2011,2048,10.7,64,667"
"Radeon HD 6450 v3 Gigabyte OC 1GB Edition,""Terascale 2 Caicos PRO"",""AMD"",2011,1024,12.8,64,800"
"Radeon HD 6450 v3 Sapphire 2GB Edition,""Terascale 2 Caicos PRO"",""AMD"",2011,2048,10.7,64,667"
"Radeon HD 6450 v3,""Terascale 2 Caicos PRO"",""AMD"",2011,512,8.5,64,533"
"Radeon HD 6450 Sapphire OC 512MB Edition,""Terascale 2 Caicos PRO"",""AMD"",2011,512,25.6,64,800"
"Radeon HD 6450 v2,""Terascale 2 Caicos XT"",""AMD"",2011,512,28.8,64,900"
"Radeon HD 6450,""Terascale 2 Caicos PRO"",""AMD"",2011,512,25.6,64,800"
"Radeon HD 6450 v3 Asus Low Profile Silent 2GB Edition,""Terascale 2 Caicos PRO"",""AMD"",2011,1024,9.6,64,600"
"Radeon HD 6350,""Terascale Cedar PRO"",""AMD"",2011,512,12.8,64,800"
"Quadro FX 580,""G96"",""Nvidia"",2009,512,25.6,128,800"
"Radeon HD 6570,""Terascale 2 Turks PRO"",""AMD"",2011,1024,64,128,1000"
"Quadro FX 5600,""G80GL"",""Nvidia"",2007,1536,76.8,384,800"
"Radeon HD 6450 v3 MSI Low Profile 1GB Edition,""Terascale 2 Caicos PRO"",""AMD"",2011,1024,10.7,64,667"
"Radeon HD 6290,""Terascale Cedar LE"",""AMD"",2011,1024,12.8,64,800"
"Quadro FX 5500,""G71GL"",""Nvidia"",2006,1024,36.8,256,575"
"Quadro FX 4500,""G70GL"",""Nvidia"",2005,512,36.8,256,575"
"Quadro FX 380 LP,""GT218GL"",""Nvidia"",2009,512,12.8,64,800"
"Quadro FX 3800,""G200GL"",""Nvidia"",2009,1024,51.2,256,800"
"Quadro FX 380,""G96"",""Nvidia"",2009,256,22.4,128,700"
"Quadro FX 3700,""G92"",""Nvidia"",2008,512,51.2,256,800"
"Quadro FX 560,""G73 GL"",""Nvidia"",2006,128,19.2,128,600"
"Quadro FX 3500,""G71GL"",""Nvidia"",2006,256,42.2,256,660"
"Quadro FX 4600,""G80GL"",""Nvidia"",2007,768,67.2,384,700"
"Quadro FX 3400,""NV45GL"",""Nvidia"",2004,256,28.8,256,450"
"Quadro FX 3450,""NV41 GL"",""Nvidia"",2005,256,64,256,1000"
"Quadro FX 1700,""G84GL"",""Nvidia"",2007,512,12.8,128,400"
"Quadro FX 570,""G84 GL"",""Nvidia"",2007,256,12.8,128,400"
"Quadro FX 1400,""NV41GL"",""Nvidia"",2004,128,9.6,256,300"
"Quadro FX 1800,""G94"",""Nvidia"",2011,768,38.4,192,800"
"Radeon HD 6450 v3 Sapphire 1GB Edition,""Terascale 2 Caicos PRO"",""AMD"",2011,1024,10.7,64,667"
"Quadro FX 3000,""NV35GL"",""Nvidia"",2003,256,13.6,256,425"
"Quadro FX 1300,""NV38GL"",""Nvidia"",2004,128,8.8,256,275"
"Quadro FX 1000,""NV30GL"",""Nvidia"",2003,128,9.6,128,300"
"Quadro FX 1100,""NV30GL"",""Nvidia"",2003,128,5.2,128,325"
"Radeon HD 5970 Eyefinity,""Hemlock XT"",""AMD"",2009,4096,256,256,1000"
"Radeon HD 5870 MSI Lightning Edition,""Terascale 2 Cypress XT"",""AMD"",2010,1024,153.6,256,1200"
"Radeon HD 5970,""Hemlock XT"",""AMD"",2009,64,256,512,1000"
"Quadro FX 2000,""NV30GL"",""Nvidia"",2003,128,12.8,128,400"
"Radeon HD 5970 Crossfire,""Hemlock XT"",""AMD"",2009,4096,512,512,1000"
"Radeon HD 5870 Crossfire,""Evergreen Cypress XT"",""AMD"",2009,2048,307.2,256,1200"
"Quadro FX 1500,""G71GL"",""Nvidia"",2006,256,40,256,625"
"Radeon HD 5870 Asus v2 1GB Edition,""Terascale 2 Cypress XT"",""AMD"",2010,1024,153.6,256,1200"
"Radeon HD 5870 2048MB,""Terascale 2 Cypress XT"",""AMD"",2009,2048,153.6,256,1200"
"Radeon HD 5850 XFX Black 1GB Edition,""Terascale 2 Cypress PRO"",""AMD"",2010,1024,144,256,1125"
"Radeon HD 5850 PowerColor PCS+ 1GB Edition,""Terascale 2 Cypress PRO"",""AMD"",2010,1024,134.4,256,1050"
"Radeon HD 5850 Sapphire Vapor-X 1GB Edition,""Terascale 2 Cypress PRO"",""AMD"",2009,1024,134.4,256,1050"
"Quadro FX 4800,""GT200b GL"",""Nvidia"",2011,1536,76.8,384,800"
"Radeon HD 5850 MSI Twin Frozr II 1GB Edition,""Terascale 2 Cypress PRO"",""AMD"",2009,1024,128,256,1000"
"Radeon HD 5870 1024MB,""Terascale 2 Cypress XT"",""AMD"",2009,1024,153.6,256,1200"
"Radeon HD 5830,""Evergreen Cypress LE"",""AMD"",2010,1024,128,256,1000"
"Radeon HD 5770 Sapphire Vapor-X Edition,""Terascale 2 Juniper XT"",""AMD"",2009,1024,76.8,128,1200"
"Radeon HD 5850 Crossfire,""Evergreen Cypress PRO"",""AMD"",2009,2048,256,256,1000"
"Radeon HD 5850 Gigabyte OC 1GB Edition,""Terascale 2 Cypress PRO"",""AMD"",2010,1024,128,256,1000"
"Radeon HD 5770 Crossfire,""Juniper XT"",""AMD"",2009,2048,153.6,128,1200"
"Radeon HD 5850 2048MB,""Terascale 2 Cypress PRO"",""AMD"",2009,2048,128,256,1000"
"Radeon HD 5770 Sapphire 1GB Edition,""Terascale 2 Juniper XT"",""AMD"",2009,1024,76.8,128,1200"
"Radeon HD 5850 HIS iCooler V Turbo 1GB Edition,""Terascale 2 Cypress PRO"",""AMD"",2009,1024,144,256,1125"
"Radeon HD 5850 1024MB,""Terascale 2 Cypress PRO"",""AMD"",2009,1024,128,256,1000"
"Radeon HD 5770 Club 3D Edition,""Terascale 2 Juniper XT"",""AMD"",2009,1024,76.8,128,1200"
"Radeon HD 5770 Asus v2 Edition,""Terascale 2 Juniper XT"",""AMD"",2009,1024,76.8,128,1200"
"Radeon HD 5770 MSI Hawk Edition,""Terascale 2 Juniper XT"",""AMD"",2009,1024,76.8,128,1200"
"Radeon HD 5770 512MB,""Terascale 2 Juniper XT"",""AMD"",2009,512,76.8,128,1200"
"Radeon HD 5850 PowerColor 1GB Edition,""Terascale 2 Cypress PRO"",""AMD"",2010,1024,128,256,1000"
"Radeon HD 5770 Club 3D Edition CrossFire,""Evergreen Juniper XT"",""AMD"",2009,1024,153.6,128,1200"
"Radeon HD 5670 Sapphire 1GB GDDR5,""Terascale 2 Redwood XT"",""AMD"",2009,1024,64,128,1000"
"Radeon HD 5750 512MB,""Evergreen Juniper PRO"",""AMD"",2009,512,73.6,128,1150"
"Radeon HD 5670 MSI 1GB OC Edition,""Terascale 2 Redwood XT"",""AMD"",2010,1024,60.8,128,950"
"Radeon HD 5750 1024MB,""Evergreen Juniper PRO"",""AMD"",2009,1024,73.6,128,1150"
"Radeon HD 5770 1024MB,""Terascale 2 Juniper XT"",""AMD"",2009,1024,76.8,128,1200"
"Radeon HD 5670 Gigabyte 1GB OC Edition,""Terascale 2 Redwood XT"",""AMD"",2010,1024,64,128,1000"
"Radeon HD 5670 1GB DDR3,""Evergreen Redwood XT"",""AMD"",2010,1024,25.6,128,800"
"Radeon HD 5570 XFX 1GB Edition,""Evergreen Redwood PRO"",""AMD"",2010,1024,25.6,128,800"
"Radeon HD 5670 1024MB,""Terascale 2 Redwood XT"",""AMD"",2010,1024,64,128,1000"
"Radeon HD 5670 Asus 1GB Edition,""Terascale 2 Redwood XT"",""AMD"",2010,1024,64,128,1000"
"Radeon HD 5670 1GB DDR3 Sapphire Edition,""Evergreen Redwood XT"",""AMD"",2010,1024,25.6,128,800"
"Radeon HD 5570 512MB,""Evergreen Redwood PRO"",""AMD"",2010,512,28.8,128,900"
"Radeon HD 5570 XFX Eyefinity X 2GB Edition,""Evergreen Redwood PRO"",""AMD"",2010,2048,25.6,128,800"
"Radeon HD 5670 512MB,""Evergreen Redwood XT"",""AMD"",2010,512,64,128,1000"
"Radeon HD 5670 Diamond 1GB GDDR5,""Terascale 2 Redwood XT"",""AMD"",2010,1024,64,128,1000"
"Radeon HD 5570 1024MB,""Evergreen Redwood PRO"",""AMD"",2010,1024,28.8,128,900"
"Radeon HD 5450 Sapphire 1GB DDR3 Edition,""Terascale 2 Cedar PRO"",""AMD"",2012,1024,10.7,64,667"
"Radeon HD 5450 Asus Silent 1GB Edition,""Terascale 2 Cedar PRO"",""AMD"",2010,1024,7.2,64,450"
"Radeon HD 5450 256MB,""Terascale 2 Cedar PRO"",""AMD"",2010,256,6.4,64,400"
"Radeon HD 5550 1024MB,""Evergreen Redwood LE"",""AMD"",2010,1024,64,128,1000"
"Radeon HD 5550 512MB,""Evergreen Redwood LE"",""AMD"",2010,512,64,128,1000"
"Radeon HD 7970 VTX3D 3GB Edition,""GCN 1.0 Tahiti XT"",""AMD"",2012,3072,264,384,1375"
"Radeon HD 5450 Gigabyte OC 512MB Edition,""Terascale 2 Cedar PRO"",""AMD"",2012,512,12.8,64,800"
"Radeon HD 7970 PowerColor OC Edition,""GCN 1.0 Tahiti XT"",""AMD"",2012,3072,264,384,1375"
"Radeon HD 5450 2GB,""Terascale 2 Cedar PRO"",""AMD"",2010,2048,6.4,64,400"
"Radeon HD 7970 VTX3D X 3GB Edition,""GCN 1.0 Tahiti XT"",""AMD"",2012,3072,273.6,384,1425"
"Radeon HD 5450 512MB,""Terascale 2 Cedar PRO"",""AMD"",2010,512,6.4,64,400"
"Radeon HD 7970 OC Sapphire Edition,""GCN 1.0 Tahiti XT"",""AMD"",2012,3072,273.6,384,1425"
"Radeon HD 7970 PCS+ VORTEXII Edition,""GCN 1.0 Tahiti XT"",""AMD"",2012,3072,273.6,384,1425"
"Radeon HD 7970 PowerColor LCS 3GB Edition,""GCN 1.0 Tahiti XT"",""AMD"",2012,3072,273.6,384,1425"
"Radeon HD 7970 GigaByte SOC Edition,""GCN 1.0 Tahiti XT"",""AMD"",2012,3072,264,384,1375"
"Radeon HD 7970 MSI OC Edition,""GCN 1.0 Tahiti XT"",""AMD"",2012,3072,264,384,1375"
"Radeon HD 7970 GHz Toxic 6GB Edition,""GCN 1.0 Tahiti XT2"",""AMD"",2012,6144,288,384,1500"
"Radeon HD 7970 HIS IceQ X? Edition,""GCN 1.0 Tahiti XT"",""AMD"",2012,3072,264,384,1375"
"Radeon HD 7970 GHz Vapor-X 3GB,""GCN 1.0 Tahiti XT2"",""AMD"",2012,3072,288,384,1500"
"Radeon HD 7970 GHz XFX Double D Edition,""GCN 1.0 Tahiti XT2"",""AMD"",2012,3072,288,384,1500"
"Radeon HD 7970 GHz Vapor-X 6GB Edition,""GCN 1.0 Tahiti XT2"",""AMD"",2012,6144,288,384,1500"
"Radeon HD 7970 OC GigaByte Edition,""GCN 1.0 Tahiti XT"",""AMD"",2012,3072,264,384,1375"
"Radeon HD 7970 GHz WindForce 3X OC Edition,""GCN 1.0 Tahiti XT2"",""AMD"",2012,3072,288,384,1500"
"Radeon HD 7970 GHz HIS IceQ 3GB Edition,""GCN 1.0 Tahiti XT2"",""AMD"",2012,3072,288,384,1500"
"Radeon HD 7970 GHz MSI Lightning BE 3GB Edition,""GCN 1.0 Tahiti XT2"",""AMD"",2013,3072,288,384,1500"
"Radeon HD 7970 GHz Edition,""GCN 1.0 Tahiti XT2"",""AMD"",2012,3072,288,384,1500"
"Radeon HD 7970 Lightning Edition,""GCN 1.0 Tahiti XT"",""AMD"",2012,3072,268.8,384,1400"
"Radeon HD 7970 DirectCU II TOP Edition,""GCN 1.0 Tahiti XT"",""AMD"",2012,3072,268.8,384,1400"
"Radeon HD 7970 DirectCU II Edition,""GCN 1.0 Tahiti XT"",""AMD"",2012,3072,264,384,1375"
"Radeon HD 7970 Club3D royalAce Edition,""GCN 1.0 Tahiti XT2"",""AMD"",2012,3072,288,384,1500"
"Radeon HD 7970 Asus Edition,""GCN 1.0 Tahiti XT"",""AMD"",2012,3072,264,384,1375"
"Radeon HD 7970,""GCN 1.0 Tahiti XT"",""AMD"",2011,3072,264,384,1375"
"Radeon HD 7970 Asus ARES II Edition,""GCN 1.0 Malta"",""AMD"",2013,6144,633.6,384,1650"
"Radeon HD 7970 GHz Matrix Platinum Edition,""GCN 1.0 Tahiti XT2"",""AMD"",2012,3072,316.8,384,1650"
"Radeon HD 7970 Crossfire,""GCN 1.0 Tahiti XT (x2)"",""AMD"",2012,6144,528,384,1375"
"Radeon HD 7950 Sapphire OC 3GB Edition,""GCN 1.0 Tahiti PRO"",""AMD"",2012,3072,240,384,1250"
"Radeon HD 7950 Vapor-X OC Edition,""GCN 1.0 Tahiti PRO"",""AMD"",2012,3072,240,384,1250"
"Radeon HD 7950 WindForce Boost Edition,""GCN 1.0 Tahiti PRO2"",""AMD"",2012,3072,240,384,1250"
"Radeon HD 7950 Sapphire OC 3GB 950MHz Edition,""GCN 1.0 Tahiti PRO"",""AMD"",2012,3072,240,384,1250"
"Radeon HD 7950 VTX3D 3GB Boost X-Edition,""GCN 1.0 Tahiti PRO2"",""AMD"",2012,3072,240,384,1250"
"Radeon HD 7950 PowerColor PCS+ Edition,""GCN 1.0 Tahiti PRO"",""AMD"",2012,3072,240,384,1250"
"Radeon HD 7950 Sapphire FleX 3GB Edition,""GCN 1.0 Tahiti PRO"",""AMD"",2012,3072,240,384,1250"
"Radeon HD 7950 Sapphire 3GB Boost Edition,""GCN 1.0 Tahiti PRO2"",""AMD"",2012,3072,240,384,1250"
"Radeon HD 7950 MSI TwinFrozr Edition,""GCN 1.0 Tahiti PRO"",""AMD"",2012,3072,240,384,1250"
"Radeon HD 7950 MSI TwinFrozr Boost Edition Crossfire,""GCN 1.1 Tahiti PRO2 (x2)"",""AMD"",2012,6144,480,384,1250"
"Radeon HD 7950 MSI OC Black Edition,""GCN 1.0 Tahiti PRO"",""AMD"",2012,3072,240,384,1250"
"Radeon HD 7950 MSI TwinFrozr Boost Edition,""GCN 1.0 Tahiti PRO2"",""AMD"",2012,3072,240,384,1250"
"Radeon HD 7950 XFX Double D 3GB Edition,""GCN 1.0 Tahiti PRO"",""AMD"",2012,3072,264,384,1375"
"Radeon HD 7950 IceQ 3GB Edition,""GCN 1.0 Tahiti PRO"",""AMD"",2012,3072,240,384,1250"
"Radeon HD 7950 IceQ Turbo 3GB Edition,""GCN 1.0 Tahiti PRO"",""AMD"",2012,3072,240,384,1250"
"Radeon HD 7950 Double D Edition,""GCN 1.0 Tahiti PRO"",""AMD"",2012,3072,240,384,1250"
"Radeon HD 7950 Gigabyte WindForce Edition Crossfire,""GCN 1.0 Tahiti PRO (x2)"",""AMD"",2012,6144,480,384,1250"
"Radeon HD 7950 Gigabyte WindForce Edition,""GCN 1.0 Tahiti PRO"",""AMD"",2012,3072,240,384,1250"
"Radeon HD 7950 Double D Black Edition,""GCN 1.0 Tahiti PRO"",""AMD"",2012,3072,264,384,1375"
"Radeon HD 7950 DirectCU II TOP Edition,""GCN 1.0 Tahiti PRO"",""AMD"",2012,3072,240,384,1250"
"Radeon HD 7950 Crossfire,""GCN 1.0 Tahiti PRO (x2)"",""AMD"",2012,6144,480,384,1250"
"Radeon HD 7950 Club3D royalKing Edition,""GCN 1.0 Tahiti PRO"",""AMD"",2012,3072,240,384,1250"
"Radeon HD 7950 Boost Edition Crossfire,""GCN 1.0 Tahiti PRO2 (x2)"",""AMD"",2012,6144,480,384,1250"
"Radeon HD 7950 3-way Crossfire,""GCN 1.0 Tahiti PRO (x3)"",""AMD"",2012,9216,720,384,1250"
"Radeon HD 7950 Boost Edition,""GCN 1.0 Tahiti PRO2"",""AMD"",2012,3072,240,384,1250"
"Radeon HD 7950 Asus DirectCU II TOP 3GB Edition,""GCN 1.0 Tahiti PRO"",""AMD"",2012,3072,240,384,1250"
"Radeon HD 7870 XT Sapphire Edition,""GCN 1.0 Tahiti LE"",""AMD"",2012,2048,192,256,1500"
"Radeon HD 7870 XT PowerColor Myst. Edition,""GCN 1.0 Tahiti LE"",""AMD"",2012,2048,192,256,1500"
"Radeon HD 7950,""GCN 1.0 Tahiti PRO"",""AMD"",2012,3072,240,384,1250"
"Radeon HD 7870 XT Crossfire,""GCN 1.0 Tahiti LE (x2)"",""AMD"",2012,4096,384,256,1500"
"Radeon HD 7870 XT,""GCN 1.0 Tahiti LE"",""AMD"",2012,2048,192,256,1500"
"Radeon HD 7870 XFX Core Edition,""GCN 1.0 Pitcairn XT"",""AMD"",2012,2048,153.6,256,1200"
"Radeon HD 7870 Sapphire GHz OC Edition CrossFire,""GCN 1.0 Pitcairn XT (x2)"",""AMD"",2012,4096,320,256,1250"
"Radeon HD 7870 Twin Frozr III OC 2GB Edition,""GCN 1.0 Pitcairn XT"",""AMD"",2012,2048,153.6,256,1200"
"Radeon HD 7870 PowerColor PCS+ 2GB Edition,""GCN 1.0 Pitcairn XT"",""AMD"",2012,2048,156.8,256,1225"
"Radeon HD 7870 Sapphire GHz 2GB Edition,""GCN 1.0 Pitcairn XT"",""AMD"",2012,2048,153.6,256,1200"
"Radeon HD 7870 Sapphire GHz OC Edition,""GCN 1.0 Pitcairn XT"",""AMD"",2012,2048,160,256,1250"
"Radeon HD 7870 PCS+ Vortex II Edition,""GCN 1.0 Pitcairn XT"",""AMD"",2012,2048,160,256,1250"
"Radeon HD 7870 PowerColor Devil Edition,""GCN 1.0 Pitcairn XT"",""AMD"",2012,2048,160,256,1250"
"Radeon HD 7870 MSI OC Edition,""GCN 1.0 Pitcairn XT"",""AMD"",2012,2048,153.6,256,1200"
"Radeon HD 7870 HIS IceQ X Turbo Edition,""GCN 1.0 Pitcairn XT"",""AMD"",2012,2048,160,256,1250"
"Radeon HD 7870 PowerColor OC Edition,""GCN 1.0 Pitcairn XT"",""AMD"",2012,2048,153.6,256,1200"
"Radeon HD 7870 MSI Hawk Edition,""GCN 1.0 Pitcairn XT"",""AMD"",2012,2048,153.6,256,1200"
"Radeon HD 7870 HIS IceQ Turbo Edition,""GCN 1.0 Pitcairn XT"",""AMD"",2012,2048,153.6,256,1200"
"Radeon HD 7870 Gigabyte OC Edition,""GCN 1.0 Pitcairn XT"",""AMD"",2012,2048,153.6,256,1200"
"Radeon HD 7870 HIS IceQ Edition,""GCN 1.0 Pitcairn XT"",""AMD"",2012,2048,153.6,256,1200"
"Radeon HD 7870 DirectCU II 2GB Edition,""GCN 1.0 Pitcairn XT"",""AMD"",2012,2048,154.9,256,1210"
"Radeon HD 7870 Double D Edition,""GCN 1.0 Pitcairn XT"",""AMD"",2012,2048,153.6,256,1200"
"Radeon HD 7870 DirectCU II TOP v2 Edition,""GCN 1.0 Pitcairn XT"",""AMD"",2012,2048,153.6,256,1200"
"Radeon HD 7870 Crossfire,""GCN 1.0 Pitcairn XT (x2)"",""AMD"",2012,4096,307.2,256,1200"
"Radeon HD 7870 Double D Black Edition,""GCN 1.0 Pitcairn XT"",""AMD"",2012,2048,160,256,1250"
"Radeon HD 7870,""GCN 1.0 Pitcairn XT"",""AMD"",2012,2048,153.6,256,1200"
"Radeon HD 7870 Club3D royalQueen 2GB Edition,""GCN 1.0 Pitcairn XT"",""AMD"",2012,2048,153.6,256,1200"
"Radeon HD 7870 Club3D jokerCard 2GB Edition,""GCN 1.0 Pitcairn XT"",""AMD"",2012,2048,153.6,256,1200"
"Radeon HD 7850 XFX Core Edition,""GCN 1.0 Pitcairn PRO"",""AMD"",2012,1024,160,256,1250"
"Radeon HD 7850 XFX DD Black Edition,""GCN 1.0 Pitcairn PRO"",""AMD"",2012,2048,160,256,1250"
"Radeon HD 7850 XFX Ultra OC Edition,""GCN 1.0 Pitcairn PRO"",""AMD"",2012,1024,153.6,256,1200"
"Radeon HD 7850 XFX Core 2GB Edition,""GCN 1.0 Pitcairn PRO"",""AMD"",2012,2048,160,256,1250"
"Radeon HD 7870 Club3D GHz Edition,""GCN 1.0 Pitcairn XT"",""AMD"",2012,2048,153.6,256,1200"
"Radeon HD 7850 VTX3D X-Edition,""GCN 1.0 Pitcairn PRO"",""AMD"",2012,1024,156.8,256,1225"
"Radeon HD 7850 Twin Frozr III OC,""GCN 1.0 Pitcairn PRO"",""AMD"",2012,2048,153.6,256,1200"
"Radeon HD 7850 VisionTek 2GB Edition,""GCN 1.0 Pitcairn PRO"",""AMD"",2012,2048,153.6,256,1200"
"Radeon HD 7850 Sapphire OC Edition,""GCN 1.0 Pitcairn PRO"",""AMD"",2012,2048,160,256,1250"
"Radeon HD 7850 HIS IceQ 2GB Turbo Edition,""GCN 1.0 Pitcairn PRO"",""AMD"",2012,2048,153.6,256,1200"
"Radeon HD 7850 MSI Power Edition 2GB OC,""GCN 1.0 Pitcairn PRO"",""AMD"",2012,2048,153.6,256,1200"
"Radeon HD 7850 MSI OC 1GB Edition,""GCN 1.0 Pitcairn PRO"",""AMD"",2012,1024,153.6,256,1200"
"Radeon HD 7850 PowerColor PCS+ 2GB Edition,""GCN 1.0 Pitcairn PRO"",""AMD"",2012,2048,156.8,256,1225"
"Radeon HD 7850 HIS IceQ X Turbo X Edition,""GCN 1.0 Pitcairn PRO"",""AMD"",2012,2048,160,256,1250"
"Radeon HD 7850 Gigabyte OC Edition,""GCN 1.0 Pitcairn PRO"",""AMD"",2012,2048,153.6,256,1200"
"Radeon HD 7850 MSI OC 2GB Edition,""GCN 1.0 Pitcairn PRO"",""AMD"",2012,2048,153.6,256,1200"
"Radeon HD 7850 Gigabyte OC 1GB Edition,""GCN 1.0 Pitcairn PRO"",""AMD"",2012,1024,153.6,256,1200"
"Radeon HD 7850 HIS Fan 2GB Edition,""GCN 1.0 Pitcairn PRO"",""AMD"",2012,2048,153.6,256,1200"
"Radeon HD 7850 Club3D royalQueen Edition,""GCN 1.0 Pitcairn PRO"",""AMD"",2012,2048,153.6,256,1200"
"Radeon HD 7850 Direct CU II TOP,""GCN 1.0 Pitcairn PRO"",""AMD"",2012,2048,160,256,1250"
"Radeon HD 7850 Club3D royalAce Edition,""GCN 1.0 Pitcairn PRO"",""AMD"",2012,2048,153.6,256,1200"
"Radeon HD 7850 Crossfire,""GCN 1.0 Pitcairn PRO (x2)"",""AMD"",2012,4096,307.2,256,1200"
"Radeon HD 7850 Direct CU II,""GCN 1.0 Pitcairn PRO"",""AMD"",2012,2048,154.9,256,1210"
"Radeon HD 7850 Club3D royalQueen 1GB Edition,""GCN 1.0 Pitcairn PRO"",""AMD"",2012,1024,153.6,256,1200"
"Radeon HD 7850 Club3D royalKing Edition,""GCN 1.0 Pitcairn PRO"",""AMD"",2012,2048,153.6,256,1200"
"Radeon HD 7850 2GB PowerColor v2 Edition,""GCN 1.0 Pitcairn PRO"",""AMD"",2012,2048,153.6,256,1200"
"Radeon HD 7850 2GB Sapphire Edition,""GCN 1.0 Pitcairn PRO"",""AMD"",2012,2048,153.6,256,1200"
"Radeon HD 7850 1GB Sapphire Edition,""GCN 1.0 Pitcairn PRO"",""AMD"",2012,1024,160,256,1250"
"Radeon HD 7850,""GCN 1.0 Pitcairn PRO"",""AMD"",2012,2048,153.6,256,1200"
"Radeon HD 7790 VTX3D X-Edition,""GCN 1.0 Bonaire XT"",""AMD"",2013,1024,102.4,128,1600"
"Radeon HD 7790 VTX3D X-Edition v2,""GCN 1.0 Bonaire XT"",""AMD"",2013,2048,102.4,128,1600"
"Radeon HD 7790 MSI 1GB OC Edition,""GCN 1.0 Bonaire XT"",""AMD"",2013,1024,96,128,1500"
"Radeon HD 7790 VTX3D VChamp Edition,""GCN 1.0 Bonaire XT"",""AMD"",2013,2048,102.4,128,1600"
"Radeon HD 7790 Gigabyte 2GB OC Edition,""GCN 1.0 Bonaire XT"",""AMD"",2013,2048,96,128,1500"
"Radeon HD 7790 Sapphire OC Edition,""GCN 1.0 Bonaire XT"",""AMD"",2013,2048,102.4,128,1600"
"Radeon HD 7790 PowerColor TurboDuo Edition,""GCN 1.0 Bonaire XT"",""AMD"",2013,1024,96,128,1500"
"Radeon HD 7790 Sapphire Dual-X OC Edition,""GCN 1.0 Bonaire XT"",""AMD"",2013,1024,102.4,128,1600"
"Radeon HD 7790 DirectCU II OC 2GB Edition,""GCN 1.0 Bonaire XT"",""AMD"",2013,2048,102.4,128,1600"
"Radeon HD 7790 Gigabyte 1GB OC Edition,""GCN 1.0 Bonaire XT"",""AMD"",2013,1024,96,128,1500"
"Radeon HD 7790 DirectCU II OC Edition,""GCN 1.0 Bonaire XT"",""AMD"",2013,1024,102.4,128,1600"
"Radeon HD 7770 XFX Double Dissipation 1GB Edition,""GCN 1.0 Cape Verde XT"",""AMD"",2012,1024,72,128,1125"
"Radeon HD 7770 XFX Ultra OC Edition,""GCN 1.0 Cape Verde XT"",""AMD"",2012,1024,79.7,128,1245"
"Radeon HD 7790,""GCN 1.0 Bonaire XT"",""AMD"",2013,1024,96,128,1500"
"Radeon HD 7770 XFX Core 1GB Edition,""GCN 1.0 Cape Verde XT"",""AMD"",2012,1024,72,128,1125"
"Radeon HD 7790 Crossfire,""GCN 1.0 Bonaire XT (x2)"",""AMD"",2013,2048,192,128,1500"
"Radeon HD 7770 Sapphire GHz OC Edition,""GCN 1.0 Cape Verde XT"",""AMD"",2012,1024,80,128,1250"
"Radeon HD 7790 Club3D 13 Series Edition,""GCN 1.0 Bonaire XT"",""AMD"",2013,2048,102.4,128,1600"
"Radeon HD 7770 VTX3D X-Edition,""GCN 1.0 Cape Verde XT"",""AMD"",2012,1024,80,128,1250"
"Radeon HD 7770 Vapor-X GHz OC Edition,""GCN 1.0 Cape Verde XT"",""AMD"",2012,1024,83.2,128,1300"
"Radeon HD 7770 Sapphire Edition,""GCN 1.0 Cape Verde XT"",""AMD"",2012,1024,72,128,1125"
"Radeon HD 7770 MSI Power Edition,""GCN 1.0 Cape Verde XT"",""AMD"",2012,1024,72,128,1125"
"Radeon HD 7770 Sapphire Flex GHz Edition,""GCN 1.0 Cape Verde XT"",""AMD"",2012,1024,72,128,1125"
"Radeon HD 7770 PowerColor GHz Edition,""GCN 1.0 Cape Verde XT"",""AMD"",2012,1024,72,128,1125"
"Radeon HD 7770 MSI PMD1 Edition,""GCN 1.0 Cape Verde XT"",""AMD"",2012,1024,72,128,1125"
"Radeon HD 7770 PowerColor PCS+ Edition,""GCN 1.0 Cape Verde XT"",""AMD"",2012,1024,72,128,1125"
"Radeon HD 7770 iCooler 1GB Edition,""GCN 1.0 Cape Verde XT"",""AMD"",2012,1024,72,128,1125"
"Radeon HD 7770 MSI 2PM OC Edition,""GCN 1.0 Cape Verde XT"",""AMD"",2012,1024,73.6,128,1150"
"Radeon HD 7770 Gigabyte OC rev. 2.0 Edition,""GCN 1.0 Cape Verde XT"",""AMD"",2012,1024,72,128,1125"
"Radeon HD 7770 Gigabyte OC Edition,""GCN 1.0 Cape Verde XT"",""AMD"",2012,1024,80,128,1250"
"Radeon HD 7770 Direct CU II TOP Edition,""GCN 1.0 Cape Verde XT"",""AMD"",2012,1024,73.6,128,1150"
"Radeon HD 7770 DirectCU II V2 Edition,""GCN 1.0 Cape Verde XT"",""AMD"",2012,1024,73.6,128,1150"
"Radeon HD 7770 Ghost Thermal Edition,""GCN 1.0 Cape Verde XT"",""AMD"",2012,1024,72,128,1125"
"Radeon HD 7770 BE Super Overclock Edition,""GCN 1.0 Cape Verde XT"",""AMD"",2012,1024,83.2,128,1300"
"Radeon HD 7770 Asus GHz Edition,""GCN 1.0 Cape Verde XT"",""AMD"",2012,2048,73.6,128,1150"
"Radeon HD 7770 2GB GHz Edition,""GCN 1.0 Cape Verde XT"",""AMD"",2012,2048,72,128,1125"
"Radeon HD 7750 XFX Core Edition,""GCN 1.0 Cape Verde PRO"",""AMD"",2012,1024,72,128,1125"
"Radeon HD 7770 Crossfire,""GCN 1.0 Cape Verde XT (x2)"",""AMD"",2012,2048,144,128,1125"
"Radeon HD 7750 VTX3D 1GB GDDR5 Edition,""GCN 1.0 Cape Verde PRO"",""AMD"",2012,1024,72,128,1125"
"Radeon HD 7750 Sapphire 2GB DDR3 Edition,""GCN 1.0 Cape Verde PRO"",""AMD"",2012,2048,25.6,128,800"
"Radeon HD 7750 Sapphire Low Profile,""GCN 1.0 Cape Verde PRO"",""AMD"",2012,1024,72,128,1125"
"Radeon HD 7750 Sapphire Ultimate,""GCN 1.0 Cape Verde PRO"",""AMD"",2012,1024,72,128,1125"
"Radeon HD 7770 1GB GDDR5,""GCN 1.0 Cape Verde XT"",""AMD"",2012,1024,72,128,1125"
"Radeon HD 7750 Sapphire 1GB GDDR5 Edition,""GCN 1.0 Cape Verde PRO"",""AMD"",2012,1024,72,128,1125"
"Radeon HD 7750 VTX3D 1GB DDR3 Edition,""GCN 1.0 Cape Verde PRO"",""AMD"",2012,1024,25.6,128,800"
"Radeon HD 7750 PowerColor 1GB Edition,""GCN 1.0 Cape Verde PRO"",""AMD"",2012,1024,72,128,1125"
"Radeon HD 7750 PowerColor 4GB DDR3 Edition,""GCN 1.0 Cape Verde PRO"",""AMD"",2012,4096,25.6,128,800"
"Radeon HD 7750 MSI PMD1 OC Edition,""GCN 1.0 Cape Verde PRO"",""AMD"",2012,1024,72,128,1125"
"Radeon HD 7750 MSI PMD 2GB DDR3 Edition,""GCN 1.0 Cape Verde PRO"",""AMD"",2012,2048,25.6,128,800"
"Radeon HD 7750 MSI OC Power Edition,""GCN 1.0 Cape Verde PRO"",""AMD"",2012,1024,72,128,1125"
"Radeon HD 7750 HIS iCooler Dual Fan 1GB Edition,""GCN 1.0 Cape Verde PRO"",""AMD"",2012,1024,72,128,1125"
"Radeon HD 7750 MSI OC Edition,""GCN 1.0 Cape Verde PRO"",""AMD"",2012,1024,72,128,1125"
"Radeon HD 7750 Gigabyte 1GB OC Edition,""GCN 1.0 Cape Verde PRO"",""AMD"",2012,1024,72,128,1125"
"Radeon HD 7750 Gigabyte OC 2GB DDR3 Edition,""GCN 1.0 Cape Verde PRO"",""AMD"",2012,2048,25.6,128,800"
"Radeon HD 7750 Club3D Low Profile Edition,""GCN 1.0 Cape Verde PRO"",""AMD"",2012,1024,72,128,1125"
"Radeon HD 7750 Crossfire,""GCN 1.0 Cape Verde PRO (x2)"",""AMD"",2012,2048,144,128,1125"
"Radeon HD 7750 1GB GDDR5,""GCN 1.0 Cape Verde PRO"",""AMD"",2012,1024,72,128,1125"
"Radeon HD 7750 Double D Black Edition,""GCN 1.0 Cape Verde PRO"",""AMD"",2012,1024,72,128,1125"
"Radeon HD 7730 v2 Sapphire 1GB Edition,""GCN 1.0 Cape Verde LE"",""AMD"",2013,1024,28.8,128,900"
"Radeon HD 7750 Asus 1GB Edition,""GCN 1.0 Cape Verde PRO"",""AMD"",2012,1024,73.6,128,1150"
"Radeon HD 7730 v2 XFX Core 4GB Edition,""GCN 1.0 Cape Verde LE"",""AMD"",2013,4096,20.8,128,650"
"Radeon HD 7730 v2 Sapphire 2GB Edition,""GCN 1.0 Cape Verde LE"",""AMD"",2013,2048,28.8,128,900"
"Radeon HD 7730 v2 PowerColor 2GB Edition,""GCN 1.0 Cape Verde LE"",""AMD"",2013,2048,25.6,128,800"
"Radeon HD 7720,""Terascale 2 Barts LE"",""AMD"",2013,1024,134.4,256,1050"
"Radeon HD 7730 v2,""GCN 1.0 Cape Verde LE"",""AMD"",2013,2048,28.8,128,900"
"Radeon HD 7650A,""Turks XT"",""AMD"",2012,1024,28.8,128,900"
"Radeon HD 7670A,""Turks XT"",""AMD"",2012,1024,64,128,1000"
"Radeon HD 7750 Asus TOP 1GB Edition,""GCN 1.0 Cape Verde PRO"",""AMD"",2012,1024,73.6,128,1150"
"Radeon HD 7730,""GCN 1.0 Cape Verde LE"",""AMD"",2013,1024,72,128,1125"
"Radeon HD 7670 v2,""Terascale 2 Turks XT"",""AMD"",2012,2048,25.6,128,800"
"Radeon HD 7570,""Terascale 2 Turks PRO"",""AMD"",2012,1024,51.2,128,800"
"Radeon HD 7670,""Terascale 2 Turks XT"",""AMD"",2012,1024,64,128,1000"
"Radeon HD 7570 v2 Pegatron 1GB Edition,""Terascale 2 Turks PRO-L"",""AMD"",2012,1024,25.6,128,800"
"Radeon HD 7570 v2,""Terascale 2 Turks PRO-L"",""AMD"",2012,1024,28.8,128,900"
"Radeon HD 7470,""Terascale 2 Caicos XT"",""AMD"",2012,512,28.8,64,900"
"Radeon HD 7470A,""Redwood"",""AMD"",2012,1024,12.8,64,800"
"Radeon HD 7350,""Terascale Cedar PRO"",""AMD"",2012,512,12.8,64,800"
"Radeon HD 7450A,""Caicos"",""AMD"",2012,512,12.8,64,800"
"Radeon HD 7450,""Terascale 2 Caicos PRO"",""AMD"",2012,512,8.5,64,533"
"Radeon HD 8860 (OEM),""GCN 1.1 Curacao PRO"",""AMD"",2013,2048,179.2,256,1400"
"Radeon HD 8870 (OEM),""GCN 1.0 Pitcairn XT"",""AMD"",2013,2048,153.6,256,1200"
"Radeon HD 8770 (OEM),""GCN 1.0 Bonaire XT"",""AMD"",2013,1024,96,128,1500"
"Radeon HD 8970 (OEM),""GCN 1.0 Tahiti XT"",""AMD"",2013,3072,264,384,1375"
"Radeon HD 8950 (OEM),""GCN 1.1 Tahiti PRO2"",""AMD"",2013,3072,240,384,1250"
"Radeon HD 8740 (OEM),""GCN 1.0 Cape Verde PRO"",""AMD"",2013,2048,72,128,1125"
"Radeon HD 8760 (OEM),""GCN 1.0 Cape Verde XT"",""AMD"",2013,2048,72,128,1125"
"Radeon HD 8670 (OEM),""GCN 1.1 Oland XT"",""AMD"",2013,2048,73.6,128,1150"
"Radeon HD 8450 (OEM),""Terascale 2 Caicos PRO"",""AMD"",2013,512,8.5,64,533"
"Radeon HD 8470 (OEM),""Terascale 2 Caicos XT"",""AMD"",2013,512,28.8,64,900"
"Radeon HD 8350 (OEM),""Terascale Cedar PRO"",""AMD"",2013,512,12.8,64,800"
"Radeon HD 8570 (OEM),""GCN 1.1 Oland PRO"",""AMD"",2013,2048,28.8,128,900"
"GeForce 6800 XT,""NV40/NV41"",""Nvidia"",2005,256,11.2,256,350"
"GeForce 6800 Ultra,""NV40/NV45"",""Nvidia"",2005,256,35.2,256,550"
"GeForce FX 5950 Ultra,""NV38"",""Nvidia"",2003,256,15.2,256,475"
"GeForce4 Ti 4800,""NV28"",""Nvidia"",2003,128,5.1,128,320"
"GeForce 256,""NV10"",""Nvidia"",1999,32,2.7,128,166"
"GeForce FX 5900XT,""NV35"",""Nvidia"",2003,128,11.2,256,350"
"GeForce 6800 Series 128MB,""NV40/NV41"",""Nvidia"",2004,128,11.2,256,350"
"GeForce GT 705,""Fermi GF119-300-A1"",""Nvidia"",2014,1024,13.2,64,825"
"GeForce4 Ti 4800 SE,""NV28"",""Nvidia"",2003,128,4.4,128,275"
"GeForce GTX 590 Zotac Edition,""Fermi GF110"",""Nvidia"",2011,3072,327.9,384,854"
"GeForce GTX 295 EVGA CO-OP 1792MB Edition,""Tesla G200-400-B3 (x2)"",""Nvidia"",2009,1792,225.8,448,1008"
"GeForce GTX 480 SLI,""Fermi GF100-375-A3 (x2)"",""Nvidia"",2010,3072,354.8,384,924"
"GeForce 3 Ti 500,""NV20"",""Nvidia"",2001,128,4,128,250"
"GeForce GT 330,""G92b"",""Nvidia"",2010,256,16.3,128,510"
"GeForce GTX 295 EVGA CO-OP Hydro Copper 1792MB Edition,""Tesla G200-400-B3 (x2)"",""Nvidia"",2009,1792,235.9,448,1053"
"GeForce GT 340,""GT215"",""Nvidia"",2010,1024,54.4,128,850"
"GeForce GTX 690 SLI,""Kepler GK104-355-A2 (x2)"",""Nvidia"",2012,8192,769,512,1502"
"GeForce 310 512MB,""GT218"",""Nvidia"",2009,512,6.4,64,400"
"GeForce 315 512MB,""GT216"",""Nvidia"",2010,512,12.6,64,790"
"GeForce GT 320,""GT215"",""Nvidia"",2010,1024,25.3,128,790"
"GeForce GTX 680 Zotac 4GB Edition,""Kepler GK104-400-A2"",""Nvidia"",2012,4096,192.3,256,1502"
"GeForce GTX 690,""Kepler GK104-355-A2"",""Nvidia"",2012,4096,384,256,1500"
"GeForce GTX 690 Asus 4GB Edition,""Kepler GK104-355-A2"",""Nvidia"",2012,4096,384.5,512,1502"
"GeForce GTX 980 Zotac AMP! Omega Core 4GB Edition,""Maxwell GM204-400-A1"",""Nvidia"",2015,4096,225.5,256,1762"
"GeForce GTX 680 Zotac AMP Edition,""Kepler GK104-400-A2"",""Nvidia"",2012,2048,211.5,256,1652"
"GeForce GTX 680 WinFast 4GB Edition,""Kepler GK104-400-A2"",""Nvidia"",2012,4096,192.3,256,1502"
"GeForce GTX 680 Quad SLI,""Kepler GK104-400-A2 (x4)"",""Nvidia"",2012,8192,769,256,1502"
"GeForce GTX 690 Hydro Copper Signature Edition,""Kepler GK104-355-A2"",""Nvidia"",2012,4096,384.5,512,1502"
"GeForce GTX 680 Phantom 2GB Edition,""Kepler GK104-400-A2"",""Nvidia"",2012,2048,201.6,256,1575"
"GeForce GTX 680 Twin Frozr OC Edition,""Kepler GK104-400-A2"",""Nvidia"",2012,2048,192.3,256,1502"
"GeForce GTX 680 PNY XLR8 Enthusiast 4GB Edition,""Kepler GK104-400-A2"",""Nvidia"",2012,4096,192.3,256,1502"
"GeForce GTX 680 Phantom 4GB Edition,""Kepler GK104-400-A2"",""Nvidia"",2012,4096,192.3,256,1502"
"GeForce GTX 680 Palit Jetstream 2GB Edition,""Kepler GK104-400-A2"",""Nvidia"",2012,2048,201.6,256,1575"
"GeForce GTX 680 Palit Jetstream 4GB Edition,""Kepler GK104-400-A2"",""Nvidia"",2012,4096,192.3,256,1502"
"GeForce GTX 1080 Ti Zotac Founders Edition 11GB,""Pascal P102"",""Nvidia"",2017,11264,484.4,88,1376"
"GeForce GTX 680 SLI,""Kepler GK104-400-A2 (x2)"",""Nvidia"",2012,4096,384.5,256,1502"
"GeForce GTX 1080 Zotac AMP 8GB Edition,""Pascal P104-400-A1"",""Nvidia"",2016,8192,320.3,256,1251"
"GeForce GTX 1080 Ti Zotac AMP! Extreme,""Pascal P102"",""Nvidia"",2017,11264,493.5,176,1402"
"GeForce GTX 1080 Zotac Founders 8GB Edition,""Pascal P104-400-A1"",""Nvidia"",2016,8192,320.3,256,1251"
"GeForce GTX 1080 Zotac AMP Extreme 8GB Edition,""Pascal P104-400-A1"",""Nvidia"",2016,8192,345.6,256,1350"
"GeForce GTX 1080 Ti Zotac PGF Extreme OC,""Pascal P102"",""Nvidia"",2017,11264,484.4,88,1376"
"GeForce GTX 295 EVGA Red 1792MB Edition,""Tesla G200-400-B3 (x2)"",""Nvidia"",2009,1792,223.8,448,999"
"GeForce GTX 1080 Ti SLI,""Pascal P102"",""Nvidia"",2017,11264,484.4,176,1376"
"GeForce GTX 1080 Ti Zotac AMP!,""Pascal P102"",""Nvidia"",2017,11264,484.4,88,1376"
"GeForce GTX 1080 Ti PNY Founders Edition 11GB,""Pascal P102"",""Nvidia"",2017,11264,484.4,88,1376"
"GeForce GTX 1080 Ti MSI Lightning X 11GB,""Pascal P102"",""Nvidia"",2017,11264,484.4,88,1376"
"GeForce GTX 1080 Ti MSI Gaming 11GB,""Pascal P102"",""Nvidia"",2017,11264,484.4,88,1376"
"GeForce GTX 1080 Ti MSI Sea Hawk X 11GB,""Pascal P102"",""Nvidia"",2017,11264,489.3,88,1390"
"GeForce GTX 1080 Ti Palit Founders Edition 11GB,""Pascal P102"",""Nvidia"",2017,11264,484.4,88,1376"
"GeForce GTX 1080 Ti MSI Gaming X 11GB,""Pascal P102"",""Nvidia"",2017,11264,484.4,88,1376"
"GeForce GTX 1080 Ti MSI Founders Edition 11GB,""Pascal P102"",""Nvidia"",2017,11264,484.4,88,1376"
"GeForce GTX 1080 Ti MSI Sea Hawk 11GB,""Pascal P102"",""Nvidia"",2017,11264,484.4,88,1376"
"GeForce GTX 1080 Ti MSI Armor 11GB Edition,""Pascal P102"",""Nvidia"",2017,11264,484.4,88,1376"
"GeForce GTX 1080 Ti MSI Armor OC 11GB,""Pascal P102"",""Nvidia"",2017,11264,484.4,88,1376"
"GeForce GTX 1080 Ti Kuroutoshikou Founders Edition 11GB,""Pascal P102"",""Nvidia"",2017,11264,484.4,88,1376"
"GeForce GTX 1080 Ti Inno3D iChiLL X3 Ultra 11GB,""Pascal P102"",""Nvidia"",2017,11264,502,352,1426"
"GeForce GTX 1080 Ti Manli F369G 11GB,""Pascal P102"",""Nvidia"",2017,11264,484.4,88,1376"
"GeForce GTX 1080 Ti Inno3D iChiLL X4 11GB,""Pascal P102"",""Nvidia"",2017,11264,502,88,1426"
"GeForce GTX 1080 Ti Inno3D iChiLL X3 11GB,""Pascal P102"",""Nvidia"",2017,11264,502,352,1426"
"GeForce GTX 1080 Ti KFA Founders Edition 11GB,""Pascal P102"",""Nvidia"",2017,11264,484.4,88,1376"
"GeForce GTX 1080 Ti Inno3D Founders Edition 11GB,""Pascal P102"",""Nvidia"",2017,11264,484.4,88,1376"
"GeForce GTX 1080 Ti Inno3D Gaming OC 11GB,""Pascal P102"",""Nvidia"",2017,11264,484.4,352,1376"
"GeForce GTX 1080 Ti Inno3D iChiLL Black 11GB,""Pascal P102"",""Nvidia"",2017,11264,484.4,88,1376"
"GeForce GTX 1080 Ti Gigabyte Founders Edition 11GB,""Pascal P102"",""Nvidia"",2017,11264,484.4,88,1376"
"GeForce GTX 1080 Ti Inno3D iChiLL X4 Ultra 11GB,""Pascal P102"",""Nvidia"",2017,11264,502,88,1426"
"GeForce GTX 1080 Ti MSI Aero 11GB,""Pascal P102"",""Nvidia"",2017,11264,484.4,176,1376"
"GeForce GTX 1080 Ti MSI Aero OC 11GB,""Pascal P102"",""Nvidia"",2017,11264,484.4,176,1376"
"GeForce GTX 1080 Ti Gigabyte AORUS Xtreme Edition 11GB,""Pascal P102"",""Nvidia"",2017,11264,494.2,88,1404"
"GeForce GTX 1080 Ti Galax Hall of Fame Edition 11GB,""Pascal P102"",""Nvidia"",2017,11264,484.4,352,1376"
"GeForce GTX 1080 Ti Gigabyte G1 Gaming 11GB,""Pascal P102"",""Nvidia"",2017,11264,484.4,88,1376"
"GeForce GTX 1080 Ti Galax Founders Edition 11GB,""Pascal P102"",""Nvidia"",2017,11264,484.4,352,1376"
"GeForce GTX 1080 Ti EVGA SC2 Gaming 11GB,""Pascal P102"",""Nvidia"",2017,11264,484.4,88,1376"
"GeForce GTX 1080 Ti EVGA SC Black Edition Gaming 11GB,""Pascal P102"",""Nvidia"",2017,11264,484.4,88,1376"
"GeForce GTX 1080 Ti Gainward Founders Edition 11GB,""Pascal P102"",""Nvidia"",2017,11264,484.4,352,1376"
"GeForce GTX 1080 Ti Colorful Founders Edition 11GB,""Pascal P102"",""Nvidia"",2017,11264,484.4,88,1376"
"GeForce GTX 1080 Ti EVGA Founders Edition 11GB,""Pascal P102"",""Nvidia"",2017,11264,484.4,352,1376"
"GeForce GTX 1080 Ti ELSA Founders Edition 11GB,""Pascal P102"",""Nvidia"",2017,11264,484.4,88,1376"
"GeForce GTX 1080 Ti EVGA FTW3 Gaming 11GB,""Pascal P102"",""Nvidia"",2017,11264,484.4,88,1376"
"GeForce GTX 1080 Ti ASUS Turbo 11GB,""Pascal P102"",""Nvidia"",2017,11264,484.4,352,1376"
"GeForce GTX 1080 Ti ASUS ROG STRIX OC 11GB,""Pascal P102"",""Nvidia"",2017,11264,488.6,352,1388"
"GeForce GTX 1080 Ti ASUS ROG STRIX 11GB,""Pascal P102"",""Nvidia"",2017,11264,488.6,352,1388"
"GeForce GTX 1080 Ti,""Pascal P102"",""Nvidia"",2017,11264,484.4,352,1376"
"GeForce GTX 1080 Ti ASUS Founders Edition 11GB,""Pascal P102"",""Nvidia"",2017,11264,484.4,352,1376"
"GeForce GTX 1080 Palit Super JetStream 8GB Edition,""Pascal P104-400-A1"",""Nvidia"",2016,8192,320.3,256,1251"
"GeForce GTX 1080 PNY Founders 8GB Edition,""Pascal P104-400-A1"",""Nvidia"",2016,8192,320.3,256,1251"
"GeForce GTX 1080 Palit Founders 8GB Edition,""Pascal P104-400-A1"",""Nvidia"",2016,8192,320.3,256,1251"
"GeForce GTX 1080 SLI,""Pascal P104-400-A1 (x2)"",""Nvidia"",2016,16384,640.5,256,1251"
"GeForce GTX 1080 MSI Armor 8GB Edition,""Pascal P104-400-A1"",""Nvidia"",2016,8192,320.3,256,1251"
"GeForce GTX 1080 MSI Founders 8GB Edition,""Pascal P104-400-A1"",""Nvidia"",2016,8192,320,256,1250"
"GeForce GTX 1080 MSI Gaming X 8GB Edition,""Pascal P104-400-A1"",""Nvidia"",2016,8192,323.3,256,1263"
"GeForce GTX 1080 Palit JetStream 8GB Edition,""Pascal P104-400-A1"",""Nvidia"",2016,8192,320.3,256,1251"
"GeForce GTX 1080 Palit GameRock 8GB Edition,""Pascal P104-400-A1"",""Nvidia"",2016,8192,320.3,256,1251"
"GeForce GTX 1080 MSI Armor OC 8GB Edition,""Pascal P104-400-A1"",""Nvidia"",2016,8192,320.3,256,1251"
"GeForce GTX 1080 Ti Inno3D Twin X2 11GB,""Pascal P102"",""Nvidia"",2017,11264,484.4,88,1376"
"GeForce GTX 1080 MSI Sea Hawk 8GB Edition,""Pascal P104-400-A1"",""Nvidia"",2016,8192,323.3,256,1263"
"GeForce GTX 1080 MSI Aero OC 8GB Edition,""Pascal P104-400-A1"",""Nvidia"",2016,8192,320.3,256,1251"
"GeForce GTX 1080 MSI Aero 8GB Edition,""Pascal P104-400-A1"",""Nvidia"",2016,8192,320.3,256,1251"
"GeForce GTX 1080 Gigabyte Founders 8GB Edition,""Pascal P104-400-A1"",""Nvidia"",2016,8192,320,256,1250"
"GeForce GTX 1080 Gigabyte G1 Gaming 8GB Edition,""Pascal P104-400-A1"",""Nvidia"",2016,8192,320.3,256,1251"
"GeForce GTX 1080 EVGA FTW ACX 3.0 8GB Edition,""Pascal P104-400-A1"",""Nvidia"",2016,8192,320.3,256,1251"
"GeForce GTX 1080 EVGA ACX 3.0 8GB Edition,""Pascal P104-400-A1"",""Nvidia"",2016,8192,320.3,256,1251"
"GeForce GTX 1080 Colorful iGame X-TOP 8GB,""Pascal P104-400-A1"",""Nvidia"",2016,8192,320.3,256,1251"
"GeForce GTX 1080 Inno3D Founders 8GB Edition,""Pascal P104-400-A1"",""Nvidia"",2016,8192,320.3,256,1251"
"GeForce GTX 1080 Ti Gainward Founders Edition 11GB (China),""Pascal P102"",""Nvidia"",2017,11264,484.4,352,1376"
"GeForce GTX 1080 EVGA 8GB Edition,""Pascal P104-400-A1"",""Nvidia"",2016,8192,320.3,256,1251"
"GeForce GTX 1080 Asus ROG Strix Gaming 8GB,""Pascal P104-400-A1"",""Nvidia"",2016,8192,320.3,256,1251"
"GeForce GTX 1080 Asus ROG Strix Gaming OC 8GB Edition,""Pascal P104-400-A1"",""Nvidia"",2016,8192,320.3,256,1251"
"GeForce GTX 1080 EVGA SuperClocked ACX 3.0 8GB Edition,""Pascal P104-400-A1"",""Nvidia"",2016,8192,320.3,256,1251"
"GeForce GTX 1080 EVGA Founders 8GB Edition,""Pascal P104-400-A1"",""Nvidia"",2016,8192,320.3,256,1251"
"GeForce GTX 1080 Asus Founders 8GB Edition,""Pascal P104-400-A1"",""Nvidia"",2016,8192,320.3,256,1251"
"GeForce GTX 1070 Palit JetStream,""Pascal P104-200-A1"",""Nvidia"",2016,8192,272,256,2125"
"GeForce GTX 1070 Zotac AMP!,""Pascal P104-200-A1"",""Nvidia"",2016,8192,256.3,256,2002"
"GeForce GTX 1070 SLI,""Pascal P104-200-A1"",""Nvidia"",2016,8192,256.3,128,2002"
"GeForce GTX 1070 MSI Sea Hawk X 8GB Edition,""Pascal P104-200-A1"",""Nvidia"",2016,8192,259.5,256,2027"
"GeForce GTX 1070 Palit GameRock Premium,""Pascal P104-200-A1"",""Nvidia"",2016,8192,272,256,2125"
"GeForce GTX 1070 MSI Quick Silver OC 8GB,""Pascal P104-200-A1"",""Nvidia"",2016,8192,256.3,256,2002"
"GeForce GTX 1070 Zotac AMP! Xtreme,""Pascal P104-200-A1"",""Nvidia"",2016,8192,262.7,256,2052"
"GeForce GTX 1080,""Pascal P104-400-A1"",""Nvidia"",2016,8192,320.3,256,1251"
"GeForce GTX 1070 MSI Gaming Z 8GB,""Pascal P104-200-A1"",""Nvidia"",2016,8192,256.3,256,2002"
"GeForce GTX 1070 MSI Gaming X 8GB Edition,""Pascal P104-200-A1"",""Nvidia"",2016,8192,259.5,256,2027"
"GeForce GTX 1070 Palit Super JetStream,""Pascal P104-200-A1"",""Nvidia"",2016,8192,272.3,256,2127"
"GeForce GTX 1070 MSI Armor OC 8GB Edition,""Pascal P104-200-A1"",""Nvidia"",2016,8192,256.3,256,2002"
"GeForce GTX 1070 MSI Armor 8GB Edition,""Pascal P104-200-A1"",""Nvidia"",2016,8192,256.3,256,2002"
"GeForce GTX 1070 Leadtek WinFast HURRICANE,""Pascal P104-200-A1"",""Nvidia"",2016,8192,256.3,256,2002"
"GeForce GTX 1070 Gigabyte Xtreme Gaming,""Pascal P104-200-A1"",""Nvidia"",2016,8192,256.3,256,2002"
"GeForce GTX 1070 Gigabyte Mini ITX OC 8GB,""Pascal P104-200-A1"",""Nvidia"",2016,8192,256.3,256,2002"
"GeForce GTX 1070 Gigabyte Windforce OC,""Pascal P104-200-A1"",""Nvidia"",2016,8192,256.3,256,2002"
"GeForce GTX 1070 MSI Aero OC 8GB Edition,""Pascal P104-200-A1"",""Nvidia"",2016,8192,256.3,256,2002"
"GeForce GTX 1070 MSI Aero 8GB Edition,""Pascal P104-200-A1"",""Nvidia"",2016,8192,256.3,256,2002"
"GeForce GTX 1070 Gigabyte Founders 8GB Edition,""Pascal P104-200-A1"",""Nvidia"",2016,8192,256.3,256,2002"
"GeForce GTX 1070 Galax HOF Limited Edition 8GB,""Pascal P104-200-A1"",""Nvidia"",2016,8192,256.3,256,2002"
"GeForce GTX 1070 Galax EXOC 8GB,""Pascal P104-200-A1"",""Nvidia"",2016,8192,256.3,256,2002"
"GeForce GTX 1070 Galax Founders 8GB,""Pascal P104-200-A1"",""Nvidia"",2016,8192,256.3,256,2002"
"GeForce GTX 1070 Galax EX 8GB,""Pascal P104-200-A1"",""Nvidia"",2016,8192,256.3,256,2002"
"GeForce GTX 1070 Gainward Phoenix GLH,""Pascal P104-200-A1"",""Nvidia"",2016,8192,272.3,256,2127"
"GeForce GTX 1070 EVGA SC GAMING ACX 3.0 8GB Edition,""Pascal P104-200-A1"",""Nvidia"",2016,8192,256.3,256,2002"
"GeForce GTX 1070 EVGA Founders 8GB Edition,""Pascal P104-200-A1"",""Nvidia"",2016,8192,256.3,256,2002"
"GeForce GTX 1070 EVGA ACX 3.0 8GB Edition,""Pascal P104-200-A1"",""Nvidia"",2016,8192,256.3,256,2002"
"GeForce GTX 1070 Gainward,""Pascal P104-200-A1"",""Nvidia"",2016,8192,256.3,256,2002"
"GeForce GTX 1070 Colorful iGame X-TOP 8GB,""Pascal P104-200-A1"",""Nvidia"",2016,8192,256.3,256,2002"
"GeForce GTX 1070 Asus ROG Strix Gaming OC 8GB Edition,""Pascal P104-200-A1"",""Nvidia"",2016,8192,256.3,256,2002"
"GeForce GTX 1070 MSI Founders 8GB Edition,""Pascal P104-200-A1"",""Nvidia"",2016,8192,256.3,256,2002"
"GeForce GTX 1070 Gigabyte G1 Gaming 8GB Edition,""Pascal P104-200-A1"",""Nvidia"",2016,8192,256.3,256,2002"
"GeForce GTX 1070 Asus Turbo,""Pascal P104-200-A1"",""Nvidia"",2016,8192,256.3,256,2002"
"GeForce GTX 1070 Asus ROG Strix Gaming 8GB,""Pascal P104-200-A1"",""Nvidia"",2016,8192,256.3,256,2002"
"GeForce GTX 1070 Asus Founders SLI,""Pascal P104-200-A1"",""Nvidia"",2016,8192,256.3,128,2002"
"GeForce GTX 1070 Asus Founders,""Pascal P104-200-A1"",""Nvidia"",2016,8192,256.3,256,2002"
"GeForce GTX 1070 Asus Dual,""Pascal P104-200-A1"",""Nvidia"",2016,8192,256.3,256,2002"
"GeForce GTX 1060 Palit Super Jetstream 6GB,""Pascal P106-400-A1"",""Nvidia"",2016,6144,192.2,192,2002"
"GeForce GTX 1060 Zotac Mini 6GB,""Pascal P106-400-A1"",""Nvidia"",2016,6144,192.2,192,2002"
"GeForce GTX 1060 Palit Jetstream 6GB,""Pascal P106-400-A1"",""Nvidia"",2016,6144,192.2,192,2002"
"GeForce GTX 1060 MSI OC 3GB,""Pascal P106-300-A1"",""Nvidia"",2016,3072,192.2,192,2002"
"GeForce GTX 1060 Zotac AMP 6GB Edition,""Pascal P106-400-A1"",""Nvidia"",2016,6144,192.2,192,2002"
"GeForce GTX 1060 MSI OCV1 3G,""Pascal P106-300-A1"",""Nvidia"",2016,3072,192.2,192,2002"
"GeForce GTX 1070,""Pascal P104-200-A1"",""Nvidia"",2016,8192,256.3,256,2002"
"GeForce GTX 1060 MSI Gaming X 3GB,""Pascal P106-300-A1"",""Nvidia"",2016,3072,192.2,192,2002"
"GeForce GTX 1060 MSI Gaming X 6G Edition,""Pascal P106-400-A1"",""Nvidia"",2016,6144,192.2,192,2002"
"GeForce GTX 1060 MSI Gaming 6GB,""Pascal P106-400-A1"",""Nvidia"",2016,6144,192.2,192,2002"
"GeForce GTX 1060 MSI Armor V1 3G,""Pascal P106-300-A1"",""Nvidia"",2016,3072,192.2,192,2002"
"GeForce GTX 1060 MSI Gaming 3GB,""Pascal P106-300-A1"",""Nvidia"",2016,3072,192.2,192,2002"
"GeForce GTX 1060 Zotac Mini 3GB,""Pascal P106-300-A1"",""Nvidia"",2016,3072,192.2,192,2002"
"GeForce GTX 1060 MSI Armor 6G OC,""Pascal P106-400-A1"",""Nvidia"",2016,6144,194.6,192,2027"
"GeForce GTX 1060 KFA2 OC 6GB,""Pascal P106-400-A1"",""Nvidia"",2016,2048,192.2,192,2002"
"GeForce GTX 1060 MSI 6GT OC,""Pascal P106-400-A1"",""Nvidia"",2016,6144,194.6,192,2027"
"GeForce GTX 1060 MSI Armor OCV1 3G,""Pascal P106-300-A1"",""Nvidia"",2016,3072,192.2,192,2002"
"GeForce GTX 1060 Inno3D iChill X3 3GB,""Pascal P106-300-A1"",""Nvidia"",2016,3072,197,192,2052"
"GeForce GTX 1060 KFA2 EX OC White 6GB,""Pascal P106-400-A1"",""Nvidia"",2016,6144,192.2,192,2002"
"GeForce GTX 1070 Gainward Phoenix GS,""Pascal P104-200-A1"",""Nvidia"",2016,8192,272.3,256,2127"
"GeForce GTX 1060 Inno3D iChill X3,""Pascal P106-400-A1"",""Nvidia"",2016,6144,197,192,2052"
"GeForce GTX 1060 Inno3D Gaming OC 6GB,""Pascal P106-400-A1"",""Nvidia"",2016,6144,192.2,192,2002"
"GeForce GTX 1060 Gigabyte Xtreme Gaming 6GB,""Pascal P106-400-A1"",""Nvidia"",2016,6144,192.2,192,2002"
"GeForce GTX 1060 KFA2 EX OC Black 6GB,""Pascal P106-400-A1"",""Nvidia"",2016,6144,192.2,192,2002"
"GeForce GTX 1060 Inno3D Compact 6GB,""Pascal P106-400-A1"",""Nvidia"",2016,6144,192.2,192,2002"
"GeForce GTX 1060 Gigabyte Mini ITX OC 3GB,""Pascal P106-300-A1"",""Nvidia"",2016,3072,192.2,192,2002"
"GeForce GTX 1060 Gigabyte Mini ITX OC 6GB,""Pascal P106-400-A1"",""Nvidia"",2016,6144,192.2,192,2002"
"GeForce GTX 1060 Inno3D Compact 3GB,""Pascal P106-300-A1"",""Nvidia"",2016,3072,192.2,192,2002"
"GeForce GTX 1060 Gigabyte Windforce 2X OC 6GB,""Pascal P106-400-A1"",""Nvidia"",2016,6144,192.2,192,2002"
"GeForce GTX 1060 Gigabyte GTX G1 Gaming 6GB,""Pascal P106-400-A1"",""Nvidia"",2016,6144,192.2,192,2002"
"GeForce GTX 1060 Gigabyte Windforce 2X OC 3GB,""Pascal P106-300-A1"",""Nvidia"",2016,3072,192.2,192,2002"
"GeForce GTX 1060 Galax EX OC White 3GB,""Pascal P106-300-A1"",""Nvidia"",2016,3072,192.2,192,2002"
"GeForce GTX 1060 Gigabyte G1 Gaming 3GB,""Pascal P106-300-A1"",""Nvidia"",2016,3072,192.2,192,2002"
"GeForce GTX 1060 Galax OC 3GB,""Pascal P106-400-A1"",""Nvidia"",2016,3072,192.2,192,2002"
"GeForce GTX 1060 Galax Gamer OC 3GB,""Pascal P106-300-A1"",""Nvidia"",2016,3072,192.2,192,2002"
"GeForce GTX 1060 Gainward Phoenix GS 6GB,""Pascal P106-400-A1"",""Nvidia"",2016,6144,192.2,192,2002"
"GeForce GTX 1060 Galax EX OC Black 3GB,""Pascal P106-300-A1"",""Nvidia"",2016,3072,192.2,192,2002"
"GeForce GTX 1060 EVGA SC ACX 2.0 3GB,""Pascal P106-300-A1"",""Nvidia"",2016,3072,192.2,192,2002"
"GeForce GTX 1060 EVGA SSC GAMING ACX 3.0 6GB,""Pascal P106-400-A1"",""Nvidia"",2016,6144,192.2,192,2002"
"GeForce GTX 1060 EVGA SC GAMING 6GB,""Pascal P106-400-A1"",""Nvidia"",2016,6144,192.2,192,2002"
"GeForce GTX 1060 EVGA FTW+ ACX 3.0 3GB,""Pascal P106-300-A1"",""Nvidia"",2016,3072,192.2,192,2002"
"GeForce GTX 1060 EVGA ACX 2.0 6GB,""Pascal P106-400-A1"",""Nvidia"",2016,6144,192.2,192,2002"
"GeForce GTX 1060 EVGA GAMING,""Pascal P106-400-A1"",""Nvidia"",2016,6144,192.2,192,2002"
"GeForce GTX 1060 Asus ROG Strix Gaming OC 6GB Edition,""Pascal P106-400-A1"",""Nvidia"",2016,6144,194.6,192,2027"
"GeForce GTX 1060 EVGA FTW GAMING ACX 3.0,""Pascal P106-400-A1"",""Nvidia"",2016,6144,192.2,192,2002"
"GeForce GTX 1060 Asus Dual OC 6GB,""Pascal P106-400-A1"",""Nvidia"",2016,6144,192.2,192,2002"
"GeForce GTX 1060 EVGA ACX 2.0 3GB,""Pascal P106-300-A1"",""Nvidia"",2016,3072,192.2,192,2002"
"GeForce GTX 1060 Asus Turbo 6GB,""Pascal P106-400-A1"",""Nvidia"",2016,6144,192.2,192,2002"
"GeForce GTX 1060,""Pascal P106-400-A1"",""Nvidia"",2016,6144,192.2,192,2002"
"GeForce GTX 1060 Asus Dual 3GB,""Pascal P106-300-A1"",""Nvidia"",2016,3072,192.2,192,2002"
"GeForce GTX 1060 Asus Dual 6GB,""Pascal P106-400-A1"",""Nvidia"",2016,6144,192.2,192,2002"
"GeForce GTX 1060 Asus Dual OC 3GB,""Pascal P106-300-A1"",""Nvidia"",2016,3072,192.2,192,2002"
"GeForce GTX 1060 3GB,""Pascal P106-300-A1"",""Nvidia"",2016,3072,192.2,192,2002"
"GeForce GTX 1050 Zotac Mini 2GB,""Pascal P107"",""Nvidia"",2016,2048,112.1,128,1752"
"GeForce GTX 1050 Ti Zotac OC Edition 4GB,""Pascal P107"",""Nvidia"",2016,4096,112.1,128,1752"
"GeForce GTX 1050 Ti Zotac Mini 4GB,""Pascal P107"",""Nvidia"",2016,4096,112.1,128,1752"
"GeForce GTX 1050 Ti PNY XLR8 Gaming Overclocked Edition 4GB,""Pascal P107"",""Nvidia"",2016,4096,112.1,128,1752"
"GeForce GTX 1050 Ti MSI OC T 4GB,""Pascal P107"",""Nvidia"",2016,4096,112.1,128,1752"
"GeForce GTX 1050 Ti Palit StormX 4GB,""Pascal P107"",""Nvidia"",2016,4096,112.1,128,1752"
"GeForce GTX 1050 Ti MSI Gaming 4GB,""Pascal P107"",""Nvidia"",2016,4096,112.1,128,1752"
"GeForce GTX 1050 Ti PNY 4GB,""Pascal P107"",""Nvidia"",2016,4096,112.1,128,1752"
"GeForce GTX 1050 Ti MSI 4GB,""Pascal P107"",""Nvidia"",2016,4096,112.1,128,1752"
"GeForce GTX 1050 Ti MSI Gaming X 4GB,""Pascal P107"",""Nvidia"",2016,4096,112.1,128,1752"
"GeForce GTX 1050 Ti Inno3D 4GB,""Pascal P107"",""Nvidia"",2016,4096,112.1,128,1752"
"GeForce GTX 1050 Ti Galax EXOC 4GB,""Pascal P107"",""Nvidia"",2016,4096,112.1,128,1752"
"GeForce GTX 1050 Ti Gigabyte D5 4GB,""Pascal P107"",""Nvidia"",2016,4096,112.1,128,1752"
"GeForce GTX 1050 Ti Gigabyte G1 Gaming 4GB,""Pascal P107"",""Nvidia"",2016,4096,112.1,128,1752"
"GeForce GTX 1050 Ti Colorful iGame U-4G 4GB,""Pascal P107"",""Nvidia"",2016,4096,112.1,128,1752"
"GeForce GTX 1050 Ti MSI OC 4GB,""Pascal P107"",""Nvidia"",2016,4096,112.1,128,1752"
"GeForce GTX 1050 Ti EVGA FTW DT GAMING ACX 3.0 4GB,""Pascal P107"",""Nvidia"",2016,4096,112.1,128,1752"
"GeForce GTX 1050 Ti Asus ROG Strix Gaming OC 4GB,""Pascal P107"",""Nvidia"",2016,4096,112.1,128,1752"
"GeForce GTX 1050 Ti Colorful iGame S-4G 4GB,""Pascal P107"",""Nvidia"",2016,4096,112.1,128,1752"
"GeForce GTX 1050 Ti 4GB,""Pascal P107"",""Nvidia"",2016,4096,112.1,128,1752"
"GeForce GTX 1050 Ti Asus Pheonix 4GB,""Pascal P107"",""Nvidia"",2016,4096,112.1,128,1752"
"GeForce GTX 1050 PNY 2GB,""Pascal P107"",""Nvidia"",2016,2048,112.1,128,1752"
"GeForce GTX 1050 MSI OC T 2GB,""Pascal P107"",""Nvidia"",2016,2048,112.1,128,1752"
"GeForce GTX 1050 MSI Gaming 2GB,""Pascal P107"",""Nvidia"",2016,2048,112.1,128,1752"
"GeForce GTX 1050 MSI OC 2GB,""Pascal P107"",""Nvidia"",2016,2048,112.1,128,1752"
"GeForce GTX 1050 MSI Gaming X 2GB,""Pascal P107"",""Nvidia"",2016,2048,112.1,128,1752"
"GeForce GTX 1050 MSI 2GB,""Pascal P107"",""Nvidia"",2016,2048,112.1,128,1752"
"GeForce GTX 1050 Gigabyte OC 2GB,""Pascal P107"",""Nvidia"",2016,2048,112.1,128,1752"
"GeForce GTX 1050 Gigabyte D5 2GB,""Pascal P107"",""Nvidia"",2016,2048,112.1,128,1752"
"GeForce GTX 1050 Galax OC 2GB,""Pascal P107"",""Nvidia"",2016,2048,112.1,128,1752"
"GeForce GTX 1050 Galax EXOC 2GB,""Pascal P107"",""Nvidia"",2016,2048,112.1,128,1752"
"GeForce GTX 1050 Colorful iGame U-2G 2GB,""Pascal P107"",""Nvidia"",2016,2048,112.1,128,1752"
"GeForce GTX 680 KFA2 LTD OC 2GB Edition,""Kepler GK104-400-A2"",""Nvidia"",2012,2048,192.3,256,1502"
"GeForce GTX 1050,""Pascal P107"",""Nvidia"",2016,2048,112.1,128,1752"
"GeForce GT 1030,""Pascal"",""Nvidia"",2017,2048,32,64,1000"
"GeForce GTX 680 Lightning Edition,""Kepler GK104-400-A2"",""Nvidia"",2012,2048,192.3,256,1502"
"GeForce GTX 680 Gigabyte OC Edition,""Kepler GK104-400-A2"",""Nvidia"",2012,2048,192.3,256,1502"
"GeForce GTX 680 KFA2 2GB Edition,""Kepler GK104-400-A2"",""Nvidia"",2012,2048,192.3,256,1502"
"GeForce GTX 680 Inno3D HerculeZ 2000 4GB Edition,""Kepler GK104-400-A2"",""Nvidia"",2012,4096,192.3,256,1502"
"GeForce GTX 680 Gigabyte SO 2GB Edition,""Kepler GK104-400-A2"",""Nvidia"",2012,2048,198.4,256,1550"
"GeForce GTX 680 Hydro Copper Edition,""Kepler GK104-400-A2"",""Nvidia"",2012,2048,201.6,256,1575"
"GeForce GTX 680 Galaxy Edition,""Kepler GK104-400-A2"",""Nvidia"",2012,4096,192.3,256,1502"
"GeForce GTX 680 Galaxy 2GB SOC Edition,""Kepler GK104-400-A2"",""Nvidia"",2012,2048,192.3,256,1502"
"GeForce GTX 680 Galaxy 2GB OC Edition,""Kepler GK104-400-A2"",""Nvidia"",2012,2048,192.3,256,1502"
"GeForce GTX 680 FTW 4GB Edition,""Kepler GK104-400-A2"",""Nvidia"",2012,4096,192.3,256,1502"
"GeForce GTX 680 Gainward 2GB Edition,""Kepler GK104-400-A2"",""Nvidia"",2012,4096,192.3,256,1502"
"GeForce GTX 680 Gigabyte OC 4GB Edition,""Kepler GK104-400-A2"",""Nvidia"",2012,4096,192.3,256,1502"
"GeForce GTX 680 EVGA SC Signature 2 Edition,""Kepler GK104-400-A2"",""Nvidia"",2012,2048,198.7,256,1552"
"GeForce GTX 680 EXO 2GB Edition,""Kepler GK104-400-A2"",""Nvidia"",2012,2048,192.3,256,1502"
"GeForce GTX 680 EVGA SC Edition,""Kepler GK104-400-A2"",""Nvidia"",2012,2048,198.7,256,1552"
"GeForce GTX 680 EVGA SC Signature+ Edition,""Kepler GK104-400-A2"",""Nvidia"",2012,2048,192.3,256,1502"
"GeForce GTX 680 EVGA SC Signature Edition,""Kepler GK104-400-A2"",""Nvidia"",2012,2048,198.7,256,1552"
"GeForce GTX 680 EVGA Classified Edition,""Kepler GK104-400-A2"",""Nvidia"",2012,4096,192.3,256,1502"
"GeForce GTX 680 EX OC 4GB Edition,""Kepler GK104-400-A2"",""Nvidia"",2012,4096,192.3,256,1502"
"GeForce GTX 680 Asus DirectCU II 4GB Edition,""Kepler GK104-400-A2"",""Nvidia"",2012,4096,192.3,256,1502"
"GeForce GTX 680,""Kepler GK104-400-A2"",""Nvidia"",2012,2048,192.3,256,1502"
"GeForce GTX 670 Zotac 4GB OC Edition,""Kepler GK104-325-A2"",""Nvidia"",2012,4096,192.3,256,1502"
"GeForce GTX 680 Direct CU II TOP,""Kepler GK104-400-A2"",""Nvidia"",2012,2048,192.3,256,1502"
"GeForce GTX 670 Zotac AMP Edition,""Kepler GK104-325-A2"",""Nvidia"",2012,2048,211.5,256,1652"
"GeForce GTX 680 Asus OC 2GB Edition,""Kepler GK104-400-A2"",""Nvidia"",2012,2048,192.3,256,1502"
"GeForce GTX 670 SLI,""Kepler GK104-325-A2 (x2)"",""Nvidia"",2012,4096,384.5,256,1502"
"GeForce GTX 670 Palit 2GB Edition,""Kepler GK104-325-A2"",""Nvidia"",2012,2048,192.3,256,1502"
"GeForce GTX 670 SC 2GB Edition,""Kepler GK104-325-A2"",""Nvidia"",2012,2048,192.3,256,1502"
"GeForce GTX 670 PNY 2GB Edition,""Kepler GK104-325-A2"",""Nvidia"",2012,2048,192.3,256,1502"
"GeForce GTX 670 Jetstream 2GB Edition,""Kepler GK104-325-A2"",""Nvidia"",2012,2048,195.5,256,1527"
"GeForce GTX 670 Gigabyte 3xWindForce 4GB Edition,""Kepler GK104-325-A2"",""Nvidia"",2012,4096,192.3,256,1502"
"GeForce GTX 670 MSI OC Edition,""Kepler GK104-325-A2"",""Nvidia"",2012,2048,192.3,256,1502"
"GeForce GTX 670 Gigabyte 3xWindForce Edition,""Kepler GK104-325-A2"",""Nvidia"",2012,2048,192.3,256,1502"
"GeForce GTX 670 Gainward Phantom Edition,""Kepler GK104-325-A2"",""Nvidia"",2012,2048,195.5,256,1527"
"GeForce GTX 670 Gigabyte 2xWindForce Edition,""Kepler GK104-325-A2"",""Nvidia"",2012,2048,192.3,256,1502"
"GeForce GTX 670 Galaxy GC 2GB Edition,""Kepler GK104-325-A2"",""Nvidia"",2012,2048,192.3,256,1502"
"GeForce GTX 670 SC+ 4GB Edition,""Kepler GK104-325-A2"",""Nvidia"",2012,4096,192.3,256,1502"
"GeForce GTX 670 Galaxy GC 4GB Edition,""Kepler GK104-325-A2"",""Nvidia"",2012,4096,192.3,256,1502"
"GeForce GTX 670 FTW 2GB,""Kepler GK104-325-A2"",""Nvidia"",2012,2048,198.7,256,1552"
"GeForce GTX 670 FTW SIG2 2GB Edition,""Kepler GK104-325-A2"",""Nvidia"",2012,2048,198.7,256,1552"
"GeForce GTX 670 EVGA FTW+ 4GB Edition,""Kepler GK104-325-A2"",""Nvidia"",2012,4096,192.3,256,1502"
"GeForce GTX 670 Gainward 2GB Edition,""Kepler GK104-325-A2"",""Nvidia"",2012,2048,192.3,256,1502"
"GeForce GTX 670 MSI Power Edition,""Kepler GK104-325-A2"",""Nvidia"",2012,2048,192.3,256,1502"
"GeForce GTX 670 FTW 2GB LE Edition,""Kepler GK104-325-A2"",""Nvidia"",2012,2048,192.3,256,1502"
"GeForce GTX 670 FTW 2GB Edition SLI,""Kepler GK104-325-A2 (x2)"",""Nvidia"",2012,4096,397.3,256,1552"
"GeForce GTX 670 DirectCU II Top Edition,""Kepler GK104-325-A2"",""Nvidia"",2012,2048,192.3,256,1502"
"GeForce GTX 670 EVGA 2GB Edition,""Kepler GK104-325-A2"",""Nvidia"",2012,2048,192.3,256,1502"
"GeForce GTX 670 DirectCU II OC Edition,""Kepler GK104-325-A2"",""Nvidia"",2012,2048,192.3,256,1502"
"GeForce GTX 670 DirectCU II Mini Edition,""Kepler GK104-325-A2"",""Nvidia"",2013,2048,192.3,256,1502"
"GeForce GTX 670 EVGA FTW+ 4GB Edition SLI,""Kepler GK104-325-A2 (x2)"",""Nvidia"",2012,4096,384.5,512,1502"
"GeForce GTX 670 Asus DirectCU II 4GB Edition,""Kepler GK104-325-A2"",""Nvidia"",2012,4096,192.3,256,1502"
"GeForce GTX 670,""Kepler GK104-325-A2"",""Nvidia"",2012,2048,192.3,256,1502"
"GeForce GTX 660 Zotac Synergy Edition,""Kepler GK106-400-A1"",""Nvidia"",2012,2048,144.2,192,1502"
"GeForce GTX 660 Zotac Edition,""Kepler GK106-400-A1"",""Nvidia"",2012,2048,144.2,192,1502"
"GeForce GTX 660 Zotac AMP Edition,""Kepler GK106-400-A1"",""Nvidia"",2012,2048,158.6,192,1652"
"GeForce GTX 660 v2,""Kepler GK106-450-A1"",""Nvidia"",2014,2048,144.2,192,1502"
"GeForce GTX 660 Twin Frozr OC Edition SLI,""Kepler GK106-400-A1 (x2)"",""Nvidia"",2012,4096,288.4,192,1502"
"GeForce GTX 670 DirectCU II Edition,""Kepler GK104-325-A2"",""Nvidia"",2012,2048,192.3,256,1502"
"GeForce GTX 660 WindForce 2X OC Edition,""Kepler GK106-400-A1"",""Nvidia"",2012,2048,144.2,192,1502"
"GeForce GTX 660 Twin Frozr Edition,""Kepler GK106-400-A1"",""Nvidia"",2012,2048,144.2,192,1502"
"GeForce GTX 660 Twin Frozr OC Edition,""Kepler GK106-400-A1"",""Nvidia"",2012,2048,144.2,192,1502"
"GeForce GTX 660 Ti Zotac Edition,""Kepler GK104-300-KD-A2"",""Nvidia"",2012,2048,144.2,192,1502"
"GeForce GTX 660 Ti Zotac AMP Extreme Edition,""Kepler GK104-300-KD-A2"",""Nvidia"",2012,2048,158.6,192,1652"
"GeForce GTX 660 Ti Zotac AMP Edition,""Kepler GK104-300-KD-A2"",""Nvidia"",2012,2048,158.6,192,1652"
"GeForce GTX 660 Ti WindForce 2X OC Edition,""Kepler GK104-300-KD-A2"",""Nvidia"",2012,2048,144.2,192,1502"
"GeForce GTX 660 Ti Twin Frozr 3GB Edition,""Kepler GK104-300-KD-A2"",""Nvidia"",2012,3072,144.2,192,1502"
"GeForce GTX 660 Ti SC+ 3GB w/Backplate,""Kepler GK104-300-KD-A2"",""Nvidia"",2012,3072,144.2,192,1502"
"GeForce GTX 660 Ti SLI,""Kepler GK104-200-KD-A2 (x2)"",""Nvidia"",2012,4096,288.4,192,1502"
"GeForce GTX 660 Ti Power OC Edition,""Kepler GK104-300-KD-A2"",""Nvidia"",2012,2048,144.2,192,1502"
"GeForce GTX 660 Ti Power Edition,""Kepler GK104-300-KD-A2"",""Nvidia"",2012,2048,144.2,192,1502"
"GeForce GTX 660 Ti PNY Edition,""Kepler GK104-300-KD-A2"",""Nvidia"",2012,2048,144.2,192,1502"
"GeForce GTX 660 Ti Power OC Edition SLI,""Kepler GK104"",""Nvidia"",2012,4096,288.4,192,1502"
"GeForce GTX 660 Ti MSI Gaming OC Edition,""Kepler GK104-300-KD-A2"",""Nvidia"",2012,2048,144.2,192,1502"
"GeForce GTX 660 Ti KFA? EX OC 3GB Edition,""Kepler GK104-300-KD-A2"",""Nvidia"",2012,3072,144.2,192,1502"
"GeForce GTX 660 Ti MSI OC v1 Edition,""Kepler GK104-300-KD-A2"",""Nvidia"",2012,2048,144.2,192,1502"
"GeForce GTX 660 Ti KFA? EX OC 2GB Edition,""Kepler GK104-300-KD-A2"",""Nvidia"",2012,2048,144.2,192,1502"
"GeForce GTX 660 Ti Inno3D Edition,""Kepler GK104-300-KD-A2"",""Nvidia"",2012,2048,144.2,192,1502"
"GeForce GTX 660 Ti JetStream Edition,""Kepler GK104-300-KD-A2"",""Nvidia"",2012,2048,146.6,192,1527"
"GeForce GTX 660 Ti Gigabyte WindForce 2X OC 2GB Edition SLI,""Kepler GK104-300-KD-A2 (x2)"",""Nvidia"",2012,4096,288.4,192,1502"
"GeForce GTX 660 Ti GC 3GB Edition,""Kepler GK104-300-KD-A2"",""Nvidia"",2012,3072,144.2,192,1502"
"GeForce GTX 660 Ti Gigabyte OC 3GB Edition,""Kepler GK104-300-KD-A2"",""Nvidia"",2012,3072,144.2,192,1502"
"GeForce GTX 660 Ti Gainward Edition,""Kepler GK104-300-KD-A2"",""Nvidia"",2012,2048,144.2,192,1502"
"GeForce GTX 660 Ti Gainward Phantom Edition,""Kepler GK104-300-KD-A2"",""Nvidia"",2012,2048,146.6,192,1527"
"GeForce GTX 660 Ti FTW Signature 2 Edition,""Kepler GK104-300-KD-A2"",""Nvidia"",2012,2048,144.2,192,1502"
"GeForce GTX 660 Ti GC 2GB Edition,""Kepler GK104-300-KD-A2"",""Nvidia"",2012,2048,144.2,192,1502"
"GeForce GTX 660 Ti Direct CU II Top Edition,""Kepler GK104-300-KD-A2"",""Nvidia"",2012,2048,144.2,192,1502"
"GeForce GTX 660 Ti Asus Dragon DirectCU II TOP 2GB Edition,""Kepler GK104-300-KD-A2"",""Nvidia"",2013,2048,146.4,192,1525"
"GeForce GTX 660 Ti EVGA SC Edition,""Kepler GK104-300-KD-A2"",""Nvidia"",2012,2048,144.2,192,1502"
"GeForce GTX 660 Ti Direct CU II Edition,""Kepler GK104-300-KD-A2"",""Nvidia"",2012,2048,144.2,192,1502"
"GeForce GTX 660 Ti EVGA FTW Edition,""Kepler GK104-300-KD-A2"",""Nvidia"",2012,2048,144.2,192,1502"
"GeForce GTX 660 Ti 3-way SLI,""Kepler GK104-200-KD-A2 (x3)"",""Nvidia"",2012,6144,432.6,192,1502"
"GeForce GTX 660 Palit OC 2GB Edition,""Kepler GK106-400-A1"",""Nvidia"",2012,2048,146.6,192,1527"
"GeForce GTX 660 Ti,""Kepler GK104-300-KD-A2"",""Nvidia"",2012,2048,144.2,192,1502"
"GeForce GTX 660 Ti Direct CU II OC Edition,""Kepler GK104-300-KD-A2"",""Nvidia"",2012,2048,144.2,192,1502"
"GeForce GTX 660 Ti Colorful iGame ARES X 2GB Edition,""Kepler GK104-300-KD-A2"",""Nvidia"",2012,2048,163.4,192,1702"
"GeForce GTX 660 Palit 2GB Edition,""Kepler GK106-400-A1"",""Nvidia"",2012,2048,144.2,192,1502"
"GeForce GTX 660 MSI Gaming 2GB Edition,""Kepler GK106-400-A1"",""Nvidia"",2013,2048,144.2,192,1502"
"GeForce GTX 660 MSI OC 2GB Edition,""Kepler GK106-400-A1"",""Nvidia"",2012,2048,144.2,192,1502"
"GeForce GTX 660 SLI,""Kepler GK106-400-A1 (x2)"",""Nvidia"",2012,4096,288.4,192,1502"
"GeForce GTX 660 Golden Sample Edition,""Kepler GK106-400-A1"",""Nvidia"",2012,2048,146.6,192,1527"
"GeForce GTX 660 MSI Hawk 2GB Edition,""Kepler GK106-400-A1"",""Nvidia"",2012,2048,144.2,192,1502"
"GeForce GTX 660 Inno3D Edition,""Kepler GK106-400-A1"",""Nvidia"",2012,2048,144.2,192,1502"
"GeForce GTX 660 Gigabyte OC 3GB Edition,""Kepler GK106-400-A1"",""Nvidia"",2012,3072,144.2,192,1502"
"GeForce GTX 660 Gigabyte OC Edition,""Kepler GK106-400-A1"",""Nvidia"",2012,2048,144.2,192,1502"
"GeForce GTX 660 Gigabyte OC 2GB Edition SLI,""Kepler GK106-400-A1 (x2)"",""Nvidia"",2012,4096,288.4,192,1502"
"GeForce GTX 660 EVGA Superclocked Edition,""Kepler GK106-400-A1"",""Nvidia"",2012,2048,144.2,192,1502"
"GeForce GTX 660 EVGA SC Signature 2 Edition SLI,""Kepler GK106-400-A1"",""Nvidia"",2012,6144,288.4,192,1502"
"GeForce GTX 660 Galaxy GC Edition,""Kepler GK106-400-A1"",""Nvidia"",2012,2048,144.2,192,1502"
"GeForce GTX 660 Gainward 2GB Edition,""Kepler GK106-400-A1"",""Nvidia"",2012,2048,144.2,192,1502"
"GeForce GTX 660 EVGA SC Signature 2 Edition,""Kepler GK106-400-A1"",""Nvidia"",2012,3072,144.2,192,1502"
"GeForce GTX 660 EVGA OC 2GB Edition,""Kepler GK106-400-A1"",""Nvidia"",2012,2048,144.2,192,1502"
"GeForce GTX 660 EVGA FTW Signature 2 3GB Edition,""Kepler GK106-400-A1"",""Nvidia"",2012,3072,144.2,192,1502"
"GeForce GTX 660 EVGA FTW Signature 2 Edition,""Kepler GK106-400-A1"",""Nvidia"",2012,2048,144.2,192,1502"
"GeForce GTX 660 Direct CU II Top Edition,""Kepler GK106-400-A1"",""Nvidia"",2012,2048,146.6,192,1527"
"GeForce GTX 660 Direct CU II OC Edition,""Kepler GK106-400-A1"",""Nvidia"",2012,2048,144.2,192,1502"
"GeForce GTX 660 Direct CU II Edition,""Kepler GK106-400-A1"",""Nvidia"",2012,2048,144.2,192,1502"
"GeForce GTX 650 Zotac Synergy 2GB Edition,""Kepler GK107-450-A2"",""Nvidia"",2012,1024,80,128,1250"
"GeForce GTX 660 3GB (OEM),""Kepler GK104-200-KD-A2"",""Nvidia"",2012,3072,134.4,192,1400"
"GeForce GTX 660 1.5GB (OEM),""Kepler GK104-200-KD-A2"",""Nvidia"",2012,1536,134.4,192,1400"
"GeForce GTX 650 Ti Zotac Boost Edition,""Kepler GK106-240-A1"",""Nvidia"",2013,2048,144.2,192,1502"
"GeForce GTX 650 Ti Zotac Synergy 2GB Edition,""Kepler GK106-220-A1"",""Nvidia"",2012,2048,86.4,128,1350"
"GeForce GTX 660,""Kepler GK106-400-A1"",""Nvidia"",2012,2048,144.2,192,1502"
"GeForce GTX 650 Zotac AMP! Edition,""Kepler GK107-450-A2"",""Nvidia"",2012,2048,89.6,128,1400"
"GeForce GTX 650 Ti Zotac AMP! 2GB,""Kepler GK106-220-A1"",""Nvidia"",2012,2048,99.2,128,1550"
"GeForce GTX 650 Zotac OC 1GB Edition,""Kepler GK107-450-A2"",""Nvidia"",2012,1024,80,128,1250"
"GeForce GTX 660 DA OC 2GB Edition,""Kepler GK106-400-A1"",""Nvidia"",2012,2048,144.2,192,1502"
"GeForce GTX 650 Ti Zotac 1GB Edition,""Kepler GK106-220-A1"",""Nvidia"",2012,1024,86.4,128,1350"
"GeForce GTX 650 Ti Zotac 2GB Edition,""Kepler GK106-220-A1"",""Nvidia"",2012,2048,86.4,128,1350"
"GeForce GTX 650 Ti Power Edition OC 1GB,""Kepler GK106-220-A1"",""Nvidia"",2012,1024,86.4,128,1350"
"GeForce GTX 650 Ti MSI TF OC Boost Edition,""Kepler GK106-240-A1"",""Nvidia"",2013,2048,144.2,192,1502"
"GeForce GTX 650 Ti WindForce 2X 1GB Edition,""Kepler GK106-220-A1"",""Nvidia"",2012,1024,86.4,128,1350"
"GeForce GTX 650 Ti MSI 1GB Edition,""Kepler GK106-220-A1"",""Nvidia"",2012,1024,86.4,128,1350"
"GeForce GTX 650 Ti MSI OC 1GB Edition,""Kepler GK106-220-A1"",""Nvidia"",2012,1024,86.4,128,1350"
"GeForce GTX 650 Ti WindForce 2X 2GB Edition,""Kepler GK106-220-A1"",""Nvidia"",2012,2048,86.4,128,1350"
"GeForce GTX 650 Ti Golden Sample Edition,""Kepler GK106-220-A1"",""Nvidia"",2012,1024,88,128,1375"
"GeForce GTX 650 Ti EVGA SSC 2GB Edition,""Kepler GK106-220-A1"",""Nvidia"",2012,2048,86.4,128,1350"
"GeForce GTX 650 Ti Gainward 2GB Edition,""Kepler GK106-220-A1"",""Nvidia"",2012,2048,86.4,128,1350"
"GeForce GTX 650 Ti Palit 1GB OC Edition,""Kepler GK106-220-A1"",""Nvidia"",2012,1024,88,128,1375"
"GeForce GTX 650 Ti Galaxy GC Edition,""Kepler GK106-220-A1"",""Nvidia"",2012,1024,86.4,128,1350"
"GeForce GTX 650 Ti Gainward 1GB Edition,""Kepler GK106-220-A1"",""Nvidia"",2012,1024,86.4,128,1350"
"GeForce GTX 650 Ti EVGA SSC 1GB Edition,""Kepler GK106-220-A1"",""Nvidia"",2012,1024,86.4,128,1350"
"GeForce GTX 650 Ti EVGA Boost SC Edition,""Kepler GK106-240-A1"",""Nvidia"",2013,2048,144.2,192,1502"
"GeForce GTX 650 Ti DirectCU II OC 2GB,""Kepler GK106-220-A1"",""Nvidia"",2012,2048,86.4,128,1350"
"GeForce GTX 650 Ti EVGA Boost Superclocked 1GB Edition,""Kepler GK106-240-A1"",""Nvidia"",2013,1024,120.3,192,1253"
"GeForce GTX 650 Ti DirectCU II 1GB Edition,""Kepler GK106-220-A1"",""Nvidia"",2012,1024,86.4,128,1350"
"GeForce GTX 650 Ti Boost Palit OC 2GB Edition,""Kepler GK106-240-A1"",""Nvidia"",2013,2048,146.6,192,1527"
"GeForce GTX 650 Ti DirectCU II OC 1GB,""Kepler GK106-220-A1"",""Nvidia"",2012,1024,86.4,128,1350"
"GeForce GTX 650 Ti DirectCU II TOP 1GB,""Kepler GK106-220-A1"",""Nvidia"",2012,1024,86.4,128,1350"
"GeForce GTX 650 Ti Boost Palit 1GB Edition,""Kepler GK106-240-A1"",""Nvidia"",2013,1024,120.3,192,1253"
"GeForce GTX 650 Ti Boost Golden Sample Edition,""Kepler GK106-240-A1"",""Nvidia"",2013,1024,122.5,192,1276"
"GeForce GTX 650 Ti Boost MSI OC 2GB Edition,""Kepler GK106-240-A1"",""Nvidia"",2013,2048,144.2,192,1502"
"GeForce GTX 650 Ti Boost WindForce 2X OC Edition,""Kepler GK106-240-A1"",""Nvidia"",2013,1024,144.2,192,1502"
"GeForce GTX 650 Ti Boost MSI Twin Frozr OC 2GB Edition,""Kepler GK106-240-A1"",""Nvidia"",2013,2048,144.2,192,1502"
"GeForce GTX 650 Ti Asus PH 1GB Edition,""Kepler GK106-220-A1"",""Nvidia"",2013,1024,86.4,128,1350"
"GeForce GTX 650 Ti Boost Edition,""Kepler GK106-240-A1"",""Nvidia"",2013,2048,144.2,192,1502"
"GeForce GTX 650 Ti Boost Edition SLI,""Kepler GK106-220-A1 (x2)"",""Nvidia"",2013,4096,288.4,192,1502"
"GeForce GTX 650 Ti,""Kepler GK106-220-A1"",""Nvidia"",2012,1024,86.4,128,1350"
"GeForce GTX 650 Ti Boost DirectCU II OC Edition,""Kepler GK106-240-A1"",""Nvidia"",2013,2048,144.2,192,1502"
"GeForce GTX 650 PNY XLR8 Performance 1GB Edition,""Kepler GK107-450-A2"",""Nvidia"",2012,1024,80,128,1250"
"GeForce GTX 650 Power Edition OC 1GB,""Kepler GK107-450-A2"",""Nvidia"",2012,1024,80,128,1250"
"GeForce GTX 650 PNY XLR8 Performance 2GB Edition,""Kepler GK107-450-A2"",""Nvidia"",2012,2048,80,128,1250"
"GeForce GTX 650 Palit 1GB Edition,""Kepler GK107-450-A2"",""Nvidia"",2012,1024,80,128,1250"
"GeForce GTX 650 MSI OC v1 1GB Edition,""Kepler GK107-450-A2"",""Nvidia"",2012,1024,80,128,1250"
"GeForce GTX 650 MSI OC 2GB Edition,""Kepler GK107-450-A2"",""Nvidia"",2012,2048,80,128,1250"
"GeForce GTX 650 Palit 2GB Edition,""Kepler GK107-450-A2"",""Nvidia"",2012,2048,80,128,1250"
"GeForce GTX 650 MSI OC 1GB,""Kepler GK107-450-A2"",""Nvidia"",2012,1024,80,128,1250"
"GeForce GTX 650 Power Edition 1GB,""Kepler GK107-450-A2"",""Nvidia"",2012,1024,80,128,1250"
"GeForce GTX 650 Gigabyte OC 4GB Edition,""Kepler GK107-450-A2"",""Nvidia"",2012,4096,80,128,1250"
"GeForce GTX 650 MSI 1GB,""Kepler GK107-450-A2"",""Nvidia"",2012,1024,80,128,1250"
"GeForce GTX 650 Inno3D 1GB Edition,""Kepler GK107-450-A2"",""Nvidia"",2012,1024,80,128,1250"
"GeForce GTX 650 Galaxy Green Edition,""Kepler GK107-450-A2"",""Nvidia"",2012,1024,80,128,1250"
"GeForce GTX 650 EX OC 1GB,""Kepler GK107-450-A2"",""Nvidia"",2012,1024,80,128,1250"
"GeForce GTX 650 Gigabyte OC 2GB Edition,""Kepler GK107-450-A2"",""Nvidia"",2012,2048,80,128,1250"
"GeForce GTX 650 EVGA 1GB Edition,""Kepler GK107-450-A2"",""Nvidia"",2012,1024,80,128,1250"
"GeForce GTX 650 Leadtek 1GB OC Edition,""Kepler GK107-450-A2"",""Nvidia"",2012,1024,80,128,1250"
"GeForce GTX 650 Gigabyte OC 1GB Edition,""Kepler GK107-450-A2"",""Nvidia"",2012,1024,80,128,1250"
"GeForce GTX 650 EVGA SC 2GB Edition,""Kepler GK107-450-A2"",""Nvidia"",2012,2048,80,128,1250"
"GeForce GTX 650 Galaxy GC Edition,""Kepler GK107-450-A2"",""Nvidia"",2012,1024,80,128,1250"
"GeForce GTX 650 EVGA SC 1GB Edition,""Kepler GK107-450-A2"",""Nvidia"",2012,1024,80,128,1250"
"GeForce GTX 650 Asus-E 2GB Edition,""Kepler GK107-450-A2"",""Nvidia"",2012,2048,80,128,1250"
"GeForce GTX 650 DirectCU TOP 1GB Edition,""Kepler GK107-450-A2"",""Nvidia"",2012,1024,81.6,128,1275"
"GeForce GTX 650 2GB,""Kepler GK107-450-A2"",""Nvidia"",2012,2048,80,128,1250"
"GeForce GTX 650 Asus-E 1GB Edition,""Kepler GK107-450-A2"",""Nvidia"",2012,2048,80,128,1250"
"GeForce GTX 650 1GB,""Kepler GK107-450-A2"",""Nvidia"",2012,1024,80,128,1250"
"GeForce GT 640 Zotac Zone 2GB Edition,""Kepler GK107-300-A2"",""Nvidia"",2012,2048,28.5,128,891"
"GeForce GT 640 v3 Zotac 1GB Edition,""Kepler GK208-400-A1"",""Nvidia"",2013,1024,40.1,64,1252"
"GeForce GT 640 v3 Zotac 2GB Edition,""Kepler GK208-400-A1"",""Nvidia"",2013,2048,40.1,64,1252"
"GeForce GT 640 v3 Asus Low Profile 1GB Edition,""Kepler GK208-400-A1"",""Nvidia"",2013,1024,40.1,64,1252"
"GeForce GT 640 v2,""Kepler GK107-300-A2"",""Nvidia"",2012,1024,40,64,1250"
"GeForce GT 640 MSI V1 2GB Edition,""Kepler GK107-300-A2"",""Nvidia"",2012,2048,25.9,128,810"
"GeForce GT 640 v3,""Kepler GK208-400-A1"",""Nvidia"",2013,2048,40.1,64,1252"
"GeForce GT 640 Zotac Synergy 2GB Edition,""Kepler GK107-300-A2"",""Nvidia"",2012,2048,25.6,128,800"
"GeForce GTX 645 (OEM),""Kepler GK106"",""Nvidia"",2013,1024,64,128,1000"
"GeForce GT 640 Gigabyte OC 2GB Edition,""Kepler GK107-300-A2"",""Nvidia"",2012,2048,28.8,128,900"
"GeForce GT 640 Galaxy GC 1GB Edition,""Kepler GK107-300-A2"",""Nvidia"",2012,1024,28.5,128,891"
"GeForce GT 640 EVGA 4GB Edition,""Kepler GK107-300-A2"",""Nvidia"",2012,4096,21.3,128,667"
"GeForce GT 640,""Kepler GK107-300-A2"",""Nvidia"",2012,2048,28.5,128,891"
"GeForce GT 640 Asus 2GB Edition,""Kepler GK107-300-A2"",""Nvidia"",2012,2048,28.5,128,891"
"GeForce GT 630 Zotac Synergy 1GB Edition,""Fermi GF108-400-A1"",""Nvidia"",2012,1024,21.3,128,667"
"GeForce GT 630 v3 Zotac Zone 4GB Edition,""Kepler GK208-301-A1"",""Nvidia"",2013,4096,12.8,64,800"
"GeForce GT 635 (OEM),""Kepler GK208-301-A1"",""Nvidia"",2013,2048,16,64,1001"
"GeForce GT 630 v4,""Kepler GK107-301-A2"",""Nvidia"",2012,2048,29,128,905"
"GeForce GT 630 v2,""Fermi GF108-400-A1"",""Nvidia"",2012,1024,51.2,128,800"
"GeForce GT 630 v3 Asus Silent 2GB Edition,""Kepler GK208-301-A1"",""Nvidia"",2013,2048,14.4,64,900"
"GeForce GT 630 Zotac Synergy 2GB Edition,""Fermi GF108-400-A1"",""Nvidia"",2012,2048,21.3,128,667"
"GeForce GT 630 Palit 1GB Edition,""Fermi GF108-400-A1"",""Nvidia"",2012,1024,22.4,128,700"
"GeForce GT 630 MSI 4GB Edition,""Fermi GF108-400-A1"",""Nvidia"",2012,4096,32,128,1000"
"GeForce GT 630 Gigabyte 2GB Edition,""Fermi GF108-400-A1"",""Nvidia"",2012,2048,25.6,128,800"
"GeForce GT 630 v3,""Kepler GK208-301-A1"",""Nvidia"",2013,2048,14.4,64,900"
"GeForce GT 630 Zotac Synergy 4GB Edition,""Fermi GF108-400-A1"",""Nvidia"",2012,4096,17.1,128,533"
"GeForce GT 630 EVGA 1GB Edition,""Fermi GF108-400-A1"",""Nvidia"",2012,1024,25.6,128,800"
"GeForce GT 630 Palit 2GB Edition,""Fermi GF108-400-A1"",""Nvidia"",2012,2048,17.1,128,535"
"GeForce GT 620 Zotac Synergy 2GB Edition,""Fermi GF108-100-KB-A1"",""Nvidia"",2012,2048,8.5,64,533"
"GeForce GT 620 Galaxy 2GB Edition,""Fermi GF108-100-KB-A1"",""Nvidia"",2012,2048,8,64,500"
"GeForce GT 620 v2,""Fermi GF119-300-A1"",""Nvidia"",2012,1024,14.4,64,898"
"GeForce GT 620 PNY PCIe 1GB Edition,""Fermi GF108-100-KB-A1"",""Nvidia"",2012,1024,8.6,64,535"
"GeForce GT 630,""Fermi GF108-400-A1"",""Nvidia"",2012,1024,28.8,128,900"
"GeForce GT 610 MSI Low Profile 2GB Edition,""Fermi GF119-300-A1"",""Nvidia"",2012,2048,8,64,500"
"GeForce GT 610 Zotac 2GB Synergy Edition,""Fermi GF119-300-A1"",""Nvidia"",2012,2048,8.5,64,533"
"GeForce GT 610 Palit 2GB Edition,""Fermi GF119-300-A1"",""Nvidia"",2012,2048,8.6,64,535"
"GeForce GT 620,""Fermi GF108-100-KB-A1"",""Nvidia"",2012,1024,14.4,64,900"
"GeForce GT 610 Gigabyte 2GB Edition,""Fermi GF119-300-A1"",""Nvidia"",2012,2048,10.7,64,667"
"GeForce GT 610 Asus Silent 2GB Edition,""Fermi GF119-300-A1"",""Nvidia"",2012,2048,9.6,64,600"
"GeForce GT 610 v2,""Fermi GF119-B1"",""Nvidia"",2012,1024,8,64,500"
"GeForce 605 512MB,""Fermi GF119-B1"",""Nvidia"",2012,512,14.4,64,898"
"GeForce GT 610,""Fermi GF119-300-A1"",""Nvidia"",2012,1024,14.4,64,900"
"GeForce 605 1GB,""Fermi GF119-B1"",""Nvidia"",2012,1024,14.4,64,898"
"GeForce 3 Ti 200,""NV20"",""Nvidia"",2001,64,3.2,128,200"
"GeForce GTX 285 SLI,""Tesla GT200 B3 (x2)"",""Nvidia"",2008,2048,318,512,1242"
"GeForce GTX 295,""Tesla G200-400-B3 (x2)"",""Nvidia"",2009,1792,223.8,448,999"
"GeForce GTX 285,""Tesla G200-350-B3"",""Nvidia"",2008,1024,159,512,1242"
"GeForce GTX 275,""Tesla G200-105-B3"",""Nvidia"",2009,896,127,448,1134"
"GeForce GTX 295 Asus Mars ROG 4GB Edition,""Tesla G200-400-B3 (x2)"",""Nvidia"",2009,4096,281.6,512,1100"
"GeForce GTX 280,""Tesla G200-302-A2"",""Nvidia"",2009,1024,141.7,512,1107"
"GeForce GTX 275 SLI,""Tesla GT200 B3 (x2)"",""Nvidia"",2009,1792,254,448,1134"
"GeForce 3,""NV20"",""Nvidia"",2001,64,3.7,128,230"
"GeForce GTX 260 v3 Zotac AMP?! 896MB Edition,""Tesla G200-103-B2"",""Nvidia"",2008,896,117.6,448,1050"
"GeForce GTX 260 v3 Palit Sonic Platinum 896MB Edition,""Tesla G200-103-B2"",""Nvidia"",2008,896,123.2,448,1100"
"GeForce GTX 260 v4,""Tesla G200-103-B2"",""Nvidia"",2009,1792,112.9,448,1008"
"GeForce GTX 260 v3 Gainward GS 896MB Edition,""Tesla G200-103-B2"",""Nvidia"",2008,896,123.2,448,1100"
"GeForce GTX 260 v3 MSI OC v4 896MB Edition,""Tesla G200-103-B2"",""Nvidia"",2008,896,117.6,448,1050"
"GeForce GTX 260 v3,""Tesla G200-103-B2"",""Nvidia"",2008,896,111.9,448,999"
"GeForce GTS 250 Zotac ECO 1GB Edition,""Tesla G92-428-B1"",""Nvidia"",2009,1024,64,256,1000"
"GeForce GTX 260,""Tesla G200-100-A2"",""Nvidia"",2008,896,111.9,448,999"
"GeForce GTX 260 v2,""Tesla G200-103-A2"",""Nvidia"",2008,896,111.9,448,999"
"GeForce GTS 250 XFX Core 1GB Edition,""Tesla G92-428-B1"",""Nvidia"",2009,1024,64,256,1000"
"GeForce GTS 250 v2,""Tesla G92-420-A2"",""Nvidia"",2008,512,70.4,256,1100"
"GeForce GTS 250 v2 Gainward Deep Green 512MB Edition,""Tesla G92-420-A2"",""Nvidia"",2008,512,57.6,256,900"
"GeForce GTX 285 3-Way SLI,""Tesla G200-350-B3 (x3)"",""Nvidia"",2008,3072,476.9,512,1242"
"GeForce GTS 250,""Tesla G92-428-B1"",""Nvidia"",2009,1024,70.4,256,1100"
"GeForce GTS 240,""Tesla G92b"",""Nvidia"",2009,1024,70.4,256,1100"
"GeForce GT 220,""Tesla G94"",""Nvidia"",2010,1024,44.8,256,700"
"GeForce GT 230 v2,""Tesla G92b"",""Nvidia"",2009,1536,24,192,500"
"GeForce GT 220 v3,""Tesla GT216-055-A3"",""Nvidia"",2009,512,32,128,1000"
"GeForce GT 220 v2 Galaxy 1GB Edition,""Tesla GT215-450-A2"",""Nvidia"",2009,1024,6.4,128,400"
"GeForce GT 230,""Tesla G94-300-B1"",""Nvidia"",2009,512,57.6,256,900"
"GeForce GT 220 v2 MSI 1GB Edition,""Tesla GT215-450-A2"",""Nvidia"",2009,1024,6.4,128,400"
"GeForce GT 220 v2,""Tesla GT215-450-A2"",""Nvidia"",2009,1024,25.3,128,790"
"GeForce 205,""Tesla GT218-200-B1"",""Nvidia"",2009,512,6.4,64,400"
"GeForce 210 1GB,""Tesla GT218-300-B1"",""Nvidia"",2009,1024,8,64,500"
"GeForce GTX 480 Point of View Edition,""Fermi GF100-375-A3"",""Nvidia"",2010,1536,177.4,384,924"
"GeForce 210,""Tesla GT218-300-B1"",""Nvidia"",2009,512,4,64,500"
"GeForce GTX 480 3-way SLI,""Fermi GF100-375-A3 (x3)"",""Nvidia"",2010,3072,354.8,256,924"
"GeForce GT 240,""Tesla GT215-450-A2"",""Nvidia"",2009,1024,54.4,128,850"
"GeForce GTX 470 SLI,""Fermi GF100-275-A3 (x2)"",""Nvidia"",2010,2560,267.8,320,837"
"GeForce GTX 470 Gigabyte SOC 1.2GB Edition,""Fermi GF100-275-A3"",""Nvidia"",2010,1280,133.9,320,837"
"GeForce GTX 480 MSI Lightning Edition,""Fermi GF100-375-A3"",""Nvidia"",2010,1536,192,384,1000"
"GeForce GTX 480,""Fermi GF100-375-A3"",""Nvidia"",2010,1536,177.4,384,924"
"GeForce GTX 470,""Fermi GF100-275-A3"",""Nvidia"",2010,1280,133.9,320,837"
"GeForce GTX 465 MSI M2 Edition,""Fermi GF100-030-A3"",""Nvidia"",2010,1024,102.7,256,802"
"GeForce GTX 470 Golden Sample Edition,""Fermi GF100-275-A3"",""Nvidia"",2010,1280,136,320,850"
"GeForce GTX 460 v2,""Fermi GF104-300-KB-A1"",""Nvidia"",2011,1024,128.3,256,1002"
"GeForce GTX 465,""Fermi GF100-030-A3"",""Nvidia"",2010,1024,102.7,256,802"
"GeForce GTX 460 SLI,""Fermi GF104-300-KB-A1 (x2)"",""Nvidia"",2010,2048,230.4,256,900"
"GeForce GTX 460 Point of View TGT Beast 1GB Edition,""Fermi GF104-300-KB-A1"",""Nvidia"",2010,1024,128.6,256,1005"
"GeForce GTX 460 SE,""Fermi GF104-300-KB-A1"",""Nvidia"",2010,1024,108.8,256,850"
"GeForce GTX 460 MSI OC v1 1GB Edition,""Fermi GF104-300-KB-A1"",""Nvidia"",2010,1024,115.2,256,900"
"GeForce GTX 460 Palit Sonic 1GB Edition,""Fermi GF104-300-KB-A1"",""Nvidia"",2010,1024,115.2,256,900"
"GeForce GTX 460 MSI Hawk v2 1GB Edition,""Fermi GF104-300-KB-A1"",""Nvidia"",2010,1024,124.8,256,975"
"GeForce GTX 460 PNY 1GB OC Edition,""Fermi GF104-300-KB-A1"",""Nvidia"",2010,1024,118.4,256,925"
"GeForce GTX 460 MSI OC v2 1GB Edition,""Fermi GF104-300-KB-A1"",""Nvidia"",2010,1024,115.2,256,900"
"GeForce GTX 460 MSI Hawk v1 1GB Edition,""Fermi GF104-300-KB-A1"",""Nvidia"",2010,1024,115.2,256,900"
"GeForce GTX 460 Gainward Golden Sample 2GB Edition,""Fermi GF104-300-KB-A1"",""Nvidia"",2010,2048,115.2,256,900"
"GeForce GTX 460 Gigabyte OC 1GB Edition,""Fermi GF104-300-KB-A1"",""Nvidia"",2010,1024,115.2,256,900"
"GeForce GTX 460 Gainward GS 1GB Edition,""Fermi GF104-300-KB-A1"",""Nvidia"",2010,1024,115.2,256,900"
"GeForce GTX 460 Asus DirectCU TOP 1GB Edition,""Fermi GF104-300-KB-A1"",""Nvidia"",2010,1024,128,256,1000"
"GeForce GTX 460 EVGA Superclocked 1GB Edition,""Fermi GF104-300-KB-A1"",""Nvidia"",2010,1024,115.2,256,900"
"GeForce GTX 460 Asus DirectCU II 1GB Edition,""Fermi GF104-300-KB-A1"",""Nvidia"",2010,1024,115.2,256,900"
"GeForce GTS 450 v4 Point of View 1GB Edition,""Fermi GF106-250-KA-A1"",""Nvidia"",2012,1024,17.1,128,533"
"GeForce GTX 460 768MB,""Fermi GF104-300-KD-A1"",""Nvidia"",2010,768,86.4,192,900"
"GeForce GTS 450 v4 Gainward 1GB Edition,""Fermi GF106-250-KA-A1"",""Nvidia"",2012,1024,22.4,128,700"
"GeForce GTS 450 v4 Asus DirectCU Silent 1GB Edition,""Fermi GF106-250-KA-A1"",""Nvidia"",2012,1024,25.6,128,800"
"GeForce GTS 450 v4 Palit 1GB Edition,""Fermi GF106-250-KA-A1"",""Nvidia"",2012,1024,22.4,128,700"
"GeForce GTS 450 v4,""Fermi GF116-250-KA-A1"",""Nvidia"",2012,1024,22.4,128,700"
"GeForce GTS 450 v4 Asus 1GB Edition,""Fermi GF106-250-KA-A1"",""Nvidia"",2012,1024,25.6,128,800"
"GeForce GTS 450 v2,""Fermi GF106-250-KB-A1"",""Nvidia"",2010,1536,86.6,192,902"
"GeForce GTS 450 v3,""Fermi GF116-200-KA-A1"",""Nvidia"",2011,2048,57.7,128,902"
"GeForce GTS 450 Palit Sonic Platinum 1GB Edition,""Fermi GF106-250-KA-A1"",""Nvidia"",2010,1024,64,128,1000"
"GeForce GTS 450 Point of View 1GB Edition,""Fermi GF106-250-KA-A1"",""Nvidia"",2010,1024,57.7,128,902"
"GeForce GTS 450 PNY XLR8 Performance 1GB Edition,""Fermi GF106-250-KA-A1"",""Nvidia"",2010,1024,57.7,128,902"
"GeForce GTS 450 MSI Cyclone 1GB Edition,""Fermi GF106-250-KA-A1"",""Nvidia"",2010,1024,62.7,128,980"
"GeForce GTS 450 Gigabyte OC 1GB Edition,""Fermi GF106-250-KA-A1"",""Nvidia"",2010,1024,57.7,128,902"
"GeForce GTS 450 Galaxy GC 1GB Edition,""Fermi GF106-250-KA-A1"",""Nvidia"",2010,1024,59.1,128,924"
"GeForce GTS 450 Gainward 1GB Edition,""Fermi GF106-250-KA-A1"",""Nvidia"",2010,1024,57.7,128,902"
"GeForce GTS 450 EVGA FTW 1GB Edition,""Fermi GF106-250-KA-A1"",""Nvidia"",2010,1024,65.7,128,1026"
"GeForce GTS 450 EVGA SuperClocked 1GB Edition,""Fermi GF106-250-KA-A1"",""Nvidia"",2010,1024,60.8,128,950"
"GeForce GTS 450 EVGA 1GB Edition,""Fermi GF106-250-KA-A1"",""Nvidia"",2010,1024,57.7,128,902"
"GeForce GTS 450 Asus DirectCU 1GB Edition,""Fermi GF106-250-KA-A1"",""Nvidia"",2010,1024,57.7,128,902"
"GeForce GTS 450 Asus DirectCU OC 1GB Edition,""Fermi GF106-250-KA-A1"",""Nvidia"",2010,1024,60.8,128,950"
"GeForce GT 440 Zotac 1GB Edition,""Fermi GF108-400-A1"",""Nvidia"",2011,1024,51.2,128,800"
"GeForce GTS 450,""Fermi GF106-250-KA-A1"",""Nvidia"",2010,1024,57.7,128,902"
"GeForce GTS 450 Asus DirectCU TOP 1GB Edition,""Fermi GF106-250-KA-A1"",""Nvidia"",2010,1024,64,128,1000"
"GeForce GT 440 v2 Inno3D 2GB Edition,""Fermi GF108-400-A1"",""Nvidia"",2011,1024,21.3,128,667"
"GeForce GT 440 v3,""Fermi GF106"",""Nvidia"",2010,1536,43.2,192,900"
"GeForce GT 440 v2 Gigabyte OC 1GB Edition,""Fermi GF108-400-A1"",""Nvidia"",2011,1024,28.8,128,900"
"GeForce GT 440 v2 Zotac Synergy 2GB Edition,""Fermi GF108-400-A1"",""Nvidia"",2011,1024,21.3,128,667"
"GeForce GT 440 Palit 1GB Edition,""Fermi GF108-400-A1"",""Nvidia"",2011,1024,51.2,128,800"
"GeForce GT 440 Gigabyte Turbo Cache 1GB Edition,""Fermi GF108-400-A1"",""Nvidia"",2011,1024,51.2,128,800"
"GeForce GTX 460,""Fermi GF104-300-KB-A1"",""Nvidia"",2010,1024,115.2,256,900"
"GeForce GT 440 Gainward 1GB Edition,""Fermi GF108-400-A1"",""Nvidia"",2011,1024,51.2,128,800"
"GeForce GT 440 Asus 1GB Edition,""Fermi GF108-400-A1"",""Nvidia"",2011,1024,51.2,128,800"
"GeForce GT 440 v2,""Fermi GF108-400-A1"",""Nvidia"",2011,1024,28.8,128,900"
"GeForce GT 440,""Fermi GF108-400-A1"",""Nvidia"",2011,512,51.2,128,800"
"GeForce GT 430 Zotac Synergy 2GB Edition,""Fermi GF108-300-A1"",""Nvidia"",2010,2048,21.3,128,667"
"GeForce GT 430 Zotac Synergy 4GB Edition,""Fermi GF108-300-A1"",""Nvidia"",2010,4096,17.1,128,533"
"GeForce GT 430 v2,""Fermi GF108-400-A1"",""Nvidia"",2010,2048,28.8,128,900"
"GeForce GT 430 MSI OC 2GB Edition,""Fermi GF108-300-A1"",""Nvidia"",2010,1024,21.3,128,667"
"GeForce GT 430 MSI Low Profile Single Fan OC 1GB Edition,""Fermi GF108-300-A1"",""Nvidia"",2010,1024,29.6,128,925"
"GeForce GT 430 MSI Low Profile Dual Fan OC 1GB Edition,""Fermi GF108-300-A1"",""Nvidia"",2010,1024,32,128,1000"
"GeForce GT 430 Gainward 1GB Edition,""Fermi GF108-300-A1"",""Nvidia"",2010,1024,25.6,128,800"
"GeForce GT 430 Inno3D 4GB Edition,""Fermi GF108-300-A1"",""Nvidia"",2010,4096,21.3,128,667"
"GeForce GT 430 Gigabyte OC 1GB Edition,""Fermi GF108-300-A1"",""Nvidia"",2010,1024,28.8,128,900"
"GeForce GT 430 EVGA 1GB Edition,""Fermi GF108-300-A1"",""Nvidia"",2010,1024,25.6,128,800"
"GeForce GT 430 AXLE 2GB Edition,""Fermi GF108-300-A1"",""Nvidia"",2011,2048,16,128,500"
"GeForce 405,""Tesla GT218"",""Nvidia"",2011,1024,12.6,64,790"
"GeForce GT 420,""Fermi GF108-200-A1"",""Nvidia"",2010,2048,28.8,128,900"
"GeForce GT 420 Gigabyte Rev. 3.0 2GB Edition,""Fermi GF108-200-A1"",""Nvidia"",2010,2048,25.6,128,800"
"GeForce GT 430,""Fermi GF108-300-A1"",""Nvidia"",2010,1024,28.8,128,900"
"GeForce GTX 590 EVGA Classified Hydro Copper Edition,""Fermi GF110-351-A1"",""Nvidia"",2011,3072,331.8,384,864"
"GeForce GTX 590 Mars II Asus Edition,""Fermi GF110"",""Nvidia"",2011,3072,384.8,384,1002"
"GeForce GTX 590 SLI,""Fermi GF110-351-A1 (x2)"",""Nvidia"",2011,6144,655.9,384,854"
"GeForce GTX 590,""Fermi GF110-351-A1"",""Nvidia"",2011,3072,327.9,384,854"
"GeForce GTX 590 EVGA Classified Edition,""Fermi GF110-351-A1"",""Nvidia"",2011,3072,331.8,384,864"
"GeForce GTX 580 Zotac AMP! Edition,""Fermi GF110-375-A1"",""Nvidia"",2011,1536,196.8,384,1025"
"GeForce GTX 580 Twin Frozr II OC Edition,""Fermi GF110-375-A1"",""Nvidia"",2011,1536,196.6,384,1024"
"GeForce GTX 580 SLI,""Fermi GF110-375-A1 (x2)"",""Nvidia"",2010,3072,384.8,384,1002"
"GeForce GTX 580 Palit Dual Fan 3GB Edition,""Fermi GF110-375-A1"",""Nvidia"",2011,3072,193,384,1005"
"GeForce GTX 580 Lightning Xtreme Edition,""Fermi GF110-375-A1"",""Nvidia"",2011,3072,201.6,384,1050"
"GeForce GTX 580 Gigabyte UD rev 1.0 Edition,""Fermi GF110-375-A1"",""Nvidia"",2011,1536,192.4,384,1002"
"GeForce GTX 580 Galaxy Edition,""Fermi GF110-375-A1"",""Nvidia"",2010,1536,192.4,384,1002"
"GeForce GTX 580 Gainward Phantom 3GB,""Fermi GF110-375-A1"",""Nvidia"",2010,3072,193,384,1005"
"GeForce GTX 580 Gainward GOOD Edition,""Fermi GF110-375-A1"",""Nvidia"",2011,1536,193,384,1005"
"GeForce GTX 580 EVGA Superclocked Edition,""Fermi GF110-375-A1"",""Nvidia"",2011,1536,194.5,384,1013"
"GeForce GTX 580 EVGA FTW Hydro Copper 2 1.5GB Edition,""Fermi GF110-375-A1"",""Nvidia"",2011,1536,201.4,384,1049"
"GeForce GTX 580 EVGA CoD Black Ops 1.5GB Edition,""Fermi GF110-375-A1"",""Nvidia"",2010,1536,194.5,384,1013"
"GeForce GTX 580 Asus DirectCU II Edition,""Fermi GF110-375-A1"",""Nvidia"",2011,1536,192.4,384,1002"
"GeForce GTX 580 CUHC 3GB,""Fermi GF110-375-A1"",""Nvidia"",2010,3072,202.2,384,1053"
"GeForce GTX 580 EVGA DS Superclocked 1.5GB Edition,""Fermi GF110-375-A1"",""Nvidia"",2011,1536,194.5,384,1013"
"GeForce GTX 580 Asus Matrix Edition,""Fermi GF110-375-A1"",""Nvidia"",2011,1536,192.4,384,1002"
"GeForce GTX 580 EVGA Classified Ultra 3GB Edition,""Fermi GF110-375-A1"",""Nvidia"",2011,3072,202.2,384,1053"
"GeForce GTX 580,""Fermi GF110-375-A1"",""Nvidia"",2010,1536,192.4,384,1002"
"GeForce GTX 570 Sonic Edition,""Fermi GF110-275-A1"",""Nvidia"",2011,1280,156,320,975"
"GeForce GTX 580 EVGA 3GB Edition,""Fermi GF110-375-A1"",""Nvidia"",2011,3072,192.4,384,1002"
"GeForce GTX 570 SP Edition,""Fermi GF110-275-A1"",""Nvidia"",2010,1280,160,320,1000"
"GeForce GTX 570 SLI,""Fermi GF110-275-A1 (x2)"",""Nvidia"",2010,2560,304,320,950"
"GeForce GTX 570 MSI Power Edition,""Fermi GF110-275-A1"",""Nvidia"",2011,1280,152,320,950"
"GeForce GTX 570 MSI OC Power Edition,""Fermi GF110-275-A1"",""Nvidia"",2011,1280,160,320,1000"
"GeForce GTX 570 GS-GLH Edition,""Fermi GF110-275-A1"",""Nvidia"",2010,1280,160,320,1000"
"GeForce GTX 570 Gigabyte SO Edition,""Fermi GF110-275-A1"",""Nvidia"",2011,1280,152,320,950"
"GeForce GTX 570 Gigabyte Edition,""Fermi GF110-275-A1"",""Nvidia"",2011,1280,152,320,950"
"GeForce GTX 570 EVGA SC Edition,""Fermi GF110-275-A1"",""Nvidia"",2010,1280,156,320,975"
"GeForce GTX 570 Gainward Phantom Edition,""Fermi GF110-275-A1"",""Nvidia"",2011,1280,156,320,975"
"GeForce GTX 570 Direct CU II Edition,""Fermi GF110-275-A1"",""Nvidia"",2011,1280,152,320,950"
"GeForce GTX 570 Gainward Golden Sample 1.2GB Edition,""Fermi GF110-275-A1"",""Nvidia"",2010,1280,156,320,975"
"GeForce GTX 570,""Fermi GF110-275-A1"",""Nvidia"",2010,1280,152,320,950"
"GeForce GTX 560 Zotac AMP! 1GB Edition,""Fermi GF114-325-A1"",""Nvidia"",2011,1024,140.8,256,1100"
"GeForce GTX 560 Zotac 1GB Edition,""Fermi GF114-325-A1"",""Nvidia"",2011,1024,128.3,256,1002"
"GeForce GTX 570 EVGA HD 2.5GB Edition,""Fermi GF110-275-A1"",""Nvidia"",2011,2560,152,320,950"
"GeForce GTX 560 Ti Zotac OC Edition,""Fermi GF114-400-A1"",""Nvidia"",2011,1024,128.3,256,1002"
"GeForce GTX 560 Ti Zotac AMP! 1GB Edition,""Fermi GF114-400-A1"",""Nvidia"",2011,1024,140.8,256,1100"
"GeForce GTX 560 Ti Twin Frozr II/OC 2GB,""Fermi GF114-400-A1"",""Nvidia"",2011,2048,192.3,256,1502"
"GeForce GTX 560 Ti Twin Frozr II 2GB,""Fermi GF114-400-A1"",""Nvidia"",2011,2048,128.3,256,1002"
"GeForce GTX 560 Ti Superclocked Edition,""Fermi GF114-400-A1"",""Nvidia"",2011,1024,134.8,256,1053"
"GeForce GTX 560 Ti Sonic 1GB Edition,""Fermi GF114-400-A1"",""Nvidia"",2012,1024,134.4,256,1050"
"GeForce GTX 560 Ti SLI,""Fermi GF114-400-A1 (x2)"",""Nvidia"",2011,2048,256.5,256,1002"
"GeForce GTX 560 Ti Inno3D OC Edition,""Fermi GF114-400-A1"",""Nvidia"",2011,1024,131.2,256,1025"
"GeForce GTX 560 Ti Twin Frozr II OC Edition,""Fermi GF114-400-A1"",""Nvidia"",2011,1024,134.4,256,1050"
"GeForce GTX 560 Ti Phantom 1GB Edition,""Fermi GF114-400-A1"",""Nvidia"",2011,1024,131.2,256,1025"
"GeForce GTX 560 Ti PNY OC2 1GB,""Fermi GF114-400-A1"",""Nvidia"",2011,1024,134.8,256,1053"
"GeForce GTX 560 Ti Hawk Edition,""Fermi GF114-400-A1"",""Nvidia"",2011,1024,134.4,256,1050"
"GeForce GTX 560 Ti Gigabyte OC 1GB Edition,""Fermi GF114-400-A1"",""Nvidia"",2011,1024,128,256,1000"
"GeForce GTX 560 Ti Golden Sample Edition,""Fermi GF114-400-A1"",""Nvidia"",2011,1024,134.4,256,1050"
"GeForce GTX 560 Ti EVGA 2GB Edition,""Fermi GF114-400-A1"",""Nvidia"",2011,2048,128.3,256,1002"
"GeForce GTX 560 Ti Superclocked DS Edition,""Fermi GF114-400-A1"",""Nvidia"",2011,1024,134.8,256,1053"
"GeForce GTX 560 Ti DirectCUII TOP 2GB,""Fermi GF114-400-A1"",""Nvidia"",2011,2048,128.3,256,1002"
"GeForce GTX 560 Ti SOC Edition,""Fermi GF114-400-A1"",""Nvidia"",2011,1024,146.6,256,1145"
"GeForce GTX 560 Ti DirectCUII TOP 1GB,""Fermi GF114-400-A1"",""Nvidia"",2011,1024,134.4,256,1050"
"GeForce GTX 560 Ti Gainward Phantom 2GB Edition,""Fermi GF114-400-A1"",""Nvidia"",2011,2048,128.3,256,1002"
"GeForce GTX 560 Ti DirectCUII 1GB,""Fermi GF114-400-A1"",""Nvidia"",2011,1024,128,256,1000"
"GeForce GTX 560 Ti DirectCUII 2GB,""Fermi GF114-400-A1"",""Nvidia"",2011,2048,128.3,256,1002"
"GeForce GTX 560 Ti Crysis 2 Maximum Edition,""Fermi GF114-400-A1"",""Nvidia"",2011,1024,134.8,256,1053"
"GeForce GTX 560 Ti AMP,""Fermi GF114-400-A1"",""Nvidia"",2011,1024,140.8,256,1100"
"GeForce GTX 560 Sparkle Calibe DF 1GB Edition,""Fermi GF114-325-A1"",""Nvidia"",2011,1024,143.6,256,1122"
"GeForce GTX 560 Ti,""Fermi GF114-400-A1"",""Nvidia"",2011,1024,128.3,256,1002"
"GeForce GTX 560 Ti 448 Edition,""Fermi GF110-270-A1"",""Nvidia"",2011,1280,121.6,256,950"
"GeForce GTX 560 SE (OEM),""Fermi GF114-200-KB-A1"",""Nvidia"",2012,1024,91.9,192,957"
"GeForce GTX 560 Ti 448 MSI Twin Frozr III Power OC 1.2GB Edition,""Fermi GF110-270-A1"",""Nvidia"",2011,1280,124.8,256,975"
"GeForce GTX 560 Gigabyte WindForce 2X Rev 3.0 1GB Edition,""Fermi GF114-325-A1"",""Nvidia"",2011,1024,128.3,256,1002"
"GeForce GTX 560 Palit 2GB Edition,""Fermi GF114-325-A1"",""Nvidia"",2011,2048,128.3,256,1002"
"GeForce GTX 560 MSI TwinFrozr II OC 1GB Edition,""Fermi GF114-325-A1"",""Nvidia"",2011,1024,130.6,256,1020"
"GeForce GTX 560 Gigabyte WindForce 2X Rev 2.0 1GB Edition,""Fermi GF114-325-A1"",""Nvidia"",2011,1024,128.3,256,1002"
"GeForce GTX 560 Gigabyte WindForce 2X Rev 1.0 1GB Edition,""Fermi GF114-325-A1"",""Nvidia"",2011,1024,128.3,256,1002"
"GeForce GTX 560 Galaxy GC 2GB Edition,""Fermi GF114-325-A1"",""Nvidia"",2011,2048,128.3,256,1002"
"GeForce GTX 560 SLI,""Fermi GF114-325-A1 (x2)"",""Nvidia"",2011,2048,256.3,256,1001"
"GeForce GTX 560 EVGA Superclocked 2GB Edition,""Fermi GF114-325-A1"",""Nvidia"",2011,2048,131.3,256,1026"
"GeForce GTX 560 Gainward Phantom 1GB Edition,""Fermi GF114-325-A1"",""Nvidia"",2011,1024,129.3,256,1010"
"GeForce GTX 560 EVGA FTW+ 1GB Edition,""Fermi GF114-325-A1"",""Nvidia"",2011,1024,137.9,256,1077"
"GeForce GTX 560 EVGA Superclocked 1GB Edition,""Fermi GF114-325-A1"",""Nvidia"",2011,1024,131.3,256,1026"
"GeForce GTX 560 EVGA DS SSC 1GB Edition,""Fermi GF114-325-A1"",""Nvidia"",2011,1024,133.1,256,1040"
"GeForce GTX 560 Club3D CoolStream Super OC 1GB Edition,""Fermi GF114-325-A1"",""Nvidia"",2011,1024,131.3,256,1026"
"GeForce GTX 560 Asus DirectCU II TOP 1GB Edition,""Fermi GF114-325-A1"",""Nvidia"",2011,1024,134.4,256,1050"
"GeForce GTX 560 EVGA 1GB Edition,""Fermi GF114-325-A1"",""Nvidia"",2011,1024,128.3,256,1002"
"GeForce GTX 560 Asus DirectCU II OC 1GB Edition,""Fermi GF114-325-A1"",""Nvidia"",2011,1024,134.4,256,1050"
"GeForce GTX 560 (OEM),""Fermi GF110"",""Nvidia"",2011,1280,128.3,320,802"
"GeForce GTX 560 ECS Black 1GB Edition,""Fermi GF114-325-A1"",""Nvidia"",2011,1024,128.3,256,1002"
"GeForce GTX 560 Asus DirectCU 1GB Edition,""Fermi GF114-325-A1"",""Nvidia"",2011,1024,128.3,256,1002"
"GeForce GTX 560 Gainward Golden Sample 1GB Edition,""Fermi GF114-325-A1"",""Nvidia"",2011,1024,129.3,256,1010"
"GeForce GTX 555 (OEM),""Fermi GF114-200-KB-A1"",""Nvidia"",2012,1024,91.9,192,957"
"GeForce GTX 560,""Fermi GF114-325-A1"",""Nvidia"",2011,1024,128.1,256,1001"
"GeForce GTX 550 Ti Zotac AMP! Edition,""Fermi GF116-400-A1"",""Nvidia"",2011,1024,105.6,192,1100"
"GeForce GTX 550 Ti WindForce Edition,""Fermi GF116-400-A1"",""Nvidia"",2011,1024,98.4,192,1025"
"GeForce GTX 550 Ti SLI,""Fermi GF116-400-A1 (x2)"",""Nvidia"",2011,2048,196.8,192,1025"
"GeForce GTX 550 Ti Zotac Edition,""Fermi GF116-400-A1"",""Nvidia"",2011,1024,98.4,192,1025"
"GeForce GTX 550 Ti Palit Edition,""Fermi GF116-400-A1"",""Nvidia"",2011,1024,98.4,192,1025"
"GeForce GTX 550 Ti M2D1 OC Edition,""Fermi GF116-400-A1"",""Nvidia"",2011,1024,103.2,192,1075"
"GeForce GTX 550 Ti DirectCU TOP Edition,""Fermi GF116-400-A1"",""Nvidia"",2011,1024,98.5,192,1026"
"GeForce GTX 550 Ti Sonic Edition,""Fermi GF116-400-A1"",""Nvidia"",2011,1024,105.6,192,1100"
"GeForce GTX 550 Ti Gigabyte OC Edition,""Fermi GF116-400-A1"",""Nvidia"",2011,1024,100.8,192,1050"
"GeForce GTX 550 Ti FPB,""Fermi GF116-400-A1"",""Nvidia"",2011,1024,104.5,192,1089"
"GeForce GTX 550 Ti Gainward Edition,""Fermi GF116-400-A1"",""Nvidia"",2011,1024,98.4,192,1025"
"GeForce GTX 550 Ti EVGA SC Edition,""Fermi GF116-400-A1"",""Nvidia"",2011,1024,108.3,192,1128"
"GeForce GTX 550 Ti DirectCU Edition,""Fermi GF116-400-A1"",""Nvidia"",2011,1024,98.5,192,1026"
"GeForce GTX 550 Ti Golden Sample Edition,""Fermi GF116-400-A1"",""Nvidia"",2011,1024,105.6,192,1100"
"GeForce GTX 550 Ti EVGA 2GB Edition,""Fermi GF116-400-A1"",""Nvidia"",2011,2048,96.2,192,1002"
"GeForce GTX 550 Ti Cyclone II OC Edition,""Fermi GF116-400-A1"",""Nvidia"",2011,1024,103.2,192,1075"
"GeForce GTX 550 Ti Asus M2D1 Edition,""Fermi GF116-400-A1"",""Nvidia"",2011,1024,98.4,192,1025"
"GeForce GTX 550 Ti Asus Edition SLI,""Fermi GF116-400-A1 (x2)"",""Nvidia"",2011,2048,196.8,192,1025"
"GeForce GTX 550 Ti Asus Edition,""Fermi GF116-400-A1"",""Nvidia"",2011,1024,98.5,192,1026"
"GeForce GTX 550 Ti,""Fermi GF116-400-A1"",""Nvidia"",2011,1024,98.4,192,1025"
"GeForce GT 545 3GB,""Fermi GF116-400-A1"",""Nvidia"",2011,3072,38.4,192,800"
"GeForce GT 545 1.5GB,""Fermi GF116-400-A1"",""Nvidia"",2011,1536,38.4,192,800"
"GeForce GT 520 Zotac Synergy 1GB Edition,""Fermi GF119-300-A1"",""Nvidia"",2011,1024,8.5,64,533"
"GeForce GT 545 (OEM),""Fermi GF116-400-KD-A1"",""Nvidia"",2011,1024,63.9,128,999"
"GeForce GT 520 v4,""Fermi GF119-300-A1"",""Nvidia"",2012,1024,8,64,500"
"GeForce GT 520 v3,""Fermi GF108-200-A1"",""Nvidia"",2012,2048,14.4,64,898"
"GeForce GT 520 Gigabyte 1GB Edition,""Fermi GF119-300-A1"",""Nvidia"",2011,1024,10.7,64,667"
"GeForce GT 530,""Fermi GF108-300-A1"",""Nvidia"",2011,1024,28.8,128,900"
"GeForce GT 520 v2,""Fermi GF108-200-A1"",""Nvidia"",2012,1024,10.7,64,667"
"GeForce GT 520,""Fermi GF119-300-A1"",""Nvidia"",2011,1024,14.4,64,900"
"GeForce GT 520 Asus Silent Low Profile 2GB Edition,""Fermi GF119-300-A1"",""Nvidia"",2013,2048,9.6,64,600"
"GeForce GTX 980 Zotac AMP! Omega 4GB Edition,""Maxwell GM204-400-A1"",""Nvidia"",2014,4096,230.4,256,1800"
"GeForce GT 520 Asus Silent Low Profile 1GB Edition,""Fermi GF119-300-A1"",""Nvidia"",2013,1024,9.6,64,600"
"GeForce GTX 980 Zotac AMP! Extreme 4GB Edition SLI,""Maxwell GM204-400-A1 (x2)"",""Nvidia"",2014,8192,460.8,256,1800"
"GeForce GT 520 Gainward SilentFX 1GB Edition,""Fermi GF119-300-A1"",""Nvidia"",2013,1024,8.6,64,535"
"GeForce GTX 980 Zotac AMP! Extreme 4GB Edition,""Maxwell GM204-400-A1"",""Nvidia"",2014,4096,230.4,256,1800"
"GeForce GTX 980 Zotac 4GB Edition,""Maxwell GM204-400-A1"",""Nvidia"",2014,4096,224.4,256,1753"
"GeForce GTX 980 Zotac AMP! 4GB Edition,""Maxwell GM204-400-A1"",""Nvidia"",2014,4096,224.4,256,1753"
"GeForce 510,""Fermi GF119-200-A1"",""Nvidia"",2011,1024,14.4,64,898"
"GeForce GTX 980 Ti Zotac ArcticStorm 6GB Edition,""Maxwell GM200-310-A1"",""Nvidia"",2015,6144,336.6,384,1753"
"GeForce GTX 980 Ti Zotac AMP! 6GB Edition,""Maxwell GM200-310-A1"",""Nvidia"",2015,6144,336.6,384,1753"
"GeForce GTX 980 Ti Zotac AMP! Extreme 6GB Edition SLI,""Maxwell GM200-310-A1 (x2)"",""Nvidia"",2015,12288,692.4,384,1803"
"GeForce GTX 980 Ti Zotac AMP! Extreme 6GB Edition,""Maxwell GM200-310-A1"",""Nvidia"",2015,6144,346.2,384,1803"
"GeForce GTX 980 Ti Zotac 6GB Edition,""Maxwell GM200-310-A1"",""Nvidia"",2015,6144,336.6,384,1753"
"GeForce GTX 980 Ti PNY XLR8 OC 6GB Edition,""Maxwell GM200-310-A1"",""Nvidia"",2015,6144,336.6,384,1753"
"GeForce GTX 980 Ti Palit Super JetStream 6GB Edition,""Maxwell GM200-310-A1"",""Nvidia"",2015,6144,336.6,384,1753"
"GeForce GTX 980 Ti Palit JetStream 6GB Edition,""Maxwell GM200-310-A1"",""Nvidia"",2015,6144,336.6,384,1753"
"GeForce GTX 980 Ti Palit 6GB Edition,""Maxwell GM200-310-A1"",""Nvidia"",2015,6144,336.6,384,1753"
"GeForce GTX 980 Ti MSI Gaming Golden 6GB Edition,""Maxwell GM200-310-A1"",""Nvidia"",2015,6144,340.6,384,1774"
"GeForce GTX 980 Ti MSI Sea Hawk 6GB Edition,""Maxwell GM200-310-A1"",""Nvidia"",2015,6144,340.6,384,1774"
"GeForce GTX 980 Ti MSI 6GB Edition,""Maxwell GM200-310-A1"",""Nvidia"",2015,6144,336.6,384,1753"
"GeForce GTX 980 Ti MSI Gaming 6GB Edition SLI,""Maxwell GM200-310-A1 (x2)"",""Nvidia"",2015,12288,681.6,384,1775"
"GeForce GTX 980 Ti MSI Lightning 6GB Edition,""Maxwell GM200-310-A1"",""Nvidia"",2015,6144,340.6,384,1774"
"GeForce GTX 980 Ti MSI Armor 2X OC 6GB Edition,""Maxwell GM200-310-A1"",""Nvidia"",2015,6144,336.6,384,1753"
"GeForce GTX 980 Ti Inno3D iChill X4 Ultra 6GB Edition,""Maxwell GM200-310-A1"",""Nvidia"",2015,6144,345.6,384,1800"
"GeForce GTX 980 Ti Inno3D iChill X3 Ultra 6GB Edition,""Maxwell GM200-310-A1"",""Nvidia"",2015,6144,345.6,384,1800"
"GeForce GTX 980 Ti Gigabyte XTREME Water 6GB Edition,""Maxwell GM200-310-A1"",""Nvidia"",2015,6144,345.6,384,1800"
"GeForce GTX 980 Ti MSI Gaming 6GB Edition,""Maxwell GM200-310-A1"",""Nvidia"",2015,6144,340.8,384,1775"
"GeForce GTX 980 Ti Inno3D iChill Black 6GB Edition,""Maxwell GM200-310-A1"",""Nvidia"",2015,6144,349.4,384,1820"
"GeForce GTX 980 Ti Gigabyte XTREME 6GB Edition,""Maxwell GM200-310-A1"",""Nvidia"",2015,6144,345.6,384,1800"
"GeForce GTX 980 Ti Gigabyte G1 Gaming 6GB Edition,""Maxwell GM200-310-A1"",""Nvidia"",2015,6144,336.6,384,1753"
"GeForce GTX 980 Ti Gigabyte 6GB Edition,""Maxwell GM200-310-A1"",""Nvidia"",2015,6144,336.6,384,1753"
"GeForce GTX 980 Ti Gigabyte WindForce 3X OC 6GB Edition,""Maxwell GM200-310-A1"",""Nvidia"",2015,6144,336.6,384,1753"
"GeForce GTX 980 Ti Gigabyte G1 Gaming 6GB Edition SLI,""Maxwell GM200-310-A1 (x2)"",""Nvidia"",2015,12288,673.2,384,1753"
"GeForce GTX 980 Ti Galax HOF WaterCooled 6GB Edition,""Maxwell GM200-310-A1"",""Nvidia"",2015,6144,336.6,384,1753"
"GeForce GTX 980 Ti Gigabyte 6GB Edition SLI,""Maxwell GM200-310-A1 (x2)"",""Nvidia"",2015,12288,673.2,384,1753"
"GeForce GTX 980 Ti EVGA Superclocked+ ACX 2.0+ 6GB Edition,""Maxwell GM200-310-A1"",""Nvidia"",2015,6144,336.6,384,1753"
"GeForce GTX 980 Ti Galax HOF 6GB Edition,""Maxwell GM200-310-A1"",""Nvidia"",2015,6144,336.6,384,1753"
"GeForce GTX 980 Ti EVGA Superclocked ACX 2.0+ 6GB Edition SLI,""Maxwell GM200-310-A1 (x2)"",""Nvidia"",2015,12288,673.2,384,1753"
"GeForce GTX 980 Ti EVGA Superclocked ACX 2.0+ 6GB Edition,""Maxwell GM200-310-A1"",""Nvidia"",2015,6144,336.6,384,1753"
"GeForce GTX 980 Ti EVGA Superclocked 6GB Edition,""Maxwell GM200-310-A1"",""Nvidia"",2015,6144,336.6,384,1753"
"GeForce GTX 980 Ti EVGA Hydro Copper 6GB Edition,""Maxwell GM200-310-A1"",""Nvidia"",2015,6144,336.6,384,1753"
"GeForce GTX 980 Ti EVGA Classified ACX 2.0+ 6GB Edition SLI,""Maxwell GM200-310-A1 (x2)"",""Nvidia"",2015,12288,673.2,384,1753"
"GeForce GTX 980 Ti Galax HOF LN2 6GB Edition,""Maxwell GM200-310-A1"",""Nvidia"",2015,6144,336.6,384,1753"
"GeForce GTX 980 Ti EVGA Kingpin 6GB Edition,""Maxwell GM200-310-A1"",""Nvidia"",2015,6144,340.6,384,1774"
"GeForce GTX 980 Ti EVGA Hybrid 6GB Edition,""Maxwell GM200-310-A1"",""Nvidia"",2015,6144,336.6,384,1753"
"GeForce GTX 980 Ti EVGA FTW ACX 2.0+ 6GB Edition,""Maxwell GM200-310-A1"",""Nvidia"",2015,6144,336.6,384,1753"
"GeForce GTX 980 Ti EVGA ACX 2.0+ 6GB Edition,""Maxwell GM200-310-A1"",""Nvidia"",2015,6144,336.6,384,1753"
"GeForce GTX 980 Ti Asus DirectCU III OC Strix Gaming 6GB Edition,""Maxwell GM200-310-A1"",""Nvidia"",2015,6144,345.6,384,1800"
"GeForce GTX 980 Ti EVGA Classified ACX 2.0+ 6GB Edition,""Maxwell GM200-310-A1"",""Nvidia"",2015,6144,336.6,384,1753"
"GeForce GTX 980 Ti EVGA 6GB Edition,""Maxwell GM200-310-A1"",""Nvidia"",2015,6144,336.6,384,1753"
"GeForce GTX 980 Ti Asus 6GB Edition,""Maxwell GM200-310-A1"",""Nvidia"",2015,6144,336.6,384,1753"
"GeForce GTX 980 Point of View 4GB Edition,""Maxwell GM204-400-A1"",""Nvidia"",2014,4096,224.4,256,1753"
"GeForce GTX 980 Ti Asus DirectCU III OC Strix Gaming 6GB SLI,""Maxwell GM200-310-A1 (x2)"",""Nvidia"",2015,12288,691.2,384,1800"
"GeForce GTX 980 Ti 6GB SLI,""Maxwell GM200-310-A1 (x2)"",""Nvidia"",2015,12288,673.2,384,1753"
"GeForce GTX 980 PNY XLR8 Pro OC 4GB Edition,""Maxwell GM204-400-A1"",""Nvidia"",2015,4096,224.4,256,1753"
"GeForce GTX 980 Palit Trio 4GB Edition,""Maxwell GM204-400-A1"",""Nvidia"",2015,4096,224.4,256,1753"
"GeForce GTX 980 Ti 6GB,""Maxwell GM200-310-A1"",""Nvidia"",2015,6144,336.6,384,1753"
"GeForce GTX 980 Palit Super JetStream 4GB Edition,""Maxwell GM204-400-A1"",""Nvidia"",2014,4096,230.4,256,1800"
"GeForce GTX 980 PNY 4GB Edition,""Maxwell GM204-400-A1"",""Nvidia"",2014,4096,224.4,256,1753"
"GeForce GTX 980 Palit JetStream 4GB Edition,""Maxwell GM204-400-A1"",""Nvidia"",2014,4096,224.4,256,1753"
"GeForce GTX 980 Palit 4GB Edition,""Maxwell GM204-400-A1"",""Nvidia"",2014,4096,224.4,256,1753"
"GeForce GTX 980 MSI OC v1 4GB Edition,""Maxwell GM204-400-A1"",""Nvidia"",2014,4096,224.4,256,1753"
"GeForce GTX 980 MSI Gaming 4GB Edition SLI,""Maxwell GM204-400-A1 (x2)"",""Nvidia"",2014,8192,448.8,256,1753"
"GeForce GTX 980 MSI Gaming 4GB Edition 3-Way SLI,""Maxwell GM204-400-A1 (x3)"",""Nvidia"",2014,12288,673.2,256,1753"
"GeForce GTX 980 MSI Armor 2X OC 4GB Edition,""Maxwell GM204-400-A1"",""Nvidia"",2014,4096,224.4,256,1753"
"GeForce GTX 980 MSI Gaming 4GB Edition,""Maxwell GM204-400-A1"",""Nvidia"",2014,4096,224.4,256,1753"
"GeForce GTX 980 Leadtek Winfast Hurricane 4GB Edition,""Maxwell GM204-400-A1"",""Nvidia"",2014,4096,224.4,256,1753"
"GeForce GTX 980 Leadtek WinFast 4GB Edition,""Maxwell GM204-400-A1"",""Nvidia"",2014,4096,224.4,256,1753"
"GeForce GTX 980 Inno3D iChill HerculeZ X4 ABU 4GB Edition,""Maxwell GM204-400-A1"",""Nvidia"",2014,4096,230.4,256,1800"
"GeForce GTX 980 MSI 4GB Edition,""Maxwell GM204-400-A1"",""Nvidia"",2014,4096,224.4,256,1753"
"GeForce GTX 980 Gigabyte XTREME 4GB Edition,""Maxwell GM204-400-A1"",""Nvidia"",2015,4096,227.2,256,1775"
"GeForce GTX 980 Inno3D 4GB Edition,""Maxwell GM204-400-A1"",""Nvidia"",2014,4096,224.4,256,1753"
"GeForce GTX 980 Inno3D iChill HerculeZ X4 Air 4GB Edition,""Maxwell GM204-400-A1"",""Nvidia"",2014,4096,224.4,256,1753"
"GeForce GTX 980 Gigabyte G1 Gaming 4GB Edition SLI,""Maxwell GM204-400-A1"",""Nvidia"",2014,8192,448.8,256,1753"
"GeForce GTX 980 Gigabyte WindForce 3X 4GB Edition,""Maxwell GM204-400-A1"",""Nvidia"",2014,4096,224.4,256,1753"
"GeForce GTX 980 Gigabyte G1 Gaming 4GB Edition,""Maxwell GM204-400-A1"",""Nvidia"",2014,4096,224.4,256,1753"
"GeForce GTX 980 Galax 4GB Edition,""Maxwell GM204-400-A1"",""Nvidia"",2014,4096,224.4,256,1753"
"GeForce GTX 980 EVGA Superclocked 4GB Edition SLI,""Maxwell GM204-400-A1 (x2)"",""Nvidia"",2014,8192,448.8,256,1753"
"GeForce GTX 980 EVGA Superclocked ACX 2.0 4GB Edition SLI,""Maxwell GM204-400-A1 (x2)"",""Nvidia"",2014,8192,448.8,256,1753"
"GeForce GTX 980 Galax SOC 4GB Edition,""Maxwell GM204-400-A1"",""Nvidia"",2014,4096,224.4,256,1753"
"GeForce GTX 980 Gainward 4GB Edition,""Maxwell GM204-400-A1"",""Nvidia"",2014,4096,224.4,256,1753"
"GeForce GTX 980 Galax HOF 4GB Edition,""Maxwell GM204-400-A1"",""Nvidia"",2014,4096,224.4,256,1753"
"GeForce GTX 980 EVGA Superclocked ACX 2.0 4GB Edition,""Maxwell GM204-400-A1"",""Nvidia"",2014,4096,224.4,256,1753"
"GeForce GTX 980 EVGA Hydro Copper 4GB Edition,""Maxwell GM204-400-A1"",""Nvidia"",2014,4096,224.4,256,1753"
"GeForce GTX 980 EVGA Superclocked 4GB Edition,""Maxwell GM204-400-A1"",""Nvidia"",2014,4096,224.4,256,1753"
"GeForce GTX 980 EVGA FTW ACX 2.0 4GB Edition,""Maxwell GM204-400-A1"",""Nvidia"",2014,4096,224.4,256,1753"
"GeForce GTX 980 EVGA Hybrid 4GB Edition,""Maxwell GM204-400-A1"",""Nvidia"",2015,4096,224.4,256,1753"
"GeForce GTX 980 EVGA 4GB Edition,""Maxwell GM204-400-A1"",""Nvidia"",2014,4096,224.4,256,1753"
"GeForce GTX 980 Asus Strix OC 4GB Edition SLI,""Maxwell GM204-400-A1 (x2)"",""Nvidia"",2014,8192,448.8,256,1753"
"GeForce GTX 980 EVGA ACX 2.0 4GB Edition,""Maxwell GM204-400-A1"",""Nvidia"",2014,4096,224.4,256,1753"
"GeForce GTX 980 EVGA Classified ACX 2.0 4GB Edition,""Maxwell GM204-400-A1"",""Nvidia"",2014,4096,224.4,256,1753"
"GeForce GTX 980 EVGA Classified Kingpin ACX 2.0+ 4GB Edition,""Maxwell GM204-400-A1"",""Nvidia"",2015,4096,224.4,256,1753"
"GeForce GTX 980 Asus Strix OC 4GB Edition,""Maxwell GM204-400-A1"",""Nvidia"",2014,4096,224.4,256,1753"
"GeForce GTX 980 Asus ROG Matrix Platinum 4GB Edition SLI,""Maxwell GM204-400-A1"",""Nvidia"",2014,8192,448.8,256,1753"
"GeForce GTX 980 EVGA Classified ACX 2.0 4GB Edition SLI,""Maxwell GM204-400-A1"",""Nvidia"",2014,8192,448.8,256,1753"
"GeForce GTX 980 Asus 4GB Edition,""Maxwell GM204-400-A1"",""Nvidia"",2014,4096,224.4,256,1753"
"GeForce GTX 980 4GB SLI,""Maxwell GM204-400-A1 (x2)"",""Nvidia"",2014,8192,448.8,256,1753"
"GeForce GTX 980 4GB 3-Way SLI,""Maxwell GM204-400-A1 (x3)"",""Nvidia"",2014,12288,673.2,256,1753"
"GeForce GTX 980 4GB,""Maxwell GM204-400-A1"",""Nvidia"",2014,4096,224.4,256,1753"
"GeForce GTX 970 Zotac AMP! Extreme Core 4GB Edition SLI,""Maxwell GM204-200-A1 (x2)"",""Nvidia"",2014,8192,460.8,256,1800"
"GeForce GTX 970 Zotac AMP! Omega 4GB Edition,""Maxwell GM204-200-A1"",""Nvidia"",2014,4096,225.4,256,1761"
"GeForce GTX 970 Zotac AMP! Omega Core 4GB Edition,""Maxwell GM204-200-A1"",""Nvidia"",2014,4096,224.4,256,1753"
"GeForce GTX 970 Zotac AMP! Extreme Core 4GB Edition,""Maxwell GM204-200-A1"",""Nvidia"",2014,4096,230.4,256,1800"
"GeForce GTX 970 Zotac AMP! Extreme 4GB Edition,""Maxwell GM204-200-A1"",""Nvidia"",2014,4096,230.4,256,1800"
"GeForce GTX 980 Asus ROG Poseidon 4GB Edition,""Maxwell GM204-400-A1"",""Nvidia"",2014,4096,224.4,256,1753"
"GeForce GTX 980 Asus ROG Matrix Gold 4GB Edition,""Maxwell GM204-400-A1"",""Nvidia"",2015,4096,224.4,256,1753"
"GeForce GTX 970 Zotac 4GB Edition SLI,""Maxwell GM204-200-A1 (x2)"",""Nvidia"",2014,8192,448.8,256,1753"
"GeForce GTX 970 PNY 4GB Edition,""Maxwell GM204-200-A1"",""Nvidia"",2014,4096,224.4,256,1753"
"GeForce GTX 970 Zotac AMP! Extreme 4GB Edition SLI,""Maxwell GM204-200-A1 (x2)"",""Nvidia"",2014,8192,460.8,256,1800"
"GeForce GTX 970 Point of View 4GB Edition,""Maxwell GM204-200-A1"",""Nvidia"",2014,4096,224.4,256,1753"
"GeForce GTX 970 Palit 4GB Edition,""Maxwell GM204-200-A1"",""Nvidia"",2014,4096,224.4,256,1753"
"GeForce GTX 970 Palit JetStream 4GB Edition,""Maxwell GM204-200-A1"",""Nvidia"",2014,4096,224.4,256,1753"
"GeForce GTX 970 MSI Gaming 100 ME 4GB Edition SLI,""Maxwell GM204-200-A1 (x2)"",""Nvidia"",2015,8192,448.8,256,1753"
"GeForce GTX 970 MSI Gaming 4GB Edition,""Maxwell GM204-200-A1"",""Nvidia"",2014,4096,224.4,256,1753"
"GeForce GTX 970 MSI Gaming 4GB Edition SLI,""Maxwell GM204-200-A1"",""Nvidia"",2014,8192,224.4,256,1753"
"GeForce GTX 970 Zotac 4GB Edition,""Maxwell GM204-200-A1"",""Nvidia"",2014,4096,224.4,256,1753"
"GeForce GTX 970 MSI Gaming 100 ME 4GB Edition,""Maxwell GM204-200-A1"",""Nvidia"",2015,4096,224.4,256,1753"
"GeForce GTX 970 MSI Armor 2X OC 4GB Edition,""Maxwell GM204-200-A1"",""Nvidia"",2014,4096,224.4,256,1753"
"GeForce GTX 980 Asus ROG Matrix Platinum 4GB Edition,""Maxwell GM204-400-A1"",""Nvidia"",2014,4096,224.4,256,1753"
"GeForce GTX 970 MSI OC 4GB Edition,""Maxwell GM204-200-A1"",""Nvidia"",2014,4096,224.4,256,1753"
"GeForce GTX 970 Leadtek WinFast Hurricane 4GB Edition,""Maxwell GM204-200-A1"",""Nvidia"",2014,4096,224.4,256,1753"
"GeForce GTX 970 MSI Gaming Golden 4GB Edition,""Maxwell GM204-200-A1"",""Nvidia"",2014,4096,224.4,256,1753"
"GeForce GTX 970 Leadtek WinFast 4GB Edition,""Maxwell GM204-200-A1"",""Nvidia"",2014,4096,224.4,256,1753"
"GeForce GTX 970 Inno3D iChill HerculeZ X4 ABU 4GB Edition,""Maxwell GM204-200-A1"",""Nvidia"",2014,4096,230.4,256,1800"
"GeForce GTX 970 Inno3D HerculeZ X2 OC 4GB Edition,""Maxwell GM204-200-A1"",""Nvidia"",2014,4096,224.4,256,1753"
"GeForce GTX 970 KFA2 EXOC Sniper 4GB Edition,""Maxwell GM204-200-A1"",""Nvidia"",2016,4096,224.4,256,1753"
"GeForce GTX 970 Gigabyte WindForce 3X OC 4GB Edition,""Maxwell GM204-200-A1"",""Nvidia"",2014,4096,224.4,256,1753"
"GeForce GTX 970 Galax OC 4GB Edition,""Maxwell GM204-200-A1"",""Nvidia"",2014,4096,224.4,256,1753"
"GeForce GTX 970 Gigabyte Twin Turbo OC 4GB Edition,""Maxwell GM204-200-A1"",""Nvidia"",2015,4096,224.4,256,1753"
"GeForce GTX 970 Gigabyte G1 Gaming 4GB Edition SLI,""Maxwell GM204-200-A1 (x2)"",""Nvidia"",2014,8192,448.8,256,1753"
"GeForce GTX 970 Gigabyte Mini-ITX OC 4GB Edition,""Maxwell GM204-200-A1"",""Nvidia"",2014,4096,224.4,256,1753"
"GeForce GTX 970 Gigabyte G1 Gaming 4GB Edition,""Maxwell GM204-200-A1"",""Nvidia"",2014,4096,224.4,256,1753"
"GeForce GTX 970 Galax EXOC 4GB Black Edition,""Maxwell GM204-200-A1"",""Nvidia"",2014,4096,224.4,256,1753"
"GeForce GTX 970 Galax HOF 4GB Edition,""Maxwell GM204-200-A1"",""Nvidia"",2014,4096,224.4,256,1753"
"GeForce GTX 970 Gigabyte XTREME 4GB Edition,""Maxwell GM204-200-A1"",""Nvidia"",2015,4096,227.2,256,1775"
"GeForce GTX 970 Galax EXOC 4GB Black Edition SLI,""Maxwell GM204-200-A1 (x2)"",""Nvidia"",2014,8192,448.8,256,1753"
"GeForce GTX 970 Gainward Phantom Phoenix 4GB Edition,""Maxwell GM204-200-A1"",""Nvidia"",2015,4096,224.4,256,1753"
"GeForce GTX 970 Gainward Phantom 4GB Edition,""Maxwell GM204-200-A1"",""Nvidia"",2014,4096,224.4,256,1753"
"GeForce GTX 970 EVGA Superclocked ACX 2.0 4GB Edition SLI,""Maxwell GM204-200-A1 (x2)"",""Nvidia"",2014,8192,448.8,256,1753"
"GeForce GTX 970 EVGA Superclocked ACX 2.0 4GB Edition,""Maxwell GM204-200-A1"",""Nvidia"",2014,4096,224.4,256,1753"
"GeForce GTX 970 EVGA SSC ACX+ 2.0 4GB Edition SLI,""Maxwell GM204-200-A1 (x2)"",""Nvidia"",2015,8192,448.8,256,1753"
"GeForce GTX 970 EVGA SSC ACX 2.0 4GB Edition SLI,""Maxwell GM204-200-A1 (x2)"",""Nvidia"",2014,8192,448.8,256,1753"
"GeForce GTX 970 EVGA Superclocked 4GB Edition,""Maxwell GM204-200-A1"",""Nvidia"",2014,4096,224.4,256,1753"
"GeForce GTX 970 EVGA SSC ACX+ 2.0 4GB Edition,""Maxwell GM204-200-A1"",""Nvidia"",2015,4096,224.4,256,1753"
"GeForce GTX 970 EVGA FTW+ ACX 2.0+ 4GB Edition,""Maxwell GM204-200-A1"",""Nvidia"",2014,4096,224.4,256,1753"
"GeForce GTX 970 EVGA FTW+ ACX 2.0+ 4GB Edition SLI,""Maxwell GM204-200-A1 (x2)"",""Nvidia"",2014,8192,448.8,256,1753"
"GeForce GTX 970 EVGA SSC ACX 2.0 4GB Edition,""Maxwell GM204-200-A1"",""Nvidia"",2014,4096,224.4,256,1753"
"GeForce GTX 970 EVGA Superclocked ACX 4GB Edition,""Maxwell GM204-200-A1"",""Nvidia"",2014,4096,224.4,256,1753"
"GeForce GTX 970 Asus Turbo OC 4GB Edition,""Maxwell GM204-200-A1"",""Nvidia"",2015,4096,224.4,256,1753"
"GeForce GTX 970 EVGA ACX 4GB Edition,""Maxwell GM204-200-A1"",""Nvidia"",2014,4096,224.4,256,1753"
"GeForce GTX 970 Asus Strix OC 4GB Edition SLI,""Maxwell GM204-200-A1 (x2)"",""Nvidia"",2014,8192,448.8,256,1753"
"GeForce GTX 970 EVGA ACX 2.0 4GB Edition,""Maxwell GM204-200-A1"",""Nvidia"",2014,4096,224.4,256,1753"
"GeForce GTX 970 Asus Strix OC 4GB Edition,""Maxwell GM204-200-A1"",""Nvidia"",2014,4096,224.4,256,1753"
"GeForce GTX 970 EVGA FTW ACX 2.0 4GB Edition SLI,""Maxwell GM204-200-A1 (x2)"",""Nvidia"",2014,4096,448.8,256,1753"
"GeForce GTX 970 EVGA FTW ACX 2.0 4GB Edition,""Maxwell GM204-200-A1"",""Nvidia"",2014,4096,224.4,256,1753"
"GeForce GTX 970 EVGA 4GB Edition,""Maxwell GM204-200-A1"",""Nvidia"",2014,4096,224.4,256,1753"
"GeForce GTX 970 4GB SLI,""Maxwell GM204-200-A1 (x2)"",""Nvidia"",2014,8192,448.8,256,1753"
"GeForce GTX 970 Asus DirectCU Mini OC 4GB Edition,""Maxwell GM204-200-A1"",""Nvidia"",2014,4096,224.4,256,1753"
"GeForce GTX 960 Zotac v2 2GB Edition,""Maxwell GM206-300-A1"",""Nvidia"",2015,2048,112.2,128,1753"
"GeForce GTX 960 Zotac AMP! v2 2GB Edition,""Maxwell GM206-300-A1"",""Nvidia"",2015,2048,112.2,128,1753"
"GeForce GTX 970 4GB,""Maxwell GM204-200-A1"",""Nvidia"",2014,4096,224.4,256,1753"
"GeForce GTX 960 Zotac 2GB Edition,""Maxwell GM206-300-A1"",""Nvidia"",2015,2048,112.2,128,1753"
"GeForce GTX 960 Zotac AMP! 2GB Edition,""Maxwell GM206-300-A1"",""Nvidia"",2015,2048,112.2,128,1753"
"GeForce GTX 960 Zotac 4GB Edition,""Maxwell GM206-300-A1"",""Nvidia"",2015,4096,112.2,128,1753"
"GeForce GTX 960 Ti 2GB [not released],""Maxwell GM204-200-KD"",""Nvidia"",2015,2048,224.4,256,1753"
"GeForce GTX 960 Point of View AMMO OC 2GB Edition,""Maxwell GM206-300-A1"",""Nvidia"",2015,2048,112.2,128,1753"
"GeForce GTX 960 Zotac AMP! 4GB Edition,""Maxwell GM206-300-A1"",""Nvidia"",2015,4096,112.2,128,1753"
"GeForce GTX 960 Ti 4GB [not released],""Maxwell GM204-200-KD"",""Nvidia"",2015,4096,224.4,256,1753"
"GeForce GTX 960 PNY 2GB Edition,""Maxwell GM206-300-A1"",""Nvidia"",2015,2048,112.2,128,1753"
"GeForce GTX 960 Palit Super JetStream 2GB Edition,""Maxwell GM206-300-A1"",""Nvidia"",2015,2048,115.2,128,1800"
"GeForce GTX 960 Palit JetStream 4GB Edition,""Maxwell GM206-300-A1"",""Nvidia"",2015,4096,112.2,128,1753"
"GeForce GTX 960 PNY XLR8 4GB Edition,""Maxwell GM206-300-A1"",""Nvidia"",2015,4096,112.2,128,1753"
"GeForce GTX 960 Palit JetStream 2GB Edition,""Maxwell GM206-300-A1"",""Nvidia"",2015,2048,115.2,128,1800"
"GeForce GTX 960 Palit 2GB Edition,""Maxwell GM206-300-A1"",""Nvidia"",2015,2048,112.2,128,1753"
"GeForce GTX 960 MSI OC 2GB Edition,""Maxwell GM206-300-A1"",""Nvidia"",2015,2048,112.2,128,1753"
"GeForce GTX 960 MSI Gaming 4GB Edition SLI,""Maxwell GM206-300-A1 (x2)"",""Nvidia"",2015,8192,224.4,128,1753"
"GeForce GTX 960 MSI Gaming 2GB Edition,""Maxwell GM206-300-A1"",""Nvidia"",2015,2048,112.2,128,1753"
"GeForce GTX 960 MSI Gaming 4GB Edition,""Maxwell GM206-300-A1"",""Nvidia"",2015,4096,112.2,128,1753"
"GeForce GTX 960 MSI Tiger OC 4GB Edition,""Maxwell GM206-300-A1"",""Nvidia"",2015,4096,112.2,128,1753"
"GeForce GTX 960 MSI 2GB Edition,""Maxwell GM206-300-A1"",""Nvidia"",2015,2048,112.2,128,1753"
"GeForce GTX 780 Zotac OC Edition,""Kepler GK110-300-A1"",""Nvidia"",2013,3072,288.4,384,1502"
"GeForce GTX 780 Zotac OC Edition SLI,""Kepler GK110-300-A1 (x2)"",""Nvidia"",2013,6144,576.8,384,1502"
"GeForce GTX 960 Inno3D HerculeZ X3 Air Boss Ultra 2GB Edition,""Maxwell GM206-300-A1"",""Nvidia"",2015,2048,115.2,128,1800"
"GeForce GTX 960 Inno3D HerculeZ 2X OC 4GB Edition,""Maxwell GM206-300-A1"",""Nvidia"",2015,4096,112.2,128,1753"
"GeForce GTX 960 MSI Gaming 100ME 2GB Edition,""Maxwell GM206-300-A1"",""Nvidia"",2015,2048,112.2,128,1753"
"GeForce GTX 780 Zotac AMP! Edition,""Kepler GK110-300-A1"",""Nvidia"",2013,3072,298,384,1552"
"GeForce GTX 780 WindForce 3X OC Edition,""Kepler GK110-300-A1"",""Nvidia"",2013,3072,288.4,384,1502"
"GeForce GTX 780 Ti WindForce 3X OC Edition,""Kepler GK110-425-B1"",""Nvidia"",2013,3072,336,384,1750"
"GeForce GTX 780 Ti Zotac AMP! Edition,""Kepler GK110-425-B1"",""Nvidia"",2013,3072,345.6,384,1800"
"GeForce GTX 780 Ti Palit JetStream Edition,""Kepler GK110-425-B1"",""Nvidia"",2013,3072,336,384,1750"
"GeForce GTX 780 Ti SLI,""Kepler GK110-425-B1 (x2)"",""Nvidia"",2013,6144,672,384,1750"
"GeForce GTX 780 Ti MSI Gaming 3GB Edition,""Kepler GK110-425-B1"",""Nvidia"",2013,3072,336,384,1750"
"GeForce GTX 780 Ti Gigabyte GHz Edition,""Kepler GK110-425-B1"",""Nvidia"",2013,3072,336,384,1750"
"GeForce GTX 780 Ti PNY XLR8 Enthusiast OC Edition,""Kepler GK110-425-B1"",""Nvidia"",2013,3072,336,384,1750"
"GeForce GTX 780 Ti Galaxy HOF+ Edition,""Kepler GK110-425-B1"",""Nvidia"",2013,3072,336,384,1750"
"GeForce GTX 780 Ti Gainward Phantom Edition,""Kepler GK110-425-B1"",""Nvidia"",2013,3072,336,384,1750"
"GeForce GTX 780 Ti HerculeZ X3 Ultra Edition,""Kepler GK110-425-B1"",""Nvidia"",2013,3072,345.6,384,1800"
"GeForce GTX 780 Ti EVGA SuperClocked w/ ACX Edition,""Kepler GK110-425-B1"",""Nvidia"",2013,3072,336,384,1750"
"GeForce GTX 780 Ti EVGA Classified Kingpin Edition,""Kepler GK110-425-B1"",""Nvidia"",2013,3072,336,384,1750"
"GeForce GTX 780 Ti EVGA DC w/ ACX Edition,""Kepler GK110-425-B1"",""Nvidia"",2013,3072,336,384,1750"
"GeForce GTX 780 Ti EVGA SuperClocked Edition,""Kepler GK110-425-B1"",""Nvidia"",2013,3072,336,384,1750"
"GeForce GTX 780 Ti DirectCU II OC Edition,""Kepler GK110-425-B1"",""Nvidia"",2013,3072,336,384,1750"
"GeForce GTX 780 Ti,""Kepler GK110-425-B1"",""Nvidia"",2013,3072,336,384,1750"
"GeForce GTX 780 Palit Super JetStream Edition,""Kepler GK110-300-A1"",""Nvidia"",2013,3072,297.6,384,1550"
"GeForce GTX 780 Ti Asus ROG Matrix Platinum Edition,""Kepler GK110-425-B1"",""Nvidia"",2014,3072,336,384,1750"
"GeForce GTX 960 Inno3D HerculeZ 1X 4GB Edition,""Maxwell GM206-300-A1"",""Nvidia"",2015,4096,112.2,128,1753"
"GeForce GTX 960 Gigabyte WindForce 2X OC 4GB Edition,""Maxwell GM206-300-A1"",""Nvidia"",2015,4096,112.2,128,1753"
"GeForce GTX 960 Inno3D HerculeZ 2X OC 2GB Edition,""Maxwell GM206-300-A1"",""Nvidia"",2015,2048,112.2,128,1753"
"GeForce GTX 960 Inno3D HerculeZ 1X 2GB Edition,""Maxwell GM206-300-A1"",""Nvidia"",2015,2048,112.2,128,1753"
"GeForce GTX 780 SLI,""Kepler GK110-300-A1 (x2)"",""Nvidia"",2013,6144,576.8,384,1502"
"GeForce GTX 960 Gigabyte OC 2GB Edition,""Maxwell GM206-300-A1"",""Nvidia"",2015,2048,112.2,128,1753"
"GeForce GTX 960 Gigabyte IX OC 2GB Edition,""Maxwell GM206-300-A1"",""Nvidia"",2015,2048,112.2,128,1753"
"GeForce GTX 960 Gigabyte G1 Gaming 2GB Edition,""Maxwell GM206-300-A1"",""Nvidia"",2015,2048,112.2,128,1753"
"GeForce GTX 960 Gigabyte WindForce 2X OC 2GB Edition,""Maxwell GM206-300-A1"",""Nvidia"",2015,2048,112.2,128,1753"
"GeForce GTX 960 Galax OC 2GB Edition,""Maxwell GM206-300-A1"",""Nvidia"",2015,2048,112.2,128,1753"
"GeForce GTX 960 Galax KFA2 EXOC 4GB Edition,""Maxwell GM206-300-A1"",""Nvidia"",2015,4096,112.2,128,1753"
"GeForce GTX 960 Galax KFA2 EXOC 2GB Edition,""Maxwell GM206-300-A1"",""Nvidia"",2015,2048,112.2,128,1753"
"GeForce GTX 960 Gigabyte G1 Gaming 4GB Edition,""Maxwell GM206-300-A1"",""Nvidia"",2015,4096,112.2,128,1753"
"GeForce GTX 960 Galax EXOC White 2GB Edition,""Maxwell GM206-300-A1"",""Nvidia"",2015,2048,112.2,128,1753"
"GeForce GTX 960 Gigabyte OC 4GB Edition,""Maxwell GM206-300-A1"",""Nvidia"",2015,4096,112.2,128,1753"
"GeForce GTX 960 Galax 2GB Edition,""Maxwell GM206-300-A1"",""Nvidia"",2015,2048,112.2,128,1753"
"GeForce GTX 960 Gainward Phantom GLH 2GB Edition,""Maxwell GM206-300-A1"",""Nvidia"",2015,2048,115.2,128,1800"
"GeForce GTX 960 Gainward Phantom 2GB Edition,""Maxwell GM206-300-A1"",""Nvidia"",2015,2048,115.2,128,1800"
"GeForce GTX 960 Galax EXOC 2GB Edition,""Maxwell GM206-300-A1"",""Nvidia"",2015,2048,112.2,128,1753"
"GeForce GTX 960 Gainward OC 2GB Edition,""Maxwell GM206-300-A1"",""Nvidia"",2015,2048,112.2,128,1753"
"GeForce GTX 960 Galax Gamer OC Mini Black 4GB Edition,""Maxwell GM206-300-A1"",""Nvidia"",2015,4096,112.2,128,1753"
"GeForce GTX 960 EVGA SuperSC ACX 2.0+ 4GB Edition,""Maxwell GM206-300-A1"",""Nvidia"",2015,4096,112.2,128,1753"
"GeForce GTX 960 EVGA Superclocked 2GB Edition,""Maxwell GM206-300-A1"",""Nvidia"",2015,2048,112.2,128,1753"
"GeForce GTX 780 MSI TwinFrozr Gaming OC Edition,""Kepler GK110-300-A1"",""Nvidia"",2013,3072,288.4,384,1502"
"GeForce GTX 780 Palit JetStream Edition,""Kepler GK110-300-A1"",""Nvidia"",2013,3072,288.4,384,1502"
"GeForce GTX 960 EVGA SuperSC ACX 2.0+ 2GB Edition,""Maxwell GM206-300-A1"",""Nvidia"",2015,2048,112.2,128,1753"
"GeForce GTX 780 MSI Lightning Edition,""Kepler GK110-300-A1"",""Nvidia"",2013,3072,288.4,384,1502"
"GeForce GTX 780 Inno3D iChill HerculeZ X3 Ultra DHS Edition,""Kepler GK110-300-A1"",""Nvidia"",2013,3072,297.6,384,1550"
"GeForce GTX 780 Inno3D HerculeZ 2000 Edition,""Kepler GK110-300-A1"",""Nvidia"",2013,3072,288.4,384,1502"
"GeForce GTX 780 MSI Gaming 6GB Edition,""Kepler GK110-301-B1"",""Nvidia"",2013,6144,288.4,384,1502"
"GeForce GTX 780 Inno3D Ice Dragon Edition,""Kepler GK110-300-A1"",""Nvidia"",2013,3072,298.2,384,1553"
"GeForce GTX 780 Gigabyte GHz Edition,""Kepler GK110-300-A1"",""Nvidia"",2013,3072,288.4,384,1502"
"GeForce GTX 780 Gainward Phantom GLH Edition,""Kepler GK110-300-A1"",""Nvidia"",2013,3072,288.4,384,1502"
"GeForce GTX 780 EVGA SC w/ ACX Edition SLI,""Kepler GK110"",""Nvidia"",2013,6144,576.8,384,1502"
"GeForce GTX 780 EVGA Dual FTW w/ ACX Edition,""Kepler GK110-300-A1"",""Nvidia"",2013,3072,288.4,384,1502"
"GeForce GTX 780 Gainward Phantom Edition,""Kepler GK110-300-A1"",""Nvidia"",2013,3072,288.4,384,1502"
"GeForce GTX 780 EVGA SC w/ ACX 6GB Edition,""Kepler GK110-301-B1"",""Nvidia"",2013,6144,288.4,384,1502"
"GeForce GTX 780 EVGA Dual Classified w/ ACX Edition,""Kepler GK110-300-A1"",""Nvidia"",2013,3072,288.4,384,1502"
"GeForce GTX 780 Asus Strix OC 6GB Edition,""Kepler GK110-301-B1"",""Nvidia"",2014,6144,288.4,384,1502"
"GeForce GTX 780 EVGA SC w/ ACX Edition,""Kepler GK110-300-A1"",""Nvidia"",2013,3072,288.4,384,1502"
"GeForce GTX 780 EVGA SC Edition,""Kepler GK110-300-A1"",""Nvidia"",2013,3072,288.4,384,1502"
"GeForce GTX 780 DirectCU II Edition,""Kepler GK110-300-A1"",""Nvidia"",2013,3072,288.4,384,1502"
"GeForce GTX 780 DirectCU II OC Edition,""Kepler GK110-300-A1"",""Nvidia"",2013,3072,288.4,384,1502"
"GeForce GTX 960 EVGA FTW ACX 2.0+ 4GB Edition,""Maxwell GM206-300-A1"",""Nvidia"",2015,4096,112.2,128,1753"
"GeForce GTX 780 Galaxy HOF 3GB Edition,""Kepler GK110-300-A1"",""Nvidia"",2013,3072,288.4,384,1502"
"GeForce GTX 960 EVGA ACX 2.0+ 4GB Edition,""Maxwell GM206-300-A1"",""Nvidia"",2015,4096,112.2,128,1753"
"GeForce GTX 960 EVGA FTW ACX 2.0+ 2GB Edition,""Maxwell GM206-300-A1"",""Nvidia"",2015,2048,112.2,128,1753"
"GeForce GTX 960 Asus Turbo OC 4GB Edition SLI,""Maxwell GM206-300-A1 (x2)"",""Nvidia"",2015,8192,224.4,128,1753"
"GeForce GTX 960 Asus Turbo OC 2GB Edition,""Maxwell GM206-300-A1"",""Nvidia"",2015,2048,112.2,128,1753"
"GeForce GTX 960 Asus Turbo OC 4GB Edition,""Maxwell GM206-300-A1"",""Nvidia"",2015,4096,112.2,128,1753"
"GeForce GTX 960 Asus Strix DirectCU II OC 4GB Edition,""Maxwell GM206-300-A1"",""Nvidia"",2015,4096,112.2,128,1753"
"GeForce GTX 960 EVGA ACX 2.0+ 2GB Edition,""Maxwell GM206-300-A1"",""Nvidia"",2015,2048,112.2,128,1753"
"GeForce GTX 960 2GB,""Maxwell GM206-300-A1"",""Nvidia"",2015,2048,112.2,128,1753"
"GeForce GTX 780 Asus ROG POSEIDON Edition SLI,""Kepler GK110-300-A1 (x2)"",""Nvidia"",2013,6144,576.8,384,1502"
"GeForce GTX 960 2GB SLI,""Maxwell GM206-300-A1 (x2)"",""Nvidia"",2015,4096,224.4,128,1753"
"GeForce GTX 960 Asus Strix DirectCU II OC 2GB Edition,""Maxwell GM206-300-A1"",""Nvidia"",2015,2048,115.2,128,1800"
"GeForce GTX 950 Zotac AMP! 2GB Edition,""Maxwell GM206-250"",""Nvidia"",2015,2048,112.3,128,1755"
"GeForce GTX 950 Zotac 2GB Edition,""Maxwell GM206-250"",""Nvidia"",2015,2048,105.7,128,1652"
"GeForce GTX 950 Zotac OC 2GB Edition,""Maxwell GM206-250"",""Nvidia"",2015,2048,108.9,128,1701"
"GeForce GTX 950 PNY 2GB Edition,""Maxwell GM206-250"",""Nvidia"",2015,2048,105.8,128,1653"
"GeForce GTX 950 Palit StormX 2GB Edition,""Maxwell GM206-250"",""Nvidia"",2015,2048,105.8,128,1653"
"GeForce GTX 950 LP MSI OC v3 2GB Edition,""Maxwell GM206-251-A1"",""Nvidia"",2016,2048,105.8,128,1653"
"GeForce GTX 950 MSI Gaming 2GB Edition,""Maxwell GM206-250"",""Nvidia"",2015,2048,106.4,128,1663"
"GeForce GTX 780 Asus DirectCU II OC Edition SLI,""Kepler GK110-300-A1 (x2)"",""Nvidia"",2013,6144,576.8,768,1502"
"GeForce GTX 780 6GB,""Kepler GK110-301-B1"",""Nvidia"",2013,6144,288.4,384,1502"
"GeForce GTX 770 Zotac AMP! Edition,""Kepler GK104-425-A2"",""Nvidia"",2013,2048,230.4,256,1800"
"GeForce GTX 780,""Kepler GK110-300-A1"",""Nvidia"",2013,3072,288.4,384,1502"
"GeForce GTX 950 MSI Armor 2X OC 2GB Edition,""Maxwell GM206-250"",""Nvidia"",2015,2048,105.8,128,1653"
"GeForce GTX 770 Zotac 2GB OC Edition,""Kepler GK104-425-A2"",""Nvidia"",2013,2048,224.4,256,1753"
"GeForce GTX 770 Zotac 4GB Edition,""Kepler GK104-425-A2"",""Nvidia"",2013,4096,224.3,256,1752"
"GeForce GTX 770 WindForce 3X OC Edition,""Kepler GK104-425-A2"",""Nvidia"",2013,2048,224.3,256,1752"
"GeForce GTX 950 Palit StormX Dual OC 2GB Edition,""Maxwell GM206-250"",""Nvidia"",2015,2048,105.8,128,1653"
"GeForce GTX 770 WindForce 3X OC 4GB Edition,""Kepler GK104-425-A2"",""Nvidia"",2013,4096,224.3,256,1752"
"GeForce GTX 770 WindForce 3X OC 4GB Edition SLI,""Kepler GK104"",""Nvidia"",2013,8192,448.5,256,1752"
"GeForce GTX 770 PNY XLR8 Enthusiast Edition,""Kepler GK104-425-A2"",""Nvidia"",2013,2048,218,256,1703"
"GeForce GTX 770 PNY Enthusiast 4GB OC Edition,""Kepler GK104-425-A2"",""Nvidia"",2013,4096,224.4,256,1753"
"GeForce GTX 770 SLI,""Kepler GK104-425-A2 (x2)"",""Nvidia"",2013,4096,448.5,256,1752"
"GeForce GTX 960 Asus Mini OC 2GB Edition,""Maxwell GM206-300-A1"",""Nvidia"",2015,2048,112.2,128,1753"
"GeForce GTX 950 MSI OC 2GB Edition,""Maxwell GM206-250"",""Nvidia"",2015,2048,105.8,128,1653"
"GeForce GTX 770 MSI TwinFrozr Edition,""Kepler GK104-425-A2"",""Nvidia"",2013,2048,224.4,256,1753"
"GeForce GTX 770 Palit JetStream 2GB Edition SLI,""Kepler GK104-425-A2"",""Nvidia"",2013,4096,448.5,256,1752"
"GeForce GTX 770 Palit JetStream 2GB Edition,""Kepler GK104-425-A2"",""Nvidia"",2013,2048,224.3,256,1752"
"GeForce GTX 770 Palit JetStream 4GB Edition,""Kepler GK104-425-A2"",""Nvidia"",2013,4096,224.3,256,1752"
"GeForce GTX 770 MSI TwinFrozr 4GB Edition,""Kepler GK104-425-A2"",""Nvidia"",2013,4096,224.4,256,1753"
"GeForce GTX 770 MSI Lightning Edition,""Kepler GK104-425-A2"",""Nvidia"",2013,2048,224.4,256,1753"
"GeForce GTX 770 Inno3D iChill HerculeZ X3 Ultra 4GB Edition,""Kepler GK104-425-A2"",""Nvidia"",2013,4096,230.4,256,1800"
"GeForce GTX 770 Leadtek Hurricane III Edition,""Kepler GK104-425-A2"",""Nvidia"",2013,4096,224.3,256,1752"
"GeForce GTX 770 Inno3D iChill HerculeZ X3 Ultra 2GB Edition,""Kepler GK104-425-A2"",""Nvidia"",2013,2048,230.4,256,1800"
"GeForce GTX 770 Inno3D HerculeZ 2000 2GB Edition,""Kepler GK104-425-A2"",""Nvidia"",2013,2048,224.4,256,1753"
"GeForce GTX 770 Galaxy HOF 2GB Edition,""Kepler GK104-425-A2"",""Nvidia"",2013,2048,224.4,256,1753"
"GeForce GTX 770 Gainward Phantom Edition,""Kepler GK104-425-A2"",""Nvidia"",2013,2048,224.3,256,1752"
"GeForce GTX 770 Gainward 2GB Edition,""Kepler GK104-425-A2"",""Nvidia"",2013,2048,224.3,256,1752"
"GeForce GTX 770 EVGA W/ ACX Edition,""Kepler GK104-425-A2"",""Nvidia"",2013,2048,218,256,1703"
"GeForce GTX 770 EVGA SC W/ ACX Edition SLI,""Kepler GK104-425-A2 (x2)"",""Nvidia"",2013,4096,436,256,1703"
"GeForce GTX 770 EVGA SC W/ ACX Edition,""Kepler GK104-425-A2"",""Nvidia"",2013,2048,218,256,1703"
"GeForce GTX 770 Galaxy GC 2GB Edition,""Kepler GK104-425-A2"",""Nvidia"",2013,2048,218,256,1703"
"GeForce GTX 770 EVGA Superclocked Edition,""Kepler GK104-425-A2"",""Nvidia"",2013,2048,224.4,256,1753"
"GeForce GTX 770 EVGA Dual SC W/ ACX 4GB Edition,""Kepler GK104-425-A2"",""Nvidia"",2013,4096,217.9,256,1702"
"GeForce GTX 770 EVGA SC Edition,""Kepler GK104-425-A2"",""Nvidia"",2013,2048,218,256,1703"
"GeForce GTX 770 EVGA 4GB Classified Edition SLI,""Kepler GK104"",""Nvidia"",2013,6144,448.8,256,1753"
"GeForce GTX 950 LP 2GB,""Maxwell GM206-251-A1"",""Nvidia"",2016,2048,105.8,128,1653"
"GeForce GTX 770 EVGA 4GB Classified Edition,""Kepler GK104-425-A2"",""Nvidia"",2013,4096,224.4,256,1753"
"GeForce GTX 780 Asus ROG POSEIDON Edition,""Kepler GK110-300-A1"",""Nvidia"",2013,3072,288.4,384,1502"
"GeForce GTX 770 Gainward Phantom 4GB Edition,""Kepler GK104-425-A2"",""Nvidia"",2013,4096,224.3,256,1752"
"GeForce GTX 950 LP Asus 2GB Edition,""Maxwell GM206-251-A1"",""Nvidia"",2016,2048,105.8,128,1653"
"GeForce GTX 950 Inno3D iChill 2GB Edition,""Maxwell GM206-250"",""Nvidia"",2015,2048,108.8,128,1700"
"GeForce GTX 950 LP MSI OC v2 2GB Edition,""Maxwell GM206-251-A1"",""Nvidia"",2016,2048,105.8,128,1653"
"GeForce GTX 950 Inno3D OC 2GB Edition,""Maxwell GM206-250"",""Nvidia"",2015,2048,105.8,128,1653"
"GeForce GTX 950 Galax KFA2 OC 2GB Edition,""Maxwell GM206-250"",""Nvidia"",2015,2048,105.8,128,1653"
"GeForce GTX 950 Inno3D iChill Ultra 2GB Edition,""Maxwell GM206-250"",""Nvidia"",2015,2048,108.8,128,1700"
"GeForce GTX 950 Gigabyte WindForce 2X OC 2GB Edition,""Maxwell GM206-250"",""Nvidia"",2015,2048,105.8,128,1653"
"GeForce GTX 950 Gigabyte OC 2GB Edition,""Maxwell GM206-250"",""Nvidia"",2015,2048,105.8,128,1653"
"GeForce GTX 950 Gigabyte XTREME Gaming 2GB Edition,""Maxwell GM206-250"",""Nvidia"",2015,2048,112,128,1750"
"GeForce GTX 950 EVGA Superclocked+ ACX 2.0 2GB Edition,""Maxwell GM206-250"",""Nvidia"",2015,2048,105.8,128,1653"
"GeForce GTX 950 Galax KFA2 EX OC White 2GB Edition,""Maxwell GM206-250"",""Nvidia"",2015,2048,107.7,128,1683"
"GeForce GTX 950 EVGA SSC ACX 2.0 2GB Edition,""Maxwell GM206-250"",""Nvidia"",2015,2048,105.8,128,1653"
"GeForce GTX 950 Asus OC 2GB Edition,""Maxwell GM206-250"",""Nvidia"",2015,2048,105.8,128,1653"
"GeForce GTX 950 EVGA Superclocked 2.0 2GB Edition,""Maxwell GM206-250"",""Nvidia"",2015,2048,105.8,128,1653"
"GeForce GTX 950 Asus DirectCU II OC Strix Gaming 2GB Edition,""Maxwell GM206-250"",""Nvidia"",2015,2048,105.8,128,1653"
"GeForce GTX 950 Gainward 2GB Edition,""Maxwell GM206-250"",""Nvidia"",2015,2048,105.8,128,1653"
"GeForce GTX 950 Asus Mini 2GB Edition,""Maxwell GM206-250"",""Nvidia"",2015,2048,105.8,128,1653"
"GeForce GTX 950 2GB SLI,""Maxwell GM206-250 (x2)"",""Nvidia"",2015,4096,211.6,128,1653"
"GeForce GTX 950 2GB,""Maxwell GM206-250"",""Nvidia"",2015,2048,105.8,128,1653"
"GeForce GTX 770 DirectCU II 2GB OC Edition SLI,""Kepler GK104-425-A2 (x2)"",""Nvidia"",2013,4096,448.8,256,1753"
"GeForce GT 940 2GB [not released],""Maxwell GM???"",""Nvidia"",2016,2048,80,128,1250"
"GeForce GTX 760 Zotac OC Edition,""Kepler GK104-225-A2"",""Nvidia"",2013,2048,192.3,256,1502"
"GeForce GTX 770,""Kepler GK104-425-A2"",""Nvidia"",2013,2048,224.3,256,1752"
"GeForce GTX 950 EVGA FTW ACX 2.0 2GB Edition,""Maxwell GM206-250"",""Nvidia"",2015,2048,105.8,128,1653"
"GeForce GTX 760 Zotac AMP! Edition,""Kepler GK104-225-A2"",""Nvidia"",2013,2048,192.3,256,1502"
"GeForce GTX 770 DirectCU II 4GB OC Edition,""Kepler GK104-425-A2"",""Nvidia"",2013,4096,224.4,256,1753"
"GeForce GTX 760 Zotac 2GB Edition,""Kepler GK104-225-A2"",""Nvidia"",2013,2048,192.3,256,1502"
"GeForce GTX 760 Zotac 4GB Edition,""Kepler GK104-225-A2"",""Nvidia"",2013,4096,192.3,256,1502"
"GeForce GTX 760 WindForce 3X OC Edition,""Kepler GK104-225-A2"",""Nvidia"",2013,2048,192.3,256,1502"
"GeForce GTX 760 WindForce 3X OC 4GB Edition,""Kepler GK104-225-A2"",""Nvidia"",2013,4096,192.3,256,1502"
"GeForce GTX 760 WinFast Dual Fan OC 2GB Edition,""Kepler GK104-225-A2"",""Nvidia"",2013,2048,198.7,256,1552"
"GeForce GTX 760 WindForce 2X OC 2GB Edition,""Kepler GK104-225-A2"",""Nvidia"",2014,2048,192.3,256,1502"
"GeForce GTX 770 MSI 2GB OC Edition,""Kepler GK104-425-A2"",""Nvidia"",2013,2048,224.4,256,1753"
"GeForce GTX 760 Ti (OEM),""Kepler GK104-325-A2"",""Nvidia"",2013,2048,192.3,256,1502"
"GeForce GTX 760 WinFast Dual Fan OC 4GB Edition,""Kepler GK104-225-A2"",""Nvidia"",2013,4096,198.7,256,1552"
"GeForce GTX 760 Palit JetStream 4GB Edition,""Kepler GK104-225-A2"",""Nvidia"",2013,4096,198.4,256,1550"
"GeForce GTX 760 MSI TwinFrozr OC 2GB Edition,""Kepler GK104-225-A2"",""Nvidia"",2013,2048,192.3,256,1502"
"GeForce GTX 760 MSI TwinFrozr Gaming Edition,""Kepler GK104-225-A2"",""Nvidia"",2013,2048,192.3,256,1502"
"GeForce GTX 760 MSI TwinFrozr Gaming OC Edition,""Kepler GK104-225-A2"",""Nvidia"",2013,2048,192.3,256,1502"
"GeForce GTX 770 Asus ROG Poseidon 2GB Edition,""Kepler GK104-425-A2"",""Nvidia"",2013,4096,224.4,256,1753"
"GeForce GTX 760 MSI OC 2GB Edition,""Kepler GK104-225-A2"",""Nvidia"",2013,2048,192.3,256,1502"
"GeForce GTX 760 MSI TwinFrozr Gaming OC 4GB Edition,""Kepler GK104-225-A2"",""Nvidia"",2013,4096,192.3,256,1502"
"GeForce GTX 770 DirectCU II 2GB OC Edition,""Kepler GK104-425-A2"",""Nvidia"",2013,2048,224.4,256,1753"
"GeForce GTX 760 KFA2 EX OC 2GB Edition,""Kepler GK104-225-A2"",""Nvidia"",2013,2048,192.3,256,1502"
"GeForce GTX 760 KFA2 EX OC 4GB Edition,""Kepler GK104-225-A2"",""Nvidia"",2013,4096,192.3,256,1502"
"GeForce GTX 760 Gainward Phantom 4GB Edition,""Kepler GK104-225-A2"",""Nvidia"",2013,4096,192.3,256,1502"
"GeForce GTX 760 Galaxy GC 2GB Edition,""Kepler GK104-225-A2"",""Nvidia"",2013,2048,192.3,256,1502"
"GeForce GTX 760 EVGA W/ ACX 2GB Edition,""Kepler GK104-225-A2"",""Nvidia"",2013,2048,192.3,256,1502"
"GeForce GTX 760 MSI Gaming ITX 2GB Edition,""Kepler GK104-225-A2"",""Nvidia"",2013,2048,192.3,256,1502"
"GeForce GTX 760 Gainward Phantom 2GB Edition,""Kepler GK104-225-A2"",""Nvidia"",2013,2048,198.4,256,1550"
"GeForce GTX 760 Gainward 2GB Edition,""Kepler GK104-225-A2"",""Nvidia"",2013,2048,192.3,256,1502"
"GeForce GTX 760 Inno3D OC 2GB Edition,""Kepler GK104-225-A2"",""Nvidia"",2013,2048,192.3,256,1502"
"GeForce GTX 760 EVGA SC W/ ACX 2GB Edition,""Kepler GK104-225-A2"",""Nvidia"",2013,2048,192.3,256,1502"
"GeForce GTX 760 EVGA SC 2GB Edition,""Kepler GK104-225-A2"",""Nvidia"",2013,2048,192.3,256,1502"
"GeForce GTX 760 EVGA SC W/ ACX 4GB Edition,""Kepler GK104-225-A2"",""Nvidia"",2013,4096,192.3,256,1502"
"GeForce GTX 760 MSI Hawk Edition,""Kepler GK104-225-A2"",""Nvidia"",2013,2048,192.3,256,1502"
"GeForce GTX 760 EVGA 4GB Edition,""Kepler GK104-225-A2"",""Nvidia"",2013,4096,192.3,256,1502"
"GeForce GTX 760 PNY Enthusiast OC Edition,""Kepler GK104-225-A2"",""Nvidia"",2013,2048,198.7,256,1552"
"GeForce GT 930 2GB [not released],""Maxwell GM???"",""Nvidia"",2016,2048,16,64,1000"
"GeForce GTX 760 Asus DirectCU II OC Edition,""Kepler GK104-225-A2"",""Nvidia"",2013,2048,192.3,256,1502"
"GeForce GTX 760 EVGA Dual 4GB FTW w/ ACX Edition,""Kepler GK104-225-A2"",""Nvidia"",2013,4096,192.3,256,1502"
"GeForce GTX 760 Asus DC Mini Edition,""Kepler GK104-225-A2"",""Nvidia"",2013,2048,192.3,256,1502"
"GeForce GTX 760 Asus DirectCU II TOP SSU Edition,""Kepler GK104-225-A2"",""Nvidia"",2013,2048,192.3,256,1502"
"GeForce GTX 760 Asus ROG MARS Edition,""Kepler GK104"",""Nvidia"",2013,4096,384.5,256,1502"
"GeForce GTX 760 3GB (OEM),""Kepler GK104-200-KD-A2"",""Nvidia"",2013,3072,134.4,192,1400"
"GeForce GTX 760 Asus ROG Striker Platinum Edition,""Kepler GK104-225-A2"",""Nvidia"",2014,4096,192.3,256,1502"
"GeForce GTX 760 1.5GB (OEM),""Kepler GK104-200-KD-A2"",""Nvidia"",2013,1536,134.4,192,1400"
"GeForce GTX 750 Zotac 1GB Edition,""Maxwell GM107-300-A2"",""Nvidia"",2014,1024,80,128,1250"
"GeForce GTX 750 Zotac 2GB Edition,""Maxwell GM107-300-A2"",""Nvidia"",2014,2048,80,128,1250"
"GeForce GTX 750 Ti Zotac 1GB Edition,""Maxwell GM107-400-A2"",""Nvidia"",2014,1024,86.4,128,1350"
"GeForce GTX 750 Ti Zotac Thunderbolt 2GB Edition,""Maxwell GM107-400-A2"",""Nvidia"",2014,2048,96.1,128,1502"
"GeForce GTX 760,""Kepler GK104-225-A2"",""Nvidia"",2013,2048,192.3,256,1502"
"GeForce GTX 750 Zotac Thunderbolt 1GB Edition,""Maxwell GM107-300-A2"",""Nvidia"",2014,1024,86.4,128,1350"
"GeForce GTX 750 Ti PNY Performance OC 2GB Edition,""Maxwell GM107-400-A2"",""Nvidia"",2014,2048,96.1,128,1502"
"GeForce GTX 750 Ti Zotac 2GB Edition,""Maxwell GM107-400-A2"",""Nvidia"",2014,2048,86.4,128,1350"
"GeForce GTX 750 Ti Zotac OC 2GB Edition,""Maxwell GM107-400-A2"",""Nvidia"",2014,2048,86.4,128,1350"
"GeForce GTX 750 Ti Palit StormX OC 2GB Edition,""Maxwell GM107-400-A2"",""Nvidia"",2014,2048,88,128,1375"
"GeForce GTX 750 Ti Palit StormX Dual 2GB Edition,""Maxwell GM107-400-A2"",""Nvidia"",2014,2048,96.1,128,1502"
"GeForce GTX 750 Ti MSI OC 2GB Edition,""Maxwell GM107-400-A2"",""Nvidia"",2014,2048,86.4,128,1350"
"GeForce GTX 750 Ti MSI OC v1 2GB Edition,""Maxwell GM107-400-A2"",""Nvidia"",2014,2048,86.4,128,1350"
"GeForce GTX 750 Ti Inno3D OC 2GB Edition,""Maxwell GM107-400-A2"",""Nvidia"",2014,2048,86.4,128,1350"
"GeForce GTX 750 Ti MSI Low Profile 2GB Edition,""Maxwell GM107-400-A2"",""Nvidia"",2014,2048,86.4,128,1350"
"GeForce GTX 750 Ti KFA2 OC 2GB Edition,""Maxwell GM107-400-A2"",""Nvidia"",2014,2048,86.4,128,1350"
"GeForce GTX 750 Ti Gigabyte WindForce 2X 2GB Black Edition,""Maxwell GM107-400-A2"",""Nvidia"",2014,2048,86.4,128,1350"
"GeForce GTX 750 Ti MSI Gaming 2GB Edition,""Maxwell GM107-400-A2"",""Nvidia"",2014,2048,86.4,128,1350"
"GeForce GTX 750 Ti Gigabyte WindForce 2X OC 4GB Edition,""Maxwell GM107-400-A2"",""Nvidia"",2015,4096,86.4,128,1350"
"GeForce GTX 750 Ti Gigabyte OC 2GB Edition,""Maxwell GM107-400-A2"",""Nvidia"",2014,2048,86.4,128,1350"
"GeForce GTX 750 Ti Gigabyte WindForce 2X OC 2GB Edition,""Maxwell GM107-400-A2"",""Nvidia"",2014,2048,86.4,128,1350"
"GeForce GTX 750 Ti Gigabyte OC 1GB Edition,""Maxwell GM107-400-A2"",""Nvidia"",2014,2048,86.4,128,1350"
"GeForce GTX 750 Ti Gigabyte Low Profile OC 2GB Edition,""Maxwell GM107-400-A2"",""Nvidia"",2014,2048,86.4,128,1350"
"GeForce GTX 750 Ti Galaxy OC 2GB Edition,""Maxwell GM107-400-A2"",""Nvidia"",2014,2048,86.4,128,1350"
"GeForce GTX 750 Ti Galaxy GC 2GB Edition,""Maxwell GM107-400-A2"",""Nvidia"",2014,2048,86.4,128,1350"
"GeForce GTX 760 SLI,""Kepler GK104-225-A2 (x2)"",""Nvidia"",2013,4096,384.5,256,1502"
"GeForce GTX 750 Ti Gainward Golden Sample 2GB Edition,""Maxwell GM107-400-A2"",""Nvidia"",2014,2048,96.1,128,1502"
"GeForce GTX 750 Ti EVGA FTW W/ ACX 2GB Edition,""Maxwell GM107-400-A2"",""Nvidia"",2014,2048,86.4,128,1350"
"GeForce GTX 750 Ti EVGA SuperClocked 2GB Edition,""Maxwell GM107-400-A2"",""Nvidia"",2014,2048,86.4,128,1350"
"GeForce GTX 750 Ti Gainward 2GB Edition,""Maxwell GM107-400-A2"",""Nvidia"",2014,2048,88,128,1375"
"GeForce GTX 750 Ti Asus Strix 2GB Edition,""Maxwell GM107-400-A2"",""Nvidia"",2014,2048,86.4,128,1350"
"GeForce GTX 750 Ti EVGA 2GB Edition,""Maxwell GM107-400-A2"",""Nvidia"",2014,2048,86.4,128,1350"
"GeForce GTX 750 Ti EVGA W/ ACX 2GB Edition,""Maxwell GM107-400-A2"",""Nvidia"",2014,2048,86.4,128,1350"
"GeForce GTX 750 Ti Asus 2GB Edition,""Maxwell GM107-400-A2"",""Nvidia"",2014,2048,86.4,128,1350"
"GeForce GTX 750 Ti Asus PH 2GB Edition,""Maxwell GM107-400-A2"",""Nvidia"",2014,2048,86.4,128,1350"
"GeForce GTX 750 Palit StormX OC 1GB Edition,""Maxwell GM107-300-A2"",""Nvidia"",2014,1024,81.6,128,1275"
"GeForce GTX 750 Ti,""Maxwell GM107-400-A2"",""Nvidia"",2014,2048,86.4,128,1350"
"GeForce GTX 750 Ti Asus OC 2GB Edition,""Maxwell GM107-400-A2"",""Nvidia"",2014,2048,86.4,128,1350"
"GeForce GTX 750 Sparkle 1GB Edition,""Maxwell GM107-300-A2"",""Nvidia"",2014,1024,80.2,128,1253"
"GeForce GTX 750 Ti Asus Strix OC 2GB Edition,""Maxwell GM107-400-A2"",""Nvidia"",2014,2048,86.4,128,1350"
"GeForce GTX 750 Palit KalmX 2GB Edition,""Maxwell GM107-300-A2"",""Nvidia"",2014,2048,80,128,1250"
"GeForce GTX 750 Palit StormX 2GB Edition,""Maxwell GM107-300-A2"",""Nvidia"",2014,2048,80,128,1250"
"GeForce GTX 750 MSI OC 2GB Edition,""Maxwell GM107-300-A2"",""Nvidia"",2014,2048,80.2,128,1253"
"GeForce GTX 750 Inno3D 2GB Edition,""Maxwell GM107-300-A2"",""Nvidia"",2014,2048,80,128,1250"
"GeForce GTX 750 MSI Gaming 2GB Edition,""Maxwell GM107-300-A2"",""Nvidia"",2014,2048,80.2,128,1253"
"GeForce GTX 750 MSI OC 1GB Edition,""Maxwell GM107-300-A2"",""Nvidia"",2014,1024,80.2,128,1253"
"GeForce GTX 750 Ti Asus Strix DirectCU II OC 4GB Edition,""Maxwell GM107-400-A2"",""Nvidia"",2015,4096,86.4,128,1350"
"GeForce GTX 760 Palit JetStream 2GB Edition,""Kepler GK104-225-A2"",""Nvidia"",2013,2048,198.4,256,1550"
"GeForce GTX 750 Gigabyte OC 1GB Edition,""Maxwell GM107-300-A2"",""Nvidia"",2014,1024,80.2,128,1253"
"GeForce GTX 750 EVGA Superclocked 1GB Edition,""Maxwell GM107-300-A2"",""Nvidia"",2014,1024,80.2,128,1253"
"GeForce GTX 750 Galaxy Slim OC 1GB Edition,""Maxwell GM107-300-A2"",""Nvidia"",2014,1024,80,128,1250"
"GeForce GTX 750 MSI Gaming 1GB Edition,""Maxwell GM107-300-A2"",""Nvidia"",2014,1024,80.2,128,1253"
"GeForce GTX 750 Gigabyte OC 2GB Edition,""Maxwell GM107-300-A2"",""Nvidia"",2014,2048,80.2,128,1253"
"GeForce GTX 750 EVGA Superclocked 2GB Edition,""Maxwell GM107-300-A2"",""Nvidia"",2014,2048,80.2,128,1253"
"GeForce GTX 750 Gainward 1GB Edition,""Maxwell GM107-300-A2"",""Nvidia"",2014,1024,81.6,128,1275"
"GeForce GTX 750 Asus DirectCU Silent 2GB Edition,""Maxwell GM107-300-A2"",""Nvidia"",2014,2048,80,128,1250"
"GeForce GTX 750,""Maxwell GM107-300-A2"",""Nvidia"",2014,1024,80,128,1250"
"GeForce GTX 750 Asus 2GB OC Edition,""Maxwell GM107-300-A2"",""Nvidia"",2014,2048,80.2,128,1253"
"GeForce GTX 745 (OEM),""Maxwell GM107-300-A2"",""Nvidia"",2014,4096,28.8,128,900"
"GeForce GTX 750 Asus 1GB OC Edition,""Maxwell GM107-300-A2"",""Nvidia"",2014,1024,80.2,128,1253"
"GeForce GTX 750 Gainward 2GB Edition,""Maxwell GM107-300-A2"",""Nvidia"",2014,2048,81.6,128,1275"
"GeForce GTX 750 EVGA 2GB Edition,""Maxwell GM107-300-A2"",""Nvidia"",2014,2048,80,128,1250"
"GeForce GT 740 v3 MSI 2GB Edition,""Kepler GK106"",""Nvidia"",2015,2048,80,128,1250"
"GeForce GT 740 v3 Asus Dust Proof Fan OC 2GB Edition,""Kepler GK106"",""Nvidia"",2015,2048,80,128,1250"
"GeForce GT 740 v2 Inno3D iChill HerculeZ 2000 1GB Edition,""Kepler GK107-425-A2"",""Nvidia"",2014,2048,83.2,128,1300"
"GeForce GT 740 v3,""Kepler GK106"",""Nvidia"",2015,1024,80,128,1250"
"GeForce GT 740 v2 Inno3D HerculeZ OC 2GB Edition,""Kepler GK107-425-A2"",""Nvidia"",2014,2048,80,128,1250"
"GeForce GT 740 v2 Gainward Golden Sample 2GB Edition,""Kepler GK107-425-A2"",""Nvidia"",2014,2048,80,128,1250"
"GeForce GT 740 v2 Gainward Golden Sample 1GB Edition,""Kepler GK107-425-A2"",""Nvidia"",2014,1024,80,128,1250"
"GeForce GT 740 v2 Gainward 2GB Edition,""Kepler GK107-425-A2"",""Nvidia"",2014,2048,80,128,1250"
"GeForce GT 740 v2 Inno3D HerculeZ OC 1GB Edition,""Kepler GK107-425-A2"",""Nvidia"",2014,1024,80,128,1250"
"GeForce GT 740 v2 Gigabyte OC 2GB Edition,""Kepler GK107-425-A2"",""Nvidia"",2014,2048,80,128,1250"
"GeForce GT 740 v2 EVGA Superclocked 1GB Edition,""Kepler GK107-425-A2"",""Nvidia"",2014,1024,80,128,1250"
"GeForce GT 740 v2 EVGA Superclocked 4GB Edition,""Kepler GK107-425-A2"",""Nvidia"",2014,4096,80,128,1250"
"GeForce GT 740 v2 Gainward 1GB Edition,""Kepler GK107-425-A2"",""Nvidia"",2014,1024,80,128,1250"
"GeForce GT 740 v2 EVGA FTW 2GB Edition,""Kepler GK107-425-A2"",""Nvidia"",2014,2048,80,128,1250"
"GeForce GT 740 v2 EVGA Superclocked 2GB Edition,""Kepler GK107-425-A2"",""Nvidia"",2014,2048,80,128,1250"
"GeForce GT 740 v2 Asus OC 1GB Edition,""Kepler GK107-425-A2"",""Nvidia"",2014,1024,80,128,1250"
"GeForce GT 740 v2 EVGA FTW 1GB Edition,""Kepler GK107-425-A2"",""Nvidia"",2014,1024,80,128,1250"
"GeForce GT 740 Gainward One-Slot Cooler 2GB Edition,""Kepler GK107-425-A2"",""Nvidia"",2014,2048,28.5,128,891"
"GeForce GT 740 Gainward One-Slot Cooler 1GB Edition,""Kepler GK107-425-A2"",""Nvidia"",2014,1024,28.5,128,891"
"GeForce GT 740 EVGA Superclocked SS 4GB Edition,""Kepler GK107-425-A2"",""Nvidia"",2014,4096,21.3,128,667"
"GeForce GT 740 EVGA Superclocked DS 4GB Edition,""Kepler GK107-425-A2"",""Nvidia"",2014,4096,28.5,128,891"
"GeForce GT 740 v2 Asus OC 2GB Edition,""Kepler GK107-425-A2"",""Nvidia"",2014,2048,80,128,1250"
"GeForce GT 740 v2,""Kepler GK107-425-A2"",""Nvidia"",2014,1024,80,128,1250"
"GeForce GT 740 EVGA Superclocked DS 2GB Edition,""Kepler GK107-425-A2"",""Nvidia"",2014,2048,28.5,128,891"
"GeForce GT 740 EVGA Superclocked SS 2GB Edition,""Kepler GK107-425-A2"",""Nvidia"",2014,2048,21.3,128,667"
"GeForce GT 740,""Kepler GK107-425-A2"",""Nvidia"",2014,2048,28.8,128,900"
"GeForce GT 740 Asus 2GB Edition,""Kepler GK107-425-A2"",""Nvidia"",2014,2048,28.5,128,891"
"GeForce GT 730 v3 MSI 4GB Edition,""Fermi GF108-400-A1"",""Nvidia"",2014,4096,16,128,500"
"GeForce GT 730 v3 Palit 2GB Edition,""Fermi GF108-400-A1"",""Nvidia"",2014,2048,28.8,128,900"
"GeForce GT 730 v3 Zotac 4GB Edition,""Fermi GF108-400-A1"",""Nvidia"",2014,4096,17.1,128,533"
"GeForce GTX 750 Gigabyte OC Low Profile 2GB Edition,""Maxwell GM107-300-A2"",""Nvidia"",2014,2048,80.2,128,1253"
"GeForce GT 730 v3 Gigabyte 2GB Edition,""Fermi GF108-400-A1"",""Nvidia"",2014,2048,28.8,128,900"
"GeForce GT 730 v3 Inno3D 2GB Edition,""Fermi GF108-400-A1"",""Nvidia"",2014,2048,21.3,128,667"
"GeForce GT 730 v3 MSI 2GB Edition,""Fermi GF108-400-A1"",""Nvidia"",2014,2048,21.3,128,667"
"GeForce GT 730 v3 Biostar OC 2GB Edition,""Fermi GF108-400-A1"",""Nvidia"",2014,2048,17.1,128,533"
"GeForce GT 730 v3 Gainward 1GB Edition,""Fermi GF108-400-A1"",""Nvidia"",2014,1024,28.8,128,900"
"GeForce GT 730 v3 Asus 2GB Edition,""Fermi GF108-400-A1"",""Nvidia"",2014,2048,28.8,128,900"
"GeForce GT 730 v3 Asus 4GB Edition,""Fermi GF108-400-A1"",""Nvidia"",2014,4096,28.8,128,900"
"GeForce GT 730 v2 MSI OC 2GB Edition,""Kepler GK208-301-A1"",""Nvidia"",2014,2048,40.1,64,1253"
"GeForce GT 730 v2 Zotac 2GB Edition,""Kepler GK208-301-A1"",""Nvidia"",2014,2048,40,64,1250"
"GeForce GT 730 v2 Inno3D Low Profile 2GB Edition,""Kepler GK208-301-A1"",""Nvidia"",2014,2048,40.1,64,1253"
"GeForce GT 730 v2 Zotac 1GB Edition,""Kepler GK208-301-A1"",""Nvidia"",2014,1024,40.1,64,1253"
"GeForce GT 730 v2 MSI OC 1GB Edition,""Kepler GK208-301-A1"",""Nvidia"",2014,1024,40.1,64,1253"
"GeForce GT 730 v2 Gigabyte Rev 1.0 2GB Edition,""Kepler GK208-301-A1"",""Nvidia"",2014,2048,40,64,1250"
"GeForce GT 730 v2 Gigabyte OC 1GB Edition,""Kepler GK208-301-A1"",""Nvidia"",2015,1024,40.1,64,1253"
"GeForce GT 730 Asus Silent 2GB Edition,""Kepler GK208"",""Nvidia"",2014,2048,14.4,64,900"
"GeForce GT 730 v2,""Kepler GK208-301-A1"",""Nvidia"",2014,1024,40,64,1250"
"GeForce GT 730 Asus Silent 1GB Edition,""Kepler GK208"",""Nvidia"",2014,1024,14.4,64,900"
"GeForce GT 730 v2 Inno3D Low Profile 1GB Edition,""Kepler GK208-301-A1"",""Nvidia"",2014,1024,40.1,64,1253"
"GeForce GT 730 v3,""Fermi GF108-400-A1"",""Nvidia"",2014,1024,28.8,128,900"
"GeForce GT 730 v2 Gigabyte Rev 2.0 2GB Edition,""Kepler GK208-301-A1"",""Nvidia"",2014,2048,40,64,1250"
"GeForce GT 730 Afox Low Profile 4GB Edition,""Kepler GK208"",""Nvidia"",2014,4096,14.4,64,902"
"GeForce GT 730 v2 EVGA Low Profile 2GB Edition,""Kepler GK208-301-A1"",""Nvidia"",2014,2048,40,64,1250"
"GeForce GT 720 v2,""Kepler GK208"",""Nvidia"",2014,1024,40,64,1250"
"GeForce GT 720 v2 MSI 2GB Edition,""Kepler GK208"",""Nvidia"",2014,2048,40,64,1250"
"GeForce GT 730,""Kepler GK208"",""Nvidia"",2014,2048,14.4,64,900"
"GeForce2 Ultra,""NV16"",""Nvidia"",2000,64,3.7,128,230"
"GeForce GT 710 v2,""Kepler GK208"",""Nvidia"",2016,2048,14.4,64,900"
"GeForce GT 710,""Fermi GF119-300-A1"",""Nvidia"",2014,1024,14.4,64,898"
"GeForce GT 720,""Kepler GK208"",""Nvidia"",2014,1024,14.4,64,900"
"GeForce 2 MX 64MB,""NV11"",""Nvidia"",2000,64,2.7,128,166"
"GeForce 2 MX 400 64MB,""NV11"",""Nvidia"",2001,64,1.3,64,166"
"GeForce GT 710 v2 EVGA Low Profile 2GB Edition,""Kepler GK208"",""Nvidia"",2016,2048,14.4,64,900"
"GeForce2 Ti,""NV15"",""Nvidia"",2001,64,3.2,128,200"
"GeForce2 GTS,""NV15"",""Nvidia"",2000,32,2.7,128,166"
"GeForce FX 5700 Ultra,""NV36"",""Nvidia"",2003,256,14.4,128,450"
"GeForce 2 MX 100/200 32MB,""NV11"",""Nvidia"",2001,32,1.3,64,166"
"GeForce FX 5900 Ultra,""NV35"",""Nvidia"",2003,256,13.6,256,425"
"GeForce FX 5700 VE,""NV36"",""Nvidia"",2003,256,3.2,128,200"
"GeForce FX 5700,""NV36"",""Nvidia"",2003,256,4,128,250"
"GeForce FX 5600 XT,""NV31"",""Nvidia"",2003,128,3.2,128,200"
"GeForce FX 5500,""NV34B"",""Nvidia"",2004,256,3.2,128,200"
"GeForce FX 5700 LE,""NV36"",""Nvidia"",2004,128,3.2,128,200"
"GeForce FX 5600 Ultra,""NV31"",""Nvidia"",2003,128,5.6,128,350"
"GeForce FX 5200,""NV34"",""Nvidia"",2003,128,3.2,128,200"
"GeForce4 Ti 4400,""NV25"",""Nvidia"",2002,128,4.4,128,275"
"GeForce4 Ti 4600,""NV25"",""Nvidia"",2002,128,5.2,128,325"
"GeForce GT 710 v2 EVGA Passive 2GB Edition,""Kepler GK208"",""Nvidia"",2016,2048,14.4,64,900"
"GeForce4 MX 460,""NV17"",""Nvidia"",2002,128,4.4,128,275"
"GeForce4 MX 420,""NV17"",""Nvidia"",2002,64,1.3,64,166"
"GeForce 4 MX 440,""NV17"",""Nvidia"",2002,128,3.2,128,200"
"GeForce4 Ti 4200,""NV25"",""Nvidia"",2002,128,1.8,64,222"
"GeForce 4 MX 440 AGP 8X,""NV18"",""Nvidia"",2002,128,4.4,128,275"
"GeForce 6800 GS,""NV40/NV42"",""Nvidia"",2005,256,32,256,500"
"GeForce 4 MX 4000,""NV18"",""Nvidia"",2003,128,1.3,64,166"
"GeForce 6600 GT 256MB,""NV43"",""Nvidia"",2004,256,16,128,500"
"GeForce 6800 GT Leadtek Edition,""NV40/NV45"",""Nvidia"",2004,256,32,256,500"
"GeForce 6600 LE,""NV43"",""Nvidia"",2004,256,3.2,128,200"
"GeForce 6800 GT,""NV45"",""Nvidia"",2004,256,32,256,500"
"GeForce 6600 GT,""NV43"",""Nvidia"",2004,128,15.2,128,475"
"GeForce 6500,""NV44"",""Nvidia"",2005,256,5.3,128,333"
"GeForce 6200 LE,""NV44"",""Nvidia"",2005,256,2.1,64,266"
"GeForce2 Pro,""NV15"",""Nvidia"",2000,32,3.2,128,200"
"GeForce 6600,""NV43"",""Nvidia"",2004,256,4.4,128,275"
"GeForce 6200 TurboCache,""NV44"",""Nvidia"",2005,128,2.8,64,350"
"GeForce 6150 SE / nForce 430 64MB DDR3,""MCP61"",""Nvidia"",2010,256,8.5,64,533"
"GeForce 6150 LE,""C51"",""Nvidia"",2004,512,105.8,128,1150"
"GeForce 6150 SE nForce 430,""MCP61"",""Nvidia"",2006,512,105.8,128,1150"
"GeForce 6150 SE 256MB,""MCP61"",""Nvidia"",2006,2048,105.8,128,1150"
"GeForce 6100 nForce 405,""MCP51"",""Nvidia"",2005,64,105.8,128,1150"
"GeForce 6100,""MCP51"",""Nvidia"",2005,64,105.8,128,1150"
"GeForce 6200,""NV43"",""Nvidia"",2004,256,8.8,128,275"
